id,summary
tifu-test-00001,"i tried to get a girl, ended up my mom's house."
tifu-test-00002,"tried to get a girl, got caught up with my face."
tifu-test-00003,"i tried to get a girl and got caught my girlfriend, but i was going out of the house."
tifu-test-00004,"i tried to use a new car, and got stuck up my house."
tifu-test-00005,"tried to get a girl, got caught up with the bathroom."
tifu-test-00006,i went to get a party and got caught my mom's house.
tifu-test-00007,"i tried to get a new door, ended up my house."
tifu-test-00008,"i told my friend was a guy, he didn't tell me to get him."
tifu-test-00009,"i got a new job of my car, now i'm busy to get the same day."
tifu-test-00010,"i went to get a little girl, got caught it was going out of the school."
tifu-test-00011,"tried to get a girl, got caught up with my girlfriend."
tifu-test-00012,i tried to get a new computer of my school.
tifu-test-00013,"i was a wrong of my friend's school,"
tifu-test-00014,"i tried to get a doctor, got stuck up with the hospital."
tifu-test-00015,"i was a joke of my friend,"
tifu-test-00016,"i tried to get a toilet, ended up my bathroom and got shit."
tifu-test-00017,"i tried to get a shower, ended up my mom's house."
tifu-test-00018,i tried to get a guy with my friend.
tifu-test-00019,"i went to get a girl, got caught up in the bathroom."
tifu-test-00020,"i tried to get a girl, got drunk with my girlfriend."
tifu-test-00021,"i tried to get a new car, got stuck up the road."
tifu-test-00022,"i tried to make my house, got a fire and ended up the door."
tifu-test-00023,"i tried to get a bar of my boss, got stuck up out."
tifu-test-00024,"i tried to get a kid, but i didn't go out of the school."
tifu-test-00025,i tried to get a penis.
tifu-test-00026,"i tried to get a toilet, got caught my bathroom and ended up the shower."
tifu-test-00027,"i went to get a few day, got caught up my house."
tifu-test-00028,"i tried to get a new car, got stuck up the first time of my house."
tifu-test-00029,"i was a girl, i didn't know it's mom."
tifu-test-00030,"i was a wrong of my phone, got stuck up the train."
tifu-test-00031,"i tried to get a girl, got caught my girlfriend."
tifu-test-00032,i tried to get a shower and ended up my face.
tifu-test-00033,"i tried to get a new job, got stuck up my phone."
tifu-test-00034,"i tried to get a guy, got caught the police of my house."
tifu-test-00035,"i tried to get a new car, got stuck up my car."
tifu-test-00036,"i tried to get a car, got caught out of the road."
tifu-test-00037,"i went to get a girl, got caught up with my friend."
tifu-test-00038,"i was going to get a new car, but i didn't know it."
tifu-test-00039,"tried to get a girl, ended up my penis."
tifu-test-00040,"i tried to get a girl, i didn't know my mom's school."
tifu-test-00041,"i tried to get a kid, got caught my friend and ended up the school."
tifu-test-00042,"i tried to get a guy, i was stuck up my nose."
tifu-test-00043,"i tried to get a little dog, got stuck up my car."
tifu-test-00044,"i tried to get a new computer, got stuck up my phone."
tifu-test-00045,"i got a job of my boss, and i didn't get the work."
tifu-test-00046,"tried to get a girl, ended up my sister's house."
tifu-test-00047,tried to get a game of the movie.
tifu-test-00048,i tried to play a movie of the theater and ended up out.
tifu-test-00049,i tried to get a new phone of my wallet.
tifu-test-00050,i tried to get a picture of my friend's house.
tifu-test-00051,"i was a cat of my dog, i didn't be the house."
tifu-test-00052,i got a job for my boss.
tifu-test-00053,"tried to get a school, got caught up with my friend."
tifu-test-00054,"i tried to get a girl, got drunk with my girlfriend."
tifu-test-00055,tried to get a shower.
tifu-test-00056,"i tried to get a room, ended up my house."
tifu-test-00057,i was a joke of my boss and i didn't be an job.
tifu-test-00058,"i tried to get a girl, i didn't eat up my mom."
tifu-test-00059,i tried to get a girl.
tifu-test-00060,"tried to get a girl, ended up my penis."
tifu-test-00061,"i went to get a girl, got caught my friend and ended up the first day."
tifu-test-00062,"tried to get a girl, got married with my girlfriend."
tifu-test-00063,"i tried to get a girl, got caught my mom's house."
tifu-test-00064,"tried to get a bar, got caught up with the restaurant."
tifu-test-00065,"i was a pissed my bathroom, got caught up in the toilet."
tifu-test-00066,"went to get a girl, got caught my car in the road."
tifu-test-00067,"i didn't read my teacher, ended up the school."
tifu-test-00068,"i went to get a car, got caught the road and ended up my foot."
tifu-test-00069,"i tried to get a new phone, but i was stuck up my mom's house."
tifu-test-00070,"tried to get a girl, ended up my room in the bathroom."
tifu-test-00071,"i tried to eat my nose,"
tifu-test-00072,"i tried to get a girl, got caught my house."
tifu-test-00073,"i tried to play a game, got stuck up my friend."
tifu-test-00074,i tried to get a guy in the bar of my car.
tifu-test-00075,"i tried to get a bike, got stuck up my car."
tifu-test-00076,"i tried to get a girl, got caught my mom's house."
tifu-test-00077,"i tried to get a bottle of my nose, ended up with the bathroom."
tifu-test-00078,"i tried to get a girl, got caught out of my friend and ended up with the door."
tifu-test-00079,"i tried to get a new school, got caught it was an teacher."
tifu-test-00080,"tried to get a girl, she didn't know it's mom."
tifu-test-00081,"i was a guy of my boss,"
tifu-test-00082,"i tried to get a few day, ended up the hospital."
tifu-test-00083,"i tried to get a girl, but i'm married up my girlfriend."
tifu-test-00084,"tried to get a shower, got caught my foot and ended up the bathroom."
tifu-test-00085,"i tried to get a shower, got my head of the floor."
tifu-test-00086,i went to get a girl and got my mom's house.
tifu-test-00087,"tried to get a water, got stuck up with the floor."
tifu-test-00088,"i got a lot of my house, ended up in the room."
tifu-test-00089,"i went to get drunk, got a bathroom and ended up the toilet."
tifu-test-00090,"i tried to get a school, got drunk and ended up my friend."
tifu-test-00091,"i was going to get a girl, she didn't go out of my girlfriend."
tifu-test-00092,"i tried to get a shower and got my face,"
tifu-test-00093,"i tried to get a car, got stuck up my house."
tifu-test-00094,i was a joke of my friend and i'm going to read the book.
tifu-test-00095,"i was a wrong of my house, got caught to get the bathroom and i didn't go out."
tifu-test-00096,"i tried to get a girl, got caught up with my friend and ended out of the first day."
tifu-test-00097,i didn't go to eat my mom.
tifu-test-00098,"i tried to get a shit and got my nose, but i didn't have go out of the first time."
tifu-test-00099,"i tried to get a new school, i didn't go out of my teacher."
tifu-test-00100,"i tried to get a guy, i was not have be an shit."
tifu-test-00101,i was a guy in my friend and got caught the school.
tifu-test-00102,"i tried to make my nose,"
tifu-test-00103,"i went to get a girl, got caught my house."
tifu-test-00104,"i tried to get a girl with my girlfriend, but i was going out of the date."
tifu-test-00105,"i tried to get a big job, ended up my hand."
tifu-test-00106,"i tried to get a bar of my friend, got drunk in the party."
tifu-test-00107,"i tried to get a dick, got my nose and ended up out of the first day."
tifu-test-00108,i was going to go out of the school.
tifu-test-00109,"i thought i was a wrong of my boss,"
tifu-test-00110,"tried to get a shower, ended up my bathroom and got caught the toilet."
tifu-test-00111,i tried to get a shower and got my mom's house.
tifu-test-00112,"i tried to get a fire, got fired up the school."
tifu-test-00113,"i tried to get a girl, ended up my car."
tifu-test-00114,"i tried to eat my thumb, got a tree and i was cut it."
tifu-test-00115,"i was a shit and got my pants,"
tifu-test-00116,"i was a chicken of my house, i didn't eat it."
tifu-test-00117,"i tried to get a cat dog, i was caught my girlfriend and ended up the little day."
tifu-test-00118,"i tried to get a new game of my friend, i didn't know it was going to pay me."
tifu-test-00119,"i tried to get a shit, got caught my bathroom."
tifu-test-00120,"i tried to get a girl with my friend, i was going out of her girlfriend."
tifu-test-00121,"i tried to get a girl, got my mom's house."
tifu-test-00122,"tried to be a girl, ended up my house."
tifu-test-00123,"went to get a train, ended up the bus and got caught my car."
tifu-test-00124,"tried to take a girl's mom, she didn't know it."
tifu-test-00125,"i tried to get a girl, got caught my friend."
tifu-test-00126,"i didn't read my job, i was a professor."
tifu-test-00127,"i got a job of my boss, and i didn't have get an few weeks."
tifu-test-00128,"i tried to get a school, got caught my friend's teacher."
tifu-test-00129,"tried to get a shower, got stuck up with my house."
tifu-test-00130,"i got a job of my boss, i was fired up to get an guy."
tifu-test-00131,"tried to make a picture of my house,"
tifu-test-00132,"i tried to get a girl, got drunk and i didn't know it was going out."
tifu-test-00133,"i tried to get a girl, got caught my mom's house."
tifu-test-00134,"i tried to eat a lot of my house, ended up the bathroom."
tifu-test-00135,"i went to get a girl, got caught up with my girlfriend and she was going out of the date."
tifu-test-00136,"i thought i'm a guy,"
tifu-test-00137,i tried to get a dog and got my cat in the house.
tifu-test-00138,"i tried to make my house, got a fire and ended up the car."
tifu-test-00139,i was a guy in my friend's car.
tifu-test-00140,"tried to get a shower, got stuck up my face of the floor."
tifu-test-00141,"i tried to get a money, got an few weeks and i didn't know it."
tifu-test-00142,"tried to send my friend, ended up out of facebook."
tifu-test-00143,"i tried to get a game, ended up my foot and got caught the first time of front."
tifu-test-00144,"i tried to get a picture of my friend, i'm supposed it was not have read the same time."
tifu-test-00145,"i was a guy, got caught my friend and i'm supposed to get the first day."
tifu-test-00146,"i tried to get a big car, got stuck up the road and ended out of my head."
tifu-test-00147,"tried to get a guy, ended up the bar of my boss."
tifu-test-00148,"i tried to get a girl, but she didn't know it."
tifu-test-00149,i tried to get a guy and got an car.
tifu-test-00150,"i tried to get a new apartment, got caught the door in my house."
tifu-test-00151,"i tried to get a big car, got stuck up my head of the road."
tifu-test-00152,"i was going to be a new room, ended up the door."
tifu-test-00153,"i tried to eat my cat,"
tifu-test-00154,"i tried to get a big job, got stuck up my finger."
tifu-test-00155,"i tried to get a girl, got drunk with my girlfriend."
tifu-test-00156,"i tried to get a new computer, i didn't be my phone."
tifu-test-00157,"i was a joke of my boss, i didn't get the school."
tifu-test-00158,"i tried to get a new computer, but it was stuck up my phone."
tifu-test-00159,"i tried to get a new car, got stuck up my mom's house."
tifu-test-00160,"tried to get a girl, ended up my girlfriend."
tifu-test-00161,"i tried to get a chicken, got stuck up my house."
tifu-test-00162,"i tried to get a guy, i was going out of my friend."
tifu-test-00163,"i was a call my phone, i didn't be called the name."
tifu-test-00164,"tried to get a few day, got caught up with the hospital."
tifu-test-00165,"i was a job of my boss, i didn't be been to get the first time."
tifu-test-00166,"i tried to get a chicken, ended up my house."
tifu-test-00167,"i tried to get a car, got caught up the road."
tifu-test-00168,"i tried to get a cat dog, got caught my mom's house."
tifu-test-00169,"i was a girl, i didn't make my friend."
tifu-test-00170,"tried to be a girl, she didn't have been pregnant."
tifu-test-00171,"i tried to get a girl, ended up my friend and got caught out of the gym."
tifu-test-00172,"tried to get a girl, got caught up with my friend."
tifu-test-00173,i was a wrong of my car and i didn't get the bus.
tifu-test-00174,"i tried to get a new car, got stuck up my phone."
tifu-test-00175,"i tried to get a girl, got caught my friend."
tifu-test-00176,"i tried to get a shit, ended up the bathroom."
tifu-test-00177,"i tried to get a new car, got stuck up my house."
tifu-test-00178,"i tried to make a bottle of my coffee,"
tifu-test-00179,"i tried to get a door, ended up my house."
tifu-test-00180,"i was a girl, i didn't get my girlfriend."
tifu-test-00181,"i tried to get a girl, got my friend and i'm going out of the first time."
tifu-test-00182,i was a lot of my friend's house.
tifu-test-00183,"i was a girl, i didn't know my mother's mom."
tifu-test-00184,"i tried to get a bottle of the water, ended up my nose."
tifu-test-00185,don't eat food.
tifu-test-00186,"tried to take a shower, ended up my bathroom."
tifu-test-00187,"i tried to get a girl, ended up my friend was going out of the first day."
tifu-test-00188,"i tried to get a picture of my friend, i was supposed it's first time."
tifu-test-00189,"i tried to get a girl with my friend's girlfriend, she was called her phone."
tifu-test-00190,i was a girl in the door.
tifu-test-00191,"tried to get a shower, ended up my face."
tifu-test-00192,"i went to get a girl, got drunk in my friend and ended up out of the party."
tifu-test-00193,i tried to pay a new store of my phone.
tifu-test-00194,"i tried to get a new job, but i didn't know it was going to pay my wallet."
tifu-test-00195,"i tried to get a school, ended up my teacher and now i didn't go out of the class."
tifu-test-00196,"i tried to get a cat dog, ended up my house."
tifu-test-00197,"i got a lot of my room,"
tifu-test-00198,"i tried to get a fire of my house, and got caught it was burnt up."
tifu-test-00199,"i tried to get a girl, she was going out of my girlfriend."
tifu-test-00200,"i tried to get a guy, got drunk with my boss."
tifu-test-00201,i tried to get a gift of my mom's mother and i was supposed out.
tifu-test-00202,"tried to get a guy, got caught my friend."
tifu-test-00203,"tried to get a girl, ended up my penis and got caught the bathroom."
tifu-test-00204,"i went to get a girl, got caught out of the school."
tifu-test-00205,"i thought i was a new job, got to get my boss."
tifu-test-00206,"i tried to get a girl, ended up the party of my girlfriend."
tifu-test-00207,"i tried to get a doctor, ended up my face of the hospital."
tifu-test-00208,"tried to get a shower, got caught my house."
tifu-test-00209,"i tried to make a fire of my house, ended up the bathroom."
tifu-test-00210,"i tried to get a class of my friend, got stuck up the school."
tifu-test-00211,"i tried to get a car, got caught my bike and ended up the road."
tifu-test-00212,"tried to take a bathroom, got my toilet."
tifu-test-00213,"i tried to be a girl, ended up the hospital."
tifu-test-00214,"i tried to get a girl, ended up my friend and i was going out of the first time."
tifu-test-00215,"i was a joke of my friend,"
tifu-test-00216,"i tried to get a new car, got caught my phone."
tifu-test-00217,"went to get a train, got drunk in my car and ended up the road."
tifu-test-00218,"i tried to make my house,"
tifu-test-00219,"i tried to get a girl, got caught my girlfriend and ended up with the first time i was going out of sex."
tifu-test-00220,"i tried to get a girl, got caught out of my mom's house."
tifu-test-00221,"i was a new job of my car,"
tifu-test-00222,i tried to make a new store of the first day and ended up my house.
tifu-test-00223,"i was a new phone, i didn't be my mom's mother."
tifu-test-00224,"i tried to get a girl, got caught up with my girlfriend and i was drunk."
tifu-test-00225,"i was a new job, got my boss and i'm stuck up."
tifu-test-00226,"i was a guy in the door,"
tifu-test-00227,"i tried to get a shower and got my foot,"
tifu-test-00228,"i tried to get a girl, got caught the bus and ended up my car."
tifu-test-00229,"tried to get a girl, got married with my girlfriend."
tifu-test-00230,"i tried to get a few day, ended up my head of the first time."
tifu-test-00231,"i was a lot of my house, ended up in the bathroom."
tifu-test-00232,"i tried to get a big friend, got my brother's house."
tifu-test-00233,"i got a joke, i didn't know it was the doctor."
tifu-test-00234,"tried to get a guy, got caught out of the door."
tifu-test-00235,"i was a lot of my car, got caught up in the first day."
tifu-test-00236,"i got drunk with a girl, ended up my girlfriend."
tifu-test-00237,"i was a lot of my friend, i'm not have be the first day."
tifu-test-00238,"i tried to get my wallet, but i didn't have a few weeks."
tifu-test-00239,"i tried to get a girl, got caught out of the door."
tifu-test-00240,"tried to get a girl, got caught up with the door."
tifu-test-00241,"tried to get a wrong, got out of the flight."
tifu-test-00242,i tried to get a girl with my mom's house.
tifu-test-00243,"i tried to get a car, got caught my truck."
tifu-test-00244,"i tried to get a girl, ended up the front of my face."
tifu-test-00245,"i tried to get a new friend's house, got caught my dad was married."
tifu-test-00246,"i tried to get a new car, got caught my friend and ended up the first time of me."
tifu-test-00247,i was a guy and i'm going to get my brother.
tifu-test-00248,"i tried to get a tree, got stuck up my arm."
tifu-test-00249,"i tried to get a car, ended up my friend and got caught the road."
tifu-test-00250,"i tried to get a job, got caught my boss."
tifu-test-00251,"i was a girl, got my boss and i had been to get the job."
tifu-test-00252,"i tried to get a new room, got stuck up the door and ended out of my house."
tifu-test-00253,"i tried to get a girl, but i'm stuck up the door."
tifu-test-00254,"tried to get a shower, ended up my face."
tifu-test-00255,"i went to get a girl, got caught my bathroom and ended up the toilet."
tifu-test-00256,"i tried to get a train, got an bus and ended up my car."
tifu-test-00257,"i tried to make a chicken,"
tifu-test-00258,"i tried to get a few day and ended up my nose,"
tifu-test-00259,"i tried to get a girl, got caught the school."
tifu-test-00260,"i tried to get a job, got an shit and i didn't take the first day."
tifu-test-00261,"i tried to get a girl, ended up out of my friend."
tifu-test-00262,"i tried to get a new car, ended up the bus and now i didn't be an few hours."
tifu-test-00263,"i tried to get a bus, ended up the train of my car."
tifu-test-00264,i tried to get a new computer and i didn't be my laptop.
tifu-test-00265,"i got a lot of my car, ended up the train."
tifu-test-00266,"went to get a girl, got caught my friend and ended up the party."
tifu-test-00267,"i went to get a girl, got caught up my friend and ended out of the first day."
tifu-test-00268,"i went to get a shower and got stuck up my hand,"
tifu-test-00269,"i tried to take the bathroom,"
tifu-test-00270,i didn't know i'm a shower.
tifu-test-00271,tried to get a pit of my foot and got stuck up the floor.
tifu-test-00272,i tried to get my wallet.
tifu-test-00273,i forgot my phone and i didn't be the account to pay it.
tifu-test-00274,"i tried to get a fire, got caught my house and ended up the floor."
tifu-test-00275,"i was a lot of my boss, got to get the first day."
tifu-test-00276,"i tried to use a fire and got my house,"
tifu-test-00277,"i tried to get a girl, got caught out of my friend."
tifu-test-00278,"i tried to get a big job, got caught my mom's house."
tifu-test-00279,i tried to get a few weeks of my own life.
tifu-test-00280,"i tried to get a big friend, got caught out of the road."
tifu-test-00281,i was a guy of my friend's school.
tifu-test-00282,"i told my girlfriend's friend, i was a girl."
tifu-test-00283,"tried to get a girl, got caught up my car."
tifu-test-00284,"i tried to get a girl, but i didn't go out of my friend."
tifu-test-00285,"i tried to get a new phone, got stuck up with the computer."
tifu-test-00286,"got drunk, got a bottle of my friend was sick."
tifu-test-00287,"i was a girl in my girlfriend, got caught it's house."
tifu-test-00288,"i tried to get a car, got caught up the police and ended out of my house."
tifu-test-00289,i was a black of my friend.
tifu-test-00290,"i tried to get a girl, ended up my friend and i'm married."
tifu-test-00291,"i was a girl,"
tifu-test-00292,"i tried to get a guy, ended up my penis."
tifu-test-00293,i tried to get a dog and got my mother's house.
tifu-test-00294,"i tried to get a little kid, ended up my house."
tifu-test-00295,"i tried to get a girl, ended up my girlfriend."
tifu-test-00296,"i tried to get a guy, got my friend and now i'm stuck up with the new job."
tifu-test-00297,i tried to buy a new computer of my phone.
tifu-test-00298,"i tried to get a bike, got stuck up my car."
tifu-test-00299,"i was a lot of my car, i didn't be been to get the same time."
tifu-test-00300,"i tried to get a girl with my girlfriend, she was going out of her friend."
tifu-test-00301,"tried to get a guy, got caught my car."
tifu-test-00302,"i tried to make a microwave, i was burnt my house."
tifu-test-00303,"i went to get a girl, she was going out of my girlfriend."
tifu-test-00304,"i was a guy in the police, got caught my friend and then i had been to get an hospital."
tifu-test-00305,"i tried to get a shower, ended up my toilet."
tifu-test-00306,"tried to make a fire,"
tifu-test-00307,"i tried to get a girl, i didn't know it was my mom."
tifu-test-00308,"i tried to get a girl with my friend, i'm going out."
tifu-test-00309,"i was a new job, i didn't get my boss."
tifu-test-00310,"i was going to get a girl, i didn't know it."
tifu-test-00311,"i tried to get a wrong money, ended up my car."
tifu-test-00312,"i tried to get a guy, got stuck up my head and ended out of the road."
tifu-test-00313,i tried to make my friend's house.
tifu-test-00314,"i didn't be a wrong of my room,"
tifu-test-00315,"i was a lot of my car, i didn't get the shit."
tifu-test-00316,"tried to send a new phone,"
tifu-test-00317,"i tried to get a dick, got stuck up my penis."
tifu-test-00318,"i was a girl, got drunk with my girlfriend."
tifu-test-00319,"i was a lot of my boss, ended up to make the first day."
tifu-test-00320,"i tried to get a girl and got my boss,"
tifu-test-00321,"i tried to get a party, got drunk and ended up my friend."
tifu-test-00322,"i tried to get a new car, ended up my house."
tifu-test-00323,"i tried to get a shower, ended up my bathroom in the toilet."
tifu-test-00324,"i was a kid in the school, got caught up my parents and ended out of front."
tifu-test-00325,"i tried to get a job, got caught my boss."
tifu-test-00326,"i tried to get a girl, got caught my girlfriend and i was going out of the woman."
tifu-test-00327,"tried to get a girl, got caught up in the school."
tifu-test-00328,"i tried to get a party, got drunk with the bar of my head."
tifu-test-00329,"i was a job of my boss, i didn't have be been to get work."
tifu-test-00330,"tried to take a shower, got stuck up my bathroom."
tifu-test-00331,"i tried to get a bike, got caught my car and ended up the road."
tifu-test-00332,"i went to get a shower, ended up my pants in the bathroom."
tifu-test-00333,"i tried to get a car, got stuck up my keys."
tifu-test-00334,i was a new date of my wrist.
tifu-test-00335,"tried to get a shower, ended up the bathroom."
tifu-test-00336,"i was a joke of my friend,"
tifu-test-00337,"i tried to get a guy and got an car, ended up the road."
tifu-test-00338,"i told a girl, she was going to get drunk with my girlfriend."
tifu-test-00339,"i tried to get a girl, ended up my penis."
tifu-test-00340,"tried to make a shower, ended up my house."
tifu-test-00341,"i was a girl, got caught my mom's house."
tifu-test-00342,"i told my friend's brother, i was been a little mom."
tifu-test-00343,"i tried to get a few weeks of my car, ended up out."
tifu-test-00344,"i went to get a shower, got caught my car and ended up the bathroom."
tifu-test-00345,"tried to get a girl, got caught out of my friend."
tifu-test-00346,"i got a job of my boss, i'm going to get the business."
tifu-test-00347,"i was a lot of my penis, i didn't have be the bathroom."
tifu-test-00348,"i was a piss in my bathroom,"
tifu-test-00349,"tried to get a guy, got caught up my friend."
tifu-test-00350,"i tried to get a girl, got my nose and ended up the first day."
tifu-test-00351,"i tried to get a new car, got stuck up the road."
tifu-test-00352,"tried to eat a shower, got my toilet and ended up the bathroom."
tifu-test-00353,"i tried to get a new phone, got my dad's house."
tifu-test-00354,"i tried to get a big car, got caught up the hospital."
tifu-test-00355,"i was a new car, got stuck to get the $$."
tifu-test-00356,"i tried to get a train of the bus, ended up my car."
tifu-test-00357,"i got a shower,"
tifu-test-00358,"i tried to make my hair and got a shower,"
tifu-test-00359,"i tried to get a new job, but i was stuck up my boss."
tifu-test-00360,"i didn't know i'm a professor,"
tifu-test-00361,"i tried to get a pizza, but i didn't eat it was going to make the restaurant."
tifu-test-00362,i didn't send my wallet.
tifu-test-00363,"i tried to get a new mom's car, but i was stuck up my dad."
tifu-test-00364,"i tried to get a car, got caught the road."
tifu-test-00365,"i tried to get a shit, ended up my ass."
tifu-test-00366,"i tried to get a girl, she was my nose."
tifu-test-00367,i was a class of my friend's school and i didn't know it.
tifu-test-00368,"tried to get a shower, got stuck up my house."
tifu-test-00369,"i was a girl, i didn't know it to get my friend."
tifu-test-00370,"i tried to get a girl, got caught the car and ended up my girlfriend."
tifu-test-00371,"i tried to get a test of my toilet, got stuck up the school."
tifu-test-00372,i was a girl for my boss.
tifu-test-00373,"tried to get a girl, ended up with my face."
tifu-test-00374,i tried to get a shower with my bathroom and ended up the room.
tifu-test-00375,"i got drunk with my girlfriend, now i'm not have be a date."
tifu-test-00376,"tried to get a girl, got caught up my mom's mother and i'm not have be the family."
tifu-test-00377,"i tried to get a girl, got drunk with my girlfriend."
tifu-test-00378,"i tried to make my house and got a fire,"
tifu-test-00379,"i tried to get a kid, got my dad's parents was the door."
tifu-test-00380,"i tried to get a new car, got stuck up my phone."
tifu-test-00381,i tried to get a shit and got stuck up my ass.
tifu-test-00382,i tried to get a pot of my friend.
tifu-test-00383,i tried to get a girl.
tifu-test-00384,"i tried to get a girl with my girlfriend, ended up out of the bathroom."
tifu-test-00385,"tried to get a girl, got caught up my boss."
tifu-test-00386,"i tried to get a dentist and i was my nose,"
tifu-test-00387,"i tried to get a bar of my car, got caught up the bus."
tifu-test-00388,"i tried to get a chicken, got stuck up my finger and then i was cut the knife."
tifu-test-00389,"i tried to play a game of my friend, ended up the first time."
tifu-test-00390,"i tried to get a car, got caught my house and ended up the road."
tifu-test-00391,"i tried to get a girl, ended up in the bathroom and got caught my room."
tifu-test-00392,"i tried to get a guy, got caught my friend and i was stuck up the police."
tifu-test-00393,"i tried to get a dog of my house, i was stuck up it."
tifu-test-00394,"i was a joke of my friend, i'm not have be the wrong."
tifu-test-00395,i tried to send my phone and got a new job.
tifu-test-00396,"i tried to get a shower and got my face,"
tifu-test-00397,"tried to make a shower, ended up my bathroom."
tifu-test-00398,"i went to get a girl, got drunk in my house and ended up the bathroom."
tifu-test-00399,"i was a lot of my friend, i didn't be been to get the first time."
tifu-test-00400,"i tried to get a new car, got caught up my house and ended out of the door."
tifu-test-00401,i tried to get a girl.
tifu-test-00402,i got a new job of my boss.
tifu-test-00403,i tried to get a few weeks of my house and got stuck up the first day.
tifu-test-00404,i tried to get a girl and my penis.
tifu-test-00405,"i tried to get a game, ended up my teacher."
tifu-test-00406,i didn't be a class of my exam.
tifu-test-00407,"i tried to get a cat dog, but i was stuck up my pet."
tifu-test-00408,i tried to get a new job of my friend.
tifu-test-00409,"i tried to get my friend,"
tifu-test-00410,"i was a joke of my friend,"
tifu-test-00411,"i tried to get a school, got my teacher and i'm not have be the class."
tifu-test-00412,"i tried to get a girl, got my bathroom and ended up the toilet."
tifu-test-00413,"i tried to get a new car, got caught up my house and then i'm home."
tifu-test-00414,"i went to get a shower and got my toilet,"
tifu-test-00415,"tried to get a job, got stuck up with my boss."
tifu-test-00416,"i was a lot of my boss, i didn't get the shit."
tifu-test-00417,"i tried to get a new house, got caught up the door."
tifu-test-00418,"went to get a girl, got caught my girlfriend and ended up the bathroom."
tifu-test-00419,"i tried to get a kid, got stuck up my house."
tifu-test-00420,"i tried to get a girl, got caught my school and i didn't know it."
tifu-test-00421,"i tried to get a girl, got caught my girlfriend and i was going out of the same day."
tifu-test-00422,"i fucked up my toilet,"
tifu-test-00423,"i tried to get a job, got fired up my boss."
tifu-test-00424,"i tried to get a new gym, got stuck up my boss."
tifu-test-00425,"i tried to get a girl, ended up my girlfriend and got drunk with the bed."
tifu-test-00426,"tried to take a toilet, got my bathroom and ended up the room."
tifu-test-00427,"i tried to get a job, got stuck up the train."
tifu-test-00428,"i tried to get a shower, ended up my face of the bathroom."
tifu-test-00429,"i tried to get a girl, ended up my mom's school."
tifu-test-00430,"i tried to get a big nose, got stuck up my head."
tifu-test-00431,i tried to get a new car and got stuck up the door.
tifu-test-00432,"i tried to get a girl, but i didn't know it was going out."
tifu-test-00433,"i tried to get a toilet, ended up the bathroom and got my room."
tifu-test-00434,"i tried to get a girl, got drunk with my friend's house."
tifu-test-00435,"i tried to get a lot of my ear, got stuck up the doctor and ended out."
tifu-test-00436,"i didn't know i was a school,"
tifu-test-00437,"i was a girl, i didn't get my friend."
tifu-test-00438,"tried to get a girl, got caught up with my girlfriend."
tifu-test-00439,"i tried to get a girl with my girlfriend, i was married up out of her friend."
tifu-test-00440,"i went to get a girl, got drunk with my girlfriend."
tifu-test-00441,"i tried to get a girl, got drunk in the school."
tifu-test-00442,"i tried to play a new friend, i was going to get my mom."
tifu-test-00443,"i was a lot of my friend, got caught it's house."
tifu-test-00444,"i tried to get my house, got a new phone and i'm stuck up it was drunk."
tifu-test-00445,"i tried to get a bathroom, ended up my toilet."
tifu-test-00446,i was going to get a girl.
tifu-test-00447,"i tried to get a doctor, ended up the hospital."
tifu-test-00448,"tried to get a girl, ended up my face."
tifu-test-00449,"i tried to get a new computer and got my phone, i was stuck up the first day."
tifu-test-00450,i tried to get a new computer and now i didn't do be the room.
tifu-test-00451,i was a girl of my girlfriend and i didn't know it.
tifu-test-00452,"tried to get a girl, got caught out of my friend."
tifu-test-00453,"i tried to get a dick, ended up my penis."
tifu-test-00454,"i tried to get a new job, got stuck up my finger."
tifu-test-00455,"i tried to get a fire and got burned up the house,"
tifu-test-00456,"i tried to get a party of the plane, ended up my brother's house."
tifu-test-00457,i tried to be a new computer of my phone.
tifu-test-00458,"i tried to get a new car, ended up my house."
tifu-test-00459,"i got a game of my brother,"
tifu-test-00460,"i tried to get a party, got drunk and ended up my head."
tifu-test-00461,"i tried to get a girl, got drunk with my girlfriend and ended up out of the date."
tifu-test-00462,"i tried to get a little kid, got caught my friend was the wrong of school."
tifu-test-00463,"i went to get a school, got caught my house."
tifu-test-00464,"i tried to play a game of my friend, ended up the first time."
tifu-test-00465,i was a joke of my friend and i didn't know it.
tifu-test-00466,"i tried to get a bag of my house, ended up the bathroom."
tifu-test-00467,"i tried to get a new job, got caught my boss and i didn't know it."
tifu-test-00468,"i was a girl, i didn't know my boss."
tifu-test-00469,"tried to get a guy, got caught up the hospital."
tifu-test-00470,"i tried to get a girl, got caught out of my girlfriend."
tifu-test-00471,"i was a big guy, got killed my car and ended up the police."
tifu-test-00472,"i tried to get a pizza, got my dad's house."
tifu-test-00473,i didn't go to get a game of my family.
tifu-test-00474,"i was going to get a new house, i didn't know it."
tifu-test-00475,"i tried to get a dog, got my dad's house."
tifu-test-00476,"i tried to get a lot of my nose, i didn't have be the first time."
tifu-test-00477,i tried to get a guy and got my friend's house.
tifu-test-00478,"i went to get a school, got caught up the class and ended out of my head."
tifu-test-00479,"i tried to get a new car, but i didn't know it was going to go back."
tifu-test-00480,"i tried to get a new car, but i was stuck up my phone."
tifu-test-00481,"tried to get a car, got stuck up in the road."
tifu-test-00482,"tried to get a girl, got drunk with my girlfriend."
tifu-test-00483,"i tried to get a girl, got caught my car and ended up the bus."
tifu-test-00484,"tried to tell my friend's dad, he was a doctor."
tifu-test-00485,"i was a wrong of my phone, i didn't be the first day."
tifu-test-00486,"tried to get a road, got caught the car."
tifu-test-00487,"i was a girl,"
tifu-test-00488,"tried to make a new car, got stuck up my phone."
tifu-test-00489,"i tried to get a school, got caught up my teacher and ended out of the class."
tifu-test-00490,"i tried to get a doctor, got my nose and ended up the hospital."
tifu-test-00491,"went to get a guy, got caught out of my car and ended up the road."
tifu-test-00492,"i tried to get a new car, but i'm dad's brother."
tifu-test-00493,"tried to get a picture of my house, got stuck up the door."
tifu-test-00494,"i tried to get a few day, got stuck up my head of the road."
tifu-test-00495,"i tried to get a picture of my phone, got caught it was stuck up."
tifu-test-00496,i tried to pick my cat in the foot.
tifu-test-00497,"i tried to make a fire, got my foot and i was cut it."
tifu-test-00498,"i tried to get a girl, got drunk with my girlfriend."
tifu-test-00499,"i tried to get a new car, got caught my house."
tifu-test-00500,"i tried to get a girl, ended up the door."
tifu-test-00501,"i was a big friend and my dad's brother,"
tifu-test-00502,"i went to get a party, got drunk and ended up my friends."
tifu-test-00503,"i tried to get a few day, got caught my house."
tifu-test-00504,"i tried to get a big job, got stuck up my phone and i was fired out of the house."
tifu-test-00505,"tried to get a dog, got caught my cat and ended up the house."
tifu-test-00506,"i tried to get a girl, got drunk in the party."
tifu-test-00507,"i tried to get a car, ended up my house."
tifu-test-00508,"i tried to get a new computer, got stuck up my phone and ended out of the floor."
tifu-test-00509,"i tried to get a girl with my girlfriend, got caught her sister's house."
tifu-test-00510,i tried to get a movie of my dick.
tifu-test-00511,"i tried to get a girl,"
tifu-test-00512,"i tried to get a dog, got caught up my cat and she was going out."
tifu-test-00513,"tried to get a doctor, got stuck up my nose."
tifu-test-00514,"i was a job of my boss, i had to get an little day."
tifu-test-00515,i tried to get a girl.
tifu-test-00516,"i tried to get a girl, got caught up with my girlfriend."
tifu-test-00517,i was a dog of my car and i'm be the door.
tifu-test-00518,"i was a new job of my boss, and i'm stuck up to get the first day."
tifu-test-00519,"tried to get a girl, ended up out of the door."
tifu-test-00520,"i tried to get a job of my boss, got stuck up in the room."
tifu-test-00521,"i was a wrong of my teacher, got caught the school."
tifu-test-00522,"tried to get a girl, got caught my car."
tifu-test-00523,i was going to get a restaurant.
tifu-test-00524,"i tried to get a guy and got caught my house, ended up the floor."
tifu-test-00525,"tried to get a fire, got my hand of the floor."
tifu-test-00526,"i tried to get a new house, got caught it was stuck up the first day."
tifu-test-00527,"i tried to get a kid,"
tifu-test-00528,"i tried to get a glass,"
tifu-test-00529,i tried to make a chicken of my house.
tifu-test-00530,"i was a big job, i didn't get my girlfriend."
tifu-test-00531,"i didn't be a job, got my boss."
tifu-test-00532,tried to get a shower with my nose and ended up the toilet.
tifu-test-00533,i tried to get a big eye and got my nose.
tifu-test-00534,"i tried to get a girl, she was going out of my girlfriend."
tifu-test-00535,"tried to get a girl, ended up the bathroom."
tifu-test-00536,"i tried to get a girl, got my girlfriend and i didn't know it."
tifu-test-00537,"i tried to get a girl, ended up out of my friend."
tifu-test-00538,"i tried to eat a bottle of my nose, ended up the toilet."
tifu-test-00539,"i tried to get a party, got drunk with my friend."
tifu-test-00540,"i tried to get a girl, ended up my girlfriend."
tifu-test-00541,"i tried to get a new computer, ended up my laptop and now i'm stuck it was going to take the same time."
tifu-test-00542,i tried to get a new dog of my boss.
tifu-test-00543,"i tried to get a few day, ended up the middle of my hand."
tifu-test-00544,"i tried to get my mom's house, ended up the door."
tifu-test-00545,"i tried to get a guy, got stuck up the car."
tifu-test-00546,"i tried to get a girl, got drunk with my friend and ended up the bathroom."
tifu-test-00547,"i was going to get a bus, ended up in the road of front."
tifu-test-00548,i told my friend i was a girl and he didn't know it.
tifu-test-00549,"i tried to get a car, got drunk and ended up the road."
tifu-test-00550,"i tried to make my house, got a shower and now i was stuck up the bathroom."
tifu-test-00551,"i tried to get a bottle of my house, got stuck up the first time."
tifu-test-00552,"i tried to get a party, ended up my finger and got stuck out of the door."
tifu-test-00553,"i tried to get a kid, got caught the school."
tifu-test-00554,"i tried to get a fire and got burnt my house,"
tifu-test-00555,i was a joke of my friend and i didn't know it is going to see the movie.
tifu-test-00556,"i went to get a few day, ended up in the bathroom and i was going out of my house."
tifu-test-00557,"i tried to get a new computer, ended up my laptop and i'm stuck out of the library."
tifu-test-00558,"i tried to get a doctor, ended up the hospital."
tifu-test-00559,"i tried to get a shower, ended up the bathroom and got my house."
tifu-test-00560,"i tried to get a shower, ended up my foot."
tifu-test-00561,"i went to get a big friend, got caught the middle of my first day."
tifu-test-00562,"i didn't be a shit,"
tifu-test-00563,"i tried to get a car, got caught my friend and i was going out of the police."
tifu-test-00564,"i tried to get a girl, but i didn't know my girlfriend."
tifu-test-00565,"i tried to get a toilet, ended up my bathroom."
tifu-test-00566,"tried to get a shower, got stuck up with my knee."
tifu-test-00567,i tried to get a little dog and got stuck up my foot.
tifu-test-00568,"i tried to get a dog, got caught my car."
tifu-test-00569,"i tried to get a room, ended up my house."
tifu-test-00570,i tried to buy a gift for the store of my wallet.
tifu-test-00571,"i tried to get a car, ended up my house."
tifu-test-00572,"i went to get a shower, got caught my toilet."
tifu-test-00573,"tried to get a girl, got caught out of my friend."
tifu-test-00574,"i tried to get a girl, ended up my teacher and i was going out of the school."
tifu-test-00575,"went to get a girl, got drunk with my girlfriend."
tifu-test-00576,"i tried to get a shower and got my house, ended up the bathroom."
tifu-test-00577,i tried to get a kid and got my dad's house.
tifu-test-00578,"went to get a train, got stuck up the bus."
tifu-test-00579,"i tried to get a shit, got caught up and ended out of the gym."
tifu-test-00580,"tried to get a dog, got caught up my car."
tifu-test-00581,"i was going to get a girl, she didn't go out of my girlfriend."
tifu-test-00582,"i tried to get a girl, ended up the bathroom."
tifu-test-00583,i tried to get a shit of my dad's house.
tifu-test-00584,"tried to get a girl, got caught my penis."
tifu-test-00585,"i didn't go to get a few hours, ended up my car."
tifu-test-00586,"i tried to get a shower, ended up my friend and i was not know it's house."
tifu-test-00587,"i tried to get a car, got caught my wallet."
tifu-test-00588,"i tried to get a bag of my car, ended up the store."
tifu-test-00589,"i tried to get a girl, but i didn't go out of my girlfriend."
tifu-test-00590,"tried to take my bedroom, ended up with the bathroom."
tifu-test-00591,i'm a kid and i was going to be my mom.
tifu-test-00592,"i tried to get a girl with my girlfriend, she didn't tell her boyfriend."
tifu-test-00593,"i tried to make a shower,"
tifu-test-00594,"tried to get a big nose, got stuck up my finger."
tifu-test-00595,"i was a job of my boss, got to be the office."
tifu-test-00596,i tried to get a picture of my mom's house.
tifu-test-00597,"i went to get a girl, got caught up with my girlfriend and ended out of the party."
tifu-test-00598,"i thought i was a kid,"
tifu-test-00599,"tried to get a guy, got caught up with my friend and ended out of the hospital."
tifu-test-00600,i tried to make a pot of my fridge and i was burnt up it.
tifu-test-00601,"i tried to get a dog, ended up the cat and got out of my house."
tifu-test-00602,"i went to get a girl, got drunk with my girlfriend and ended up out of the party."
tifu-test-00603,"i tried to get a guy, got my friend's house."
tifu-test-00604,"tried to get a guy, got stuck up the door."
tifu-test-00605,i tried to eat a chicken of my cat and i didn't make the dog.
tifu-test-00606,"i was a lot of my friend, and i didn't eat it."
tifu-test-00607,"i tried to make my house, got a microwave and i was burnt up the fridge."
tifu-test-00608,"i tried to get a party of my friend, got drunk and ended up the first day."
tifu-test-00609,"i tried to get a guy, got my penis."
tifu-test-00610,i tried to get a new car.
tifu-test-00611,"i tried to be a wrong of the train,"
tifu-test-00612,i was a joke of my friend's house.
tifu-test-00613,"i tried to make a fire, got burnt my house."
tifu-test-00614,"i tried to get a girl, got my girlfriend and i didn't go out of her mom."
tifu-test-00615,"tried to get a shower, ended up my penis."
tifu-test-00616,"i was a girl,"
tifu-test-00617,"i tried to get a girl,"
tifu-test-00618,i was a wrong of my teacher.
tifu-test-00619,"tried to get a shower, got stuck up my foot."
tifu-test-00620,"i tried to get a new job, but i didn't read the first time of my boss."
tifu-test-00621,"i tried to make a new house, got stuck up the fire."
tifu-test-00622,"i went to get a new friend, got caught my brother's family and ended up with the first time."
tifu-test-00623,"i tried to get a wrong, ended up my car and got stuck in the train."
tifu-test-00624,"i tried to make my house, got a shower and ended up with the first day."
tifu-test-00625,"i tried to get a new school, got stuck up my phone."
tifu-test-00626,i tried to send a picture of my friend.
tifu-test-00627,"i tried to make a microwave of my fridge, i was burnt it's house."
tifu-test-00628,i was a girl in my friend and i didn't be the professor.
tifu-test-00629,"i tried to get a new computer, got stuck up my phone."
tifu-test-00630,"i tried to take a bag of the store, ended up my house."
tifu-test-00631,"i was a lot of my friend,"
tifu-test-00632,"i tried to get a big friend, got caught my house."
tifu-test-00633,"i tried to get my house, got a new apartment and i was stuck up the door."
tifu-test-00634,"i tried to get a kid, got caught the school."
tifu-test-00635,i tried to get a picture of my dad's house.
tifu-test-00636,i tried to get a new car and got stuck up my finger.
tifu-test-00637,"i tried to get a plane, ended up the flight."
tifu-test-00638,"i tried to get a glass, got my nose and i'm stuck up the sun."
tifu-test-00639,"i was a girl, got caught my mom's house."
tifu-test-00640,"i tried to get a shit, got stuck up my head of the gym."
tifu-test-00641,"i tried to get a new car, got stuck up my phone."
tifu-test-00642,i tried to get a new room of the door.
tifu-test-00643,"i tried to get a picture of my friend, got caught it was going out."
tifu-test-00644,"i tried to get a glass,"
tifu-test-00645,i was a joke of my boss.
tifu-test-00646,"i tried to get a new room, ended up my house."
tifu-test-00647,"i went to get a book of my mom's house, and i'm going to go out."
tifu-test-00648,"i tried to get a bottle, got drunk in the middle of my nose."
tifu-test-00649,"i went to get a new room, ended up my mom's house."
tifu-test-00650,i thought i was going to get a little time of my mom's parents.
tifu-test-00651,"i tried to get a little kid, got stuck up my head of the first day."
tifu-test-00652,"i tried to get a shower,"
tifu-test-00653,"i tried to get a pizza and got my friend,"
tifu-test-00654,"tried to get a guy, got caught the car and ended up my boss."
tifu-test-00655,i tried to get a new band of my ear.
tifu-test-00656,"i tried to get a big car, got caught my foot and ended up the road."
tifu-test-00657,i tried to get a new friend's house.
tifu-test-00658,"tried to get a girl, got married with my mother's mom."
tifu-test-00659,i didn't know my penis.
tifu-test-00660,"i got a lot of my boss,"
tifu-test-00661,i tried to get a bottle of my nose.
tifu-test-00662,"i tried to get a chicken, got caught up the fire."
tifu-test-00663,"i tried to get a girl, got caught my dad's mom."
tifu-test-00664,"i got a job of my boss, and i didn't get the manager."
tifu-test-00665,"i tried to get a girl, got caught up my foot of the road."
tifu-test-00666,i was a new job of my car.
tifu-test-00667,"i tried to get a guy, got caught my car and ended up out of the first day."
tifu-test-00668,"tried to get a new phone, got stuck up my boss."
tifu-test-00669,"i tried to get a guy, got stuck up the door."
tifu-test-00670,"i was a guy, got drunk in my friend and ended up the first day."
tifu-test-00671,"i tried to get a girl, got stuck up my face of the door."
tifu-test-00672,"i tried to get a bottle, got my nose and ended up the bathroom."
tifu-test-00673,"i tried to get a girl, ended up the door."
tifu-test-00674,"i tried to get a guy, got stuck up my boss."
tifu-test-00675,"i tried to get a shower, got my toilet and i was stuck up the bathroom."
tifu-test-00676,"i tried to get a lot of my house, got stuck up the floor."
tifu-test-00677,"went to get a girl, got stuck up with the bus."
tifu-test-00678,i was a girl with my girlfriend and she had been to get her friend.
tifu-test-00679,i tried to get a girl with my mom's family and i was married her mother.
tifu-test-00680,"tried to get a girl, ended up with my girlfriend."
tifu-test-00681,"i tried to play my laptop, i'm a new computer of the game."
tifu-test-00682,"i tried to get a girl, ended up my house."
tifu-test-00683,"i tried to get a new gym, got stuck up my ass."
tifu-test-00684,"i tried to get a bunch of my room, got stuck up the floor."
tifu-test-00685,"i tried to make a pizza, i was stuck up my house."
tifu-test-00686,"i tried to get a game, got stuck up the field of my head."
tifu-test-00687,"i tried to get a girl, ended up the school and got caught my boss."
tifu-test-00688,"i was a guy in the car, got caught out of my garage."
tifu-test-00689,"i tried to get a little day, i didn't be the hospital."
tifu-test-00690,tried to get a picture of my nose.
tifu-test-00691,"i tried to get a kid, got caught my mom's house."
tifu-test-00692,"i tried to get a girl, i didn't go out of my face."
tifu-test-00693,"i was a lot of my house, got caught the toilet."
tifu-test-00694,"i tried to get a car, got drunk and ended up my house."
tifu-test-00695,"i tried to get a wrong of my car, ended up the bus."
tifu-test-00696,"tried to get a girl, ended up with my girlfriend."
tifu-test-00697,"i tried to play a game of my friend, ended up the band and got stuck out."
tifu-test-00698,"i was going to get a girl, ended up my car."
tifu-test-00699,"i tried to get a girl, got caught up with my friend."
tifu-test-00700,"tried to get a girl, got caught my girlfriend."
tifu-test-00701,"tried to get a shower, got caught out of the bathroom."
tifu-test-00702,"i went to get a girl, i was going out of my friend and got caught it."
tifu-test-00703,"i tried to get a guy, got caught out of my friend."
tifu-test-00704,"i tried to get a shit, got caught my bathroom and ended up the toilet."
tifu-test-00705,"i tried to get a guy, got my friend's house."
tifu-test-00706,"went to get a girl, got drunk with my girlfriend."
tifu-test-00707,"went to get a girl, got caught up with my girlfriend."
tifu-test-00708,"i went to get my house and got a shower, ended up the bathroom."
tifu-test-00709,"i tried to get a guy, got caught my friend's school."
tifu-test-00710,"i tried to make a fire with my house,"
tifu-test-00711,"i was a job of my boss, i didn't know it."
tifu-test-00712,"i tried to get a girl, got caught my friend and ended up the first day."
tifu-test-00713,"i went to get a road, got caught up my car and ended out of the train."
tifu-test-00714,"i thought i was a girl and my girlfriend,"
tifu-test-00715,"i tried to get a new phone, got stuck up my boss."
tifu-test-00716,"tried to get a shower, ended up my face of the bathroom."
tifu-test-00717,"i tried to get a girl, got caught my girlfriend."
tifu-test-00718,"i tried to use a new computer, ended up my laptop."
tifu-test-00719,"i tried to get a pool, got drunk in the bathroom."
tifu-test-00720,"i tried to get a girl, but i'm going out of my friend."
tifu-test-00721,"tried to get a shower, ended up my nose in the bathroom."
tifu-test-00722,"tried to get a road, got caught up my foot."
tifu-test-00723,"i tried to get a tree of my house, got stuck up the floor and i was not have be back."
tifu-test-00724,"i tried to get a girl, ended up my girlfriend and got caught out of the first time."
tifu-test-00725,"i tried to get a few day, ended up my ass."
tifu-test-00726,"i was a joke of my friend's family,"
tifu-test-00727,"tried to get a shower, ended up my mom's house."
tifu-test-00728,"i tried to get a girl of my friend, but i'm not have be an joke."
tifu-test-00729,"i was a little kid, i didn't know it's mom."
tifu-test-00730,"i didn't know to get a girl, but i was been going to go back."
tifu-test-00731,"tried to get a girl, got caught out of my car."
tifu-test-00732,"i tried to get a bar, got stuck up my head."
tifu-test-00733,"i told a job of my boss, i'm going to get an job."
tifu-test-00734,"i tried to get a new car, ended up my house."
tifu-test-00735,"i went to get a girl, got caught up with my friend and i was going out of the school."
tifu-test-00736,"i tried to get a dog, got caught my car."
tifu-test-00737,i didn't know i was going to get a school.
tifu-test-00738,"tried to send a girl,"
tifu-test-00739,"i was a kid, i didn't know my mom's school."
tifu-test-00740,"i got a new job of my car, and i didn't know it was going to get the same time."
tifu-test-00741,"i tried to get a porn, ended up my mom's internet."
tifu-test-00742,"i was a lot of my house, i didn't go to take the first day."
tifu-test-00743,"i was a new job of my boss, i didn't be the first day."
tifu-test-00744,"tried to get a girl, got caught up my house."
tifu-test-00745,"i tried to get a guy, got caught the police in front of my car."
tifu-test-00746,"tried to get a girl, got caught my car and ended up the door."
tifu-test-00747,"i tried to get a few day, ended up my nose."
tifu-test-00748,"i tried to get a girl, i was an kid in the school."
tifu-test-00749,"i tried to get a new job, got caught my car and ended up the hospital."
tifu-test-00750,i was a job of my boss.
tifu-test-00751,"i tried to get a party, got drunk and ended up my friends."
tifu-test-00752,i was a joke of my friend because i didn't know it.
tifu-test-00753,"i went to get a girl, got my friend's school."
tifu-test-00754,i was a girl with my girlfriend and i didn't know it.
tifu-test-00755,"i tried to get a girl, i was my mom's mother and she had been the first time."
tifu-test-00756,"i tried to get a party, got stuck up the middle of my head."
tifu-test-00757,"tried to get a shower, got stuck up my house."
tifu-test-00758,i was a trash of my house.
tifu-test-00759,"tried to get a girl, ended up my house."
tifu-test-00760,"i tried to get a girl, got caught my mother's mom and i was going out of the first time."
tifu-test-00761,i was a wrong of my shirt and got caught it.
tifu-test-00762,"i tried to get a guy, got caught my friend and now i didn't know it."
tifu-test-00763,i was a girl and she had my boss.
tifu-test-00764,"i tried to get a little kid, i didn't be the doctor."
tifu-test-00765,"i tried to get a girl, got caught the school."
tifu-test-00766,"tried to get a shower, ended up my nose."
tifu-test-00767,"i was going to get a girl, got drunk with my friend."
tifu-test-00768,"i tried to get a shower,"
tifu-test-00769,"i was a job of my boss,"
tifu-test-00770,"i tried to get a doctor, ended up my nose."
tifu-test-00771,"i tried to get a girl, got caught my house."
tifu-test-00772,"i tried to get a girl, ended up my face of the first time."
tifu-test-00773,i didn't read my teacher and she was a essay her mom.
tifu-test-00774,"i tried to get a little dog, ended up my house."
tifu-test-00775,"i went to get a girl, got caught my girlfriend and i was going out."
tifu-test-00776,"i tried to get a cat, got caught my house."
tifu-test-00777,"tried to make a fire, got burnt my house."
tifu-test-00778,i was a bar of my friend's house.
tifu-test-00779,"i was going to get a girl, but i didn't know it."
tifu-test-00780,i tried to get a girl with my girlfriend.
tifu-test-00781,"i tried to get a girl, ended up out of my friend."
tifu-test-00782,"tried to be a room,"
tifu-test-00783,"i tried to get a girl, ended up with my girlfriend."
tifu-test-00784,"i tried to get a big job, got stuck up my house."
tifu-test-00785,"i tried to get a new car, got stuck up my phone."
tifu-test-00786,"i went to get a girl, got caught my mom's family and now i'm going out of the first time."
tifu-test-00787,"tried to be a cat, ended up my mom's house."
tifu-test-00788,"i tried to get a school, ended up my friend and got caught out of the college."
tifu-test-00789,"i was a girl,"
tifu-test-00790,"i tried to get a kid, ended up the hospital."
tifu-test-00791,"i tried to make a chicken of my house, but i was stuck up the microwave."
tifu-test-00792,"tried to get a knife, got stuck up my finger."
tifu-test-00793,"i tried to get a guy in the car,"
tifu-test-00794,"i was a kid, i had my mom's mother."
tifu-test-00795,"i tried to get a car, got caught my dad's house."
tifu-test-00796,"i was a fire of my car, got caught the house."
tifu-test-00797,"i tried to get a new room, ended up the door."
tifu-test-00798,"i tried to get a hospital, i didn't take the doctor."
tifu-test-00799,"i tried to get a girl, ended up my face and got stuck out of the house."
tifu-test-00800,"i tried to get a girl, got caught up with my friend."
tifu-test-00801,"i tried to get a school, i didn't go out of my teacher."
tifu-test-00802,"i tried to get a new room,"
tifu-test-00803,i tried to get a dog of my house.
tifu-test-00804,"i tried to get a girl, got caught my car and i was stuck up the police."
tifu-test-00805,"i tried to get a lot of my foot, got stuck up the first day."
tifu-test-00806,"i tried to get a girl, got my girlfriend and ended up out of the bathroom."
tifu-test-00807,"tried to get a girl, got caught my car in the door."
tifu-test-00808,i tried to get a girl with my friend and i was called her girlfriend.
tifu-test-00809,"i tried to get a girl, ended up my room and got caught the bathroom."
tifu-test-00810,"i tried to get a big house, ended up my dad's mom."
tifu-test-00811,"i tried to get a guy in my boss,"
tifu-test-00812,i got a lot of my friend and ended up it was drunk.
tifu-test-00813,"i tried to get a school, got caught my friend and ended up the police."
tifu-test-00814,"i tried to get a new car,"
tifu-test-00815,i tried to get a new room and ended up my house.
tifu-test-00816,"i tried to get a shower, ended up the bathroom."
tifu-test-00817,i was a guy in the car and got caught my house.
tifu-test-00818,"i was a guy in my friend, i didn't know it."
tifu-test-00819,"i tried to get a bunch of my house, got stuck up the car."
tifu-test-00820,"i tried to get a few school, i didn't go out of my job."
tifu-test-00821,"i was a girl,"
tifu-test-00822,i tried to play a game of my eye.
tifu-test-00823,i was a girl.
tifu-test-00824,"i tried to make a chicken of my house, but i didn't eat it was not have be the whole food."
tifu-test-00825,"i tried to get a girl, ended up my friend and i'm married with the first time of his girlfriend."
tifu-test-00826,i was a job of my boss.
tifu-test-00827,"i tried to get a girl with my friend, i was not have be the first time."
tifu-test-00828,"i went to get a girl, got caught my mom's house."
tifu-test-00829,"i tried to get my nose, i"
tifu-test-00830,"i tried to get a little dog and my house,"
tifu-test-00831,"tried to get a guy, got an boss."
tifu-test-00832,"i tried to get a lot of my nose, ended up the hospital."
tifu-test-00833,"i tried to get a girl, got caught my friend's house."
tifu-test-00834,"i tried to use a lot of my house, ended up it was going out."
tifu-test-00835,"i tried to get a new car, got stuck up my friend."
tifu-test-00836,"i tried to get a girl, ended up with my bedroom and i was sleep."
tifu-test-00837,"tried to get a girl, got caught up with my girlfriend."
tifu-test-00838,"tried to get a shower, ended up the bathroom."
tifu-test-00839,"i thought i was going to get a school, and got an few day."
tifu-test-00840,"i tried to get a shower, ended up the bathroom and got my toilet."
tifu-test-00841,"went to get a car, got drunk and ended up out of the road."
tifu-test-00842,i tried to buy a new store of my wallet.
tifu-test-00843,"i was going to get a new car, ended up my house."
tifu-test-00844,"i was going to get a girl, got caught up with my girlfriend."
tifu-test-00845,"tried to be a guy, i didn't get an job."
tifu-test-00846,"tried to take a shower, ended up my bathroom."
tifu-test-00847,"i tried to get a girl, ended up out of my friend."
tifu-test-00848,i was a girl and i didn't know it to make my boss.
tifu-test-00849,"i tried to get a new car, got caught out of the door."
tifu-test-00850,"i tried to get a new ticket, ended up my wallet."
tifu-test-00851,i tried to get a girl and got my face of the road.
tifu-test-00852,i tried to buy a new store of my wallet.
tifu-test-00853,"i tried to get a new car, got stuck up my phone."
tifu-test-00854,"i tried to get a guy, but i was stuck up my boss."
tifu-test-00855,"i tried to get a girl, ended up my friend and got caught out of the police."
tifu-test-00856,"tried to eat a pizza, got my house."
tifu-test-00857,"i tried to get a girl, ended up my girlfriend."
tifu-test-00858,"i thought i was going to make my boss,"
tifu-test-00859,i thought i was a wrong of my friend.
tifu-test-00860,"i tried to get a pizza, ended up my boss."
tifu-test-00861,"tried to be a middle day, ended up my ear."
tifu-test-00862,"went to get a train, got caught out of my car."
tifu-test-00863,"i tried to get a car, got stuck up my garage and ended out of the door."
tifu-test-00864,i tried to get a girl with my girlfriend.
tifu-test-00865,"tried to get a girl, got caught my friend's face."
tifu-test-00866,"i was a job of my friend's boss, i didn't know it."
tifu-test-00867,"i tried to pay my car, got a few hours."
tifu-test-00868,"i tried to get a girl, got married with my girlfriend."
tifu-test-00869,"i tried to get a girl, i'm my friend."
tifu-test-00870,"i tried to get a new car, got stuck up my friend and ended out of the road."
tifu-test-00871,"tried to get a girl, ended up my house."
tifu-test-00872,"i tried to get a big nose, got my face of the eye."
tifu-test-00873,"i tried to get a girl with my girlfriend, she was going out of her mom."
tifu-test-00874,"i tried to get a girl, ended up my friend in the first time."
tifu-test-00875,"i tried to get a girl, ended up my penis."
tifu-test-00876,"i was a kid in my mom's house,"
tifu-test-00877,"i tried to get a game, got stuck up my head."
tifu-test-00878,my mom's dad.
tifu-test-00879,"i was a girl, i didn't know her girlfriend."
tifu-test-00880,"i tried to get a girl, got drunk with my girlfriend."
tifu-test-00881,"i was a wrong of my head, got caught the school."
tifu-test-00882,"i tried to get a girl, got married with my girlfriend."
tifu-test-00883,"tried to get a girl, got caught up with my girlfriend."
tifu-test-00884,"i was a guy in my boss,"
tifu-test-00885,"i tried to get a new job, got caught my boss and i was stuck up it."
tifu-test-00886,tried to be a shower with my house.
tifu-test-00887,i tried to get a kid and got my dad's house.
tifu-test-00888,"i tried to get a little kid, got caught up my house."
tifu-test-00889,"got drunk, got a bar in the bathroom and ended up my room."
tifu-test-00890,"i was going to get a party of my friend, but i didn't go out."
tifu-test-00891,"i tried to get a dick, got my penis and ended up the bathroom."
tifu-test-00892,"i was a girl, i'm going to be an woman."
tifu-test-00893,"i was a joke of my mom's mother,"
tifu-test-00894,"i tried to get a guy, i was going out of my friend."
tifu-test-00895,"i was a job of my boss, i didn't know it."
tifu-test-00896,"i tried to get a girl, got my dad's house."
tifu-test-00897,"i tried to make a fire, got burnt my house."
tifu-test-00898,"i was a wrong of my car, got drunk in the whole way."
tifu-test-00899,"i tried to get a girl, got caught up with my friend."
tifu-test-00900,"i tried to get a doctor, i didn't take the hospital."
tifu-test-00901,"i tried to get a few day, ended up the room."
tifu-test-00902,"tried to make a girl, ended up my mother's house."
tifu-test-00903,"i tried to get a kid's family,"
tifu-test-00904,"i thought i was a girl,"
tifu-test-00905,"tried to make a shower with my bathroom, ended up the toilet."
tifu-test-00906,"tried to get my phone,"
tifu-test-00907,i tried to get a chicken of my nose.
tifu-test-00908,"tried to get a girl, got drunk with my dick."
tifu-test-00909,"i was going to get a girl, got caught out of my car."
tifu-test-00910,"i tried to get a school, ended up my teacher was an professor."
tifu-test-00911,"i tried to get a picture of my computer, got stuck up the school."
tifu-test-00912,"i tried to get a girl, got my girlfriend."
tifu-test-00913,i tried to make my house and i'm home.
tifu-test-00914,"tried to get a girl, got caught my girlfriend and ended up the first day."
tifu-test-00915,"i tried to get a girl, ended up my friend in the group of school."
tifu-test-00916,"i tried to get a girl, got my nose and now i was stuck up the face."
tifu-test-00917,"i went to get a party, got drunk in the police and ended up my house."
tifu-test-00918,"tried to get a girl, got caught my mom's house."
tifu-test-00919,"i tried to get a girl, got my face of the first day."
tifu-test-00920,i was a dog cat and got my mom's house.
tifu-test-00921,"i tried to get a girl, but i didn't know it was an woman."
tifu-test-00922,"i tried to get a new car, got stuck up my finger."
tifu-test-00923,tried to get a girl.
tifu-test-00924,"i was drunk with my girlfriend, got a girl."
tifu-test-00925,"i tried to get a shower, ended up my nose in the face."
tifu-test-00926,"i tried to get a water, got my nose and ended up the glass."
tifu-test-00927,"i went to get a school, ended up my friend was going out of the class and got caught me."
tifu-test-00928,"i tried to get a shower, ended up my bathroom and got the toilet."
tifu-test-00929,"i was a girl, i didn't get the school."
tifu-test-00930,"i was a game of my friend's party, i didn't know it."
tifu-test-00931,i tried to get a lot of my friend and i didn't have take the hospital.
tifu-test-00932,"went to get a girl, got caught up with my house."
tifu-test-00933,"i tried to get a new laptop, ended up my ass of the first time."
tifu-test-00934,"i was sick, i didn't have a hospital."
tifu-test-00935,i was a joke of my friend's family.
tifu-test-00936,"i tried to get a guy, got caught the police of my car."
tifu-test-00937,"i tried to get a job of my boss, but i didn't know it was going to pay the next week."
tifu-test-00938,i tried to get a picture of my dad's house.
tifu-test-00939,"i tried to get a girl, got caught my face of the doctor."
tifu-test-00940,"i tried to get a new job, got caught my boss and ended up it was fired."
tifu-test-00941,"i tried to get a girl, she was going out of my girlfriend."
tifu-test-00942,"tried to make a girl, got pregnant and i didn't know it."
tifu-test-00943,"i tried to get a girl, but i was going out of my friend."
tifu-test-00944,"i tried to get a shower, ended up the bathroom and got caught my toilet."
tifu-test-00945,"i tried to get a guy, got my boss and now i'm going out of the job."
tifu-test-00946,"i tried to get a shower and ended up my face,"
tifu-test-00947,"i tried to get a car, ended up my bike."
tifu-test-00948,"i tried to get a girl, got caught up with my girlfriend."
tifu-test-00949,"tried to get a girl, got stuck up my friend."
tifu-test-00950,"tried to take a shower, ended up my bathroom."
tifu-test-00951,"tried to get a girl, got my mom's face."
tifu-test-00952,"i tried to get a girl, got caught up with my girlfriend."
tifu-test-00953,"i was a joke of my friend,"
tifu-test-00954,"i was a girl in the school,"
tifu-test-00955,"i tried to get a movie of my boss,"
tifu-test-00956,"i tried to get a shower and got my bathroom,"
tifu-test-00957,"tried to get a girl, got caught my mom's house."
tifu-test-00958,"tried to get a shower, ended up my nose."
tifu-test-00959,"i tried to get a kid, got caught up the school."
tifu-test-00960,"i tried to get a girl, ended up my head and got stuck out of the foot."
tifu-test-00961,"tried to get a girl, ended up my vagina."
tifu-test-00962,"i tried to get a new job, ended up my boss and now i'm not have be the first time."
tifu-test-00963,"tried to get a shower, got caught up with the bathroom."
tifu-test-00964,"i tried to get a girl, i didn't know it was going to make the first time."
tifu-test-00965,i tried to get a new car and got caught it's house.
tifu-test-00966,"i tried to get a girl, got drunk with my friend and she was going out of her girlfriend."
tifu-test-00967,"i tried to get a girl, got drunk with my girlfriend and i was going out of the house."
tifu-test-00968,i was going to get a few day.
tifu-test-00969,i tried to get a tree of my nose and got stuck up the foot.
tifu-test-00970,"i tried to get a dog, got caught my mom's house."
tifu-test-00971,"i tried to get a girl, i didn't know my mom's mother."
tifu-test-00972,"i tried to get a car and got stuck up my bike,"
tifu-test-00973,i was a guy in my boss.
tifu-test-00974,"i fucked up my toilet,"
tifu-test-00975,"i tried to get a girl with my girlfriend, she was going out of her boyfriend."
tifu-test-00976,"i tried to get a job, got fired up my boss."
tifu-test-00977,"i tried to get a big job, got stuck up my house."
tifu-test-00978,"i tried to get a new car, got stuck up the road."
tifu-test-00979,"tried to get a beach, got stuck up my foot."
tifu-test-00980,"i tried to get a girl, ended up with my girlfriend and i'm not have be the first time."
tifu-test-00981,"i tried to get a girl, ended up my girlfriend."
tifu-test-00982,"tried to get a picture of my friend, got caught up the first day."
tifu-test-00983,i tried to use a lot of my nose and got an shower.
tifu-test-00984,"i was a kid of my brother's family,"
tifu-test-00985,"i tried to get a car, got caught my head of the road."
tifu-test-00986,"tried to get a spider, ended up my cat."
tifu-test-00987,"i tried to get a new phone, but i didn't go out of the first time."
tifu-test-00988,"i tried to get a guy in the car, ended up my friend was killed it's police."
tifu-test-00989,"i tried to make the wrong of my teacher, now i didn't be a few minutes."
tifu-test-00990,"i tried to get a kid, got caught my car."
tifu-test-00991,"tried to get a girl, got caught up with my girlfriend."
tifu-test-00992,"i tried to get a shower, ended up my house."
tifu-test-00993,"i tried to get a girl, i was going out of my girlfriend."
tifu-test-00994,"i tried to get a girl, got my friend and now i'm mad with the first day."
tifu-test-00995,"i tried to get a guy, got caught my friend's house."
tifu-test-00996,"i tried to get a shower, ended up my bathroom."
tifu-test-00997,"tried to get a beach, got caught out of my foot."
tifu-test-00998,i was a girl's friend and she didn't tell her mom.
tifu-test-00999,"i tried to buy a new car, ended up in the same time of my first day."
tifu-test-01000,"i went to get a girl, ended up my toilet and got caught the bathroom."
tifu-test-01001,i tried to make a chicken of the fridge and i was not have be it.
tifu-test-01002,"i tried to get a shower, got my house and ended up the bathroom."
tifu-test-01003,i tried to eat a shit.
tifu-test-01004,"i tried to get a car, ended up my house."
tifu-test-01005,"i went to get a new car, got stuck up the road."
tifu-test-01006,"i tried to get a shower, got my toilet."
tifu-test-01007,"i went to get a shower, got stuck up in the hospital."
tifu-test-01008,"i tried to get a new car, got stuck up my wallet."
tifu-test-01009,"i tried to get a girl, but i didn't go out of my mom's mother."
tifu-test-01010,"i tried to get a shower, got caught the bathroom and ended up my foot."
tifu-test-01011,"i tried to get a girl, ended up the bathroom."
tifu-test-01012,"tried to get a door, got stuck up my house."
tifu-test-01013,"i tried to get a post of my phone,"
tifu-test-01014,"i tried to get a girl, got my friend and ended up out of the first time."
tifu-test-01015,i tried to get a chicken of my own house.
tifu-test-01016,"i tried to get a little kid, got caught my foot and i was stuck up the hospital."
tifu-test-01017,"tried to get a shower, ended up the door."
tifu-test-01018,"i tried to get a girl, ended up my house."
tifu-test-01019,"i went to get a new job, got stuck up my boss."
tifu-test-01020,"tried to get a car, got stuck up the door."
tifu-test-01021,"i tried to get a guy, got caught my car."
tifu-test-01022,"i tried to get a fire, got caught my house."
tifu-test-01023,"i went to get a bar, got drunk and ended up my house."
tifu-test-01024,"Bave and the shower, TheThe end ends off."
tifu-test-01025,"i was a guy in the door, ended up my boss."
tifu-test-01026,"i tried to get a girl, got drunk with my girlfriend."
tifu-test-01027,"tried to get a shower, got stuck up with my hand."
tifu-test-01028,"i tried to get a shower, ended up my bathroom."
tifu-test-01029,"i tried to get a girl, but i was going out of my car."
tifu-test-01030,"i thought i was going to get a new job, and my boss."
tifu-test-01031,"i tried to get a girl, ended up my friend was going out of the school."
tifu-test-01032,i drank my coffee.
tifu-test-01033,"went to get a girl, ended up my face of the bathroom."
tifu-test-01034,"i was a job of my boss, and got stuck to get an few day."
tifu-test-01035,"tried to take a bathroom, got caught the toilet."
tifu-test-01036,"i went to get a new car, got caught up in the train."
tifu-test-01037,"i tried to make a microwave of my house, got stuck up the fridge."
tifu-test-01038,"i tried to get a girl with my girlfriend, she was married up her boyfriend."
tifu-test-01039,"i tried to get a shower in the bathroom, ended up my house."
tifu-test-01040,i was a dog of the cat and ended up my house.
tifu-test-01041,"i tried to get a girl, got my friend and i was not have go out."
tifu-test-01042,"i tried to buy a new car, got caught up for the ticket."
tifu-test-01043,"i tried to get a new computer, got stuck up my phone."
tifu-test-01044,"i tried to get a pizza, ended up my house."
tifu-test-01045,"i tried to get a shower, got caught my nose."
tifu-test-01046,"i was a job, got stuck up my boss."
tifu-test-01047,"i went to get a school, got caught my teacher."
tifu-test-01048,i was a new job of my friend and i didn't know it to be the same person.
tifu-test-01049,"tried to eat a toilet, ended up the bathroom."
tifu-test-01050,"i tried to get a little kid, got caught up the hospital."
tifu-test-01051,"i tried to play a game of my dad's brother,"
tifu-test-01052,"i tried to get a few day, ended up my hand."
tifu-test-01053,"i was a guy of my friend, i'm supposed to get the first time."
tifu-test-01054,i tried to get a job of my boss.
tifu-test-01055,"i was a lot of my house, got to get the room."
tifu-test-01056,"i tried to get a shower, ended up my penis."
tifu-test-01057,"i went to get a party, ended up my foot."
tifu-test-01058,"i was a lot of my house, i didn't get the hospital."
tifu-test-01059,"i tried to get a fire, got stuck up my nose and ended out of the floor."
tifu-test-01060,"tried to make a shower, ended up my house."
tifu-test-01061,"i tried to buy my wallet, i didn't get a new money."
tifu-test-01062,"tried to get a girl, got caught my phone of the car."
tifu-test-01063,"i was going to get a girl, she didn't know it."
tifu-test-01064,"i tried to get a shower, got my nose and ended up the glass."
tifu-test-01065,"i tried to get a girl, ended up my room."
tifu-test-01066,"i tried to get a guy, i was going out of my friend."
tifu-test-01067,"i tried to get a new car, got stuck up the road."
tifu-test-01068,"tried to get a shower, ended up my foot."
tifu-test-01069,i tried to get a new job of my house.
tifu-test-01070,"i went to get a party, got caught my car and ended up the hospital."
tifu-test-01071,i tried to be a new computer of my car.
tifu-test-01072,"i tried to get a girl, ended up my girlfriend and got caught the first time."
tifu-test-01073,"i tried to get a new apartment, ended up my house."
tifu-test-01074,"i went to get a girl, ended up my girlfriend and got out of the car."
tifu-test-01075,"tried to get a dog, got caught up the cat and ended out of my house."
tifu-test-01076,i tried to get a girl with my friend and i'm not have be an date.
tifu-test-01077,"i tried to get a pizza, got caught up the restaurant."
tifu-test-01078,i was a girl in the boss.
tifu-test-01079,"i tried to get a test of my friend, but i'm supposed it was going out."
tifu-test-01080,"i tried to get a school, got caught the bathroom and ended up my toilet."
tifu-test-01081,"i was a job of my boss, and i didn't get the same day."
tifu-test-01082,"i tried to get a girl, i didn't go out of the school."
tifu-test-01083,"i tried to get a little friend, got caught my brother's house."
tifu-test-01084,"i tried to get a new car, got stuck up my dad's phone."
tifu-test-01085,"tried to get a girl, got caught up with my foot."
tifu-test-01086,"i tried to get a girl,"
tifu-test-01087,"tried to get a girl, got caught my house and i was not go out of the party."
tifu-test-01088,"i tried to get a girl, but i'm stuck up my mom's house."
tifu-test-01089,"i tried to get a party, i was cut my finger."
tifu-test-01090,"i tried to get a girl, got drunk in my house."
tifu-test-01091,"tried to get a girl, ended up my car."
tifu-test-01092,"i tried to be a new computer of my laptop, ended up the internet."
tifu-test-01093,"i tried to get a chicken, ended up out of the hospital."
tifu-test-01094,"i went to get a kid, got caught my car and ended up the road."
tifu-test-01095,"i tried to get a door, got caught my phone and ended up the house."
tifu-test-01096,"i went to get a glass, got stuck up my foot."
tifu-test-01097,"i was going to get a movie of the girl, i didn't see my mom's family."
tifu-test-01098,"i tried to get a new girl, got stuck up my face of the first day."
tifu-test-01099,"i tried to get a snow and got my house, ended up in the door."
tifu-test-01100,"tried to get a girl, got caught my car in the door."
tifu-test-01101,"i tried to get a guy and got my dad's mom,"
tifu-test-01102,"i went to get a toilet, got caught my bathroom."
tifu-test-01103,i tried to make a pizza.
tifu-test-01104,"tried to get a knife, didn't take my nose."
tifu-test-01105,"i went to get a girl, got caught up with my friend and ended out of the first day."
tifu-test-01106,"tried to get a guy, ended up out of my face."
tifu-test-01107,"i tried to get a shower and got my nose,"
tifu-test-01108,"i tried to get a new job, got stuck up my phone and ended out of the same day."
tifu-test-01109,"i didn't be a job,"
tifu-test-01110,"i tried to get a lot of my foot, ended up the road."
tifu-test-01111,"tried to get a shower, ended up my bathroom and got stuck out of the floor."
tifu-test-01112,i left my pants in a bag of the door.
tifu-test-01113,"i tried to get a big dog, ended up my nose."
tifu-test-01114,"i tried to get a kid, got caught my friend and i was stuck up the school."
tifu-test-01115,"i tried to make my brother's house,"
tifu-test-01116,"i tried to get a girl, ended up my house."
tifu-test-01117,"i didn't go to get a shower,"
tifu-test-01118,"i tried to get a new car, got stuck up my wallet and i was going out of the store."
tifu-test-01119,"i tried to get a guy with my friend, but i didn't know it."
tifu-test-01120,"i tried to get a bar, ended up out of my bathroom and got drunk."
tifu-test-01121,"tried to take a shower, got caught up my foot."
tifu-test-01122,"i tried to get a guy, got caught out of the road."
tifu-test-01123,i tried to be a new room of my nose and ended up the floor.
tifu-test-01124,"i tried to get a girl, ended up with my girlfriend and she didn't go out of her friend."
tifu-test-01125,"tried to get a party, got my family and ended up the first day."
tifu-test-01126,"i tried to get a house, got drunk in the room."
tifu-test-01127,"i tried to get a new friend, got caught my phone and i was going out of the same time."
tifu-test-01128,"tried to get a dog, got caught the house."
tifu-test-01129,"i tried to get a guy, got caught my car."
tifu-test-01130,"tried to get a girl, ended up my girlfriend."
tifu-test-01131,"i tried to get a party, got drunk and ended up my boss."
tifu-test-01132,"i tried to get a girl,"
tifu-test-01133,"i tried to get a new school, got stuck up the first time of my teacher."
tifu-test-01134,"i tried to be a new computer, but i'm stuck up my phone."
tifu-test-01135,"tried to get a dog, got caught up the police."
tifu-test-01136,i was a kid in my mom's mother.
tifu-test-01137,"i tried to get a new door, got stuck up my boss."
tifu-test-01138,i got a girl with my friend and i was going to get drunk.
tifu-test-01139,"i tried to get a school, ended up my mom's house."
tifu-test-01140,i tried to get a pizza and got my house.
tifu-test-01141,"i tried to make a party, got caught my house."
tifu-test-01142,"i tried to get a big head, got stuck up my hand of the first day."
tifu-test-01143,i was a lot of my nose and i didn't have be it.
tifu-test-01144,"tried to get a girl, got caught my friend and ended up the road."
tifu-test-01145,i got a new job of my friend was supposed to get the date.
tifu-test-01146,i tried to get a picture of my friend.
tifu-test-01147,i didn't pay a $$
tifu-test-01148,"i went to get a party of my house, ended up the first day."
tifu-test-01149,i tried to get a job of my boss.
tifu-test-01150,"i went to get a little friend, got caught up the school."
tifu-test-01151,"i tried to get a guy, got stuck up with the road."
tifu-test-01152,"i tried to get a girl, got drunk with my girlfriend and ended up out of the first day."
tifu-test-01153,"i was a job of my boss, i'm supposed to get the first day."
tifu-test-01154,"i tried to get a car, got stuck up my house."
tifu-test-01155,"tried to get a guy, got caught up with my face."
tifu-test-01156,"i tried to buy a new store of my house, got stuck up it was going out."
tifu-test-01157,"i tried to get a girl, ended up my friend was an teacher."
tifu-test-01158,i fucked up my girlfriend and got a girl.
tifu-test-01159,"i tried to get a girl, i didn't know it was my mom."
tifu-test-01160,"tried to get a shower, ended up my nose."
tifu-test-01161,"i tried to get a shower, got caught my bathroom and ended up the toilet."
tifu-test-01162,"i tried to get a little kid, got caught it was going out of the fire."
tifu-test-01163,"tried to get a fire, got caught my friend and ended up the street."
tifu-test-01164,"i tried to get a girl, got my girlfriend and i was going out."
tifu-test-01165,"i was a girl, i didn't know it."
tifu-test-01166,"i tried to get a party, got drunk and ended up my house."
tifu-test-01167,"went to get a girl, ended up with my girlfriend and got drunk."
tifu-test-01168,"i was a big kid, ended up my arm and got caught the hospital."
tifu-test-01169,"i tried to get a school, got caught my friend and i didn't have the class."
tifu-test-01170,"i tried to get a chicken of my nose, ended up it was the first day."
tifu-test-01171,"i tried to get a new car, got stuck up my foot."
tifu-test-01172,"i tried to get a dog, got caught my car and i was going out of the cat."
tifu-test-01173,i tried to send my friend's phone.
tifu-test-01174,i was a joke of my friend.
tifu-test-01175,i was a lot of my friend and now i'm going to get it.
tifu-test-01176,"i tried to get a girl, ended up my girlfriend."
tifu-test-01177,"i tried to get a new car, got stuck up the road."
tifu-test-01178,"i was a guy in my house, got caught up with the bathroom."
tifu-test-01179,"i tried to get a game of the party, got caught up out."
tifu-test-01180,"i tried to get a game, got stuck up my friend."
tifu-test-01181,i tried to get a new dog and got caught up my mom's house.
tifu-test-01182,i tried to get a new ass of my nose.
tifu-test-01183,"i tried to get a shower and got my nose,"
tifu-test-01184,"i tried to get a guy, got an new face of my eye."
tifu-test-01185,"i tried to get a new car, got stuck up my house."
tifu-test-01186,"i tried to get a lot of my head, ended up the hospital."
tifu-test-01187,"i tried to get a knife, got my dog and i was stuck up the little guy."
tifu-test-01188,"i tried to get a guy, got my friend's face and i was stuck up it."
tifu-test-01189,"i tried to get a girl, ended up my girlfriend."
tifu-test-01190,"i was going to get a party, ended up the band of my friend."
tifu-test-01191,i tried to make a chicken of my own house.
tifu-test-01192,"i tried to get a cat dog, got caught up my house."
tifu-test-01193,"i tried to get a girl, ended up my friend and i'm not have be the same day."
tifu-test-01194,i was a girl and she didn't get my girlfriend.
tifu-test-01195,i tried to use a new room and got stuck up my house.
tifu-test-01196,i was a guy.
tifu-test-01197,"i was a joke of the movie,"
tifu-test-01198,i was a guy of my friend and he didn't know it.
tifu-test-01199,"i got a job of my boss, but he was going to get an guy."
tifu-test-01200,"i got drunk with my friend's house,"
tifu-test-01201,"i tried to get a girl, got caught up with my nose."
tifu-test-01202,"tried to get a glass, got stuck up with my foot."
tifu-test-01203,"i went to get a few weeks of my car, got caught up and i didn't go back out."
tifu-test-01204,"i tried to get a guy, got my nose."
tifu-test-01205,"i tried to sleep with my bathroom, ended up a shower."
tifu-test-01206,"i tried to make a shower, ended up my face of the floor."
tifu-test-01207,"tried to get a dog, got caught up with my friend."
tifu-test-01208,"i thought i was a girl,"
tifu-test-01209,"tried to get a girl, ended up my mom's house."
tifu-test-01210,"i tried to get a new school, got caught my friend i was the first time of me."
tifu-test-01211,"i tried to get a school, got caught my teacher and ended up out of the class."
tifu-test-01212,"went to get a car, got drunk and ended up the road."
tifu-test-01213,i tried to make a chicken of my house.
tifu-test-01214,"tried to eat a bottle of my mouth,"
tifu-test-01215,"i tried to get a girl with my friend, ended up out of the first year."
tifu-test-01216,i tried to get a new dog and i didn't know it.
tifu-test-01217,"i was going to get a new job, i didn't know it."
tifu-test-01218,"went to get a girl, got drunk with my girlfriend."
tifu-test-01219,i was a guy in my friend and got to get the door.
tifu-test-01220,"i tried to get a girl, got caught my car and ended up the bathroom."
tifu-test-01221,"i tried to get a girl, i'm my friend was going out of the first time."
tifu-test-01222,i tried to get a game of my head and ended up the first time.
tifu-test-01223,"i went to get a car, got caught my house and i was stuck out of the road."
tifu-test-01224,"i tried to get a girl, i was stuck up my mom's house."
tifu-test-01225,"i tried to get a girl, got drunk with my girlfriend."
tifu-test-01226,"i tried to make a water, got an fire and i was been the school."
tifu-test-01227,i was a girl in the door.
tifu-test-01228,"i tried to make my mom's house, i was a little girl."
tifu-test-01229,"i tried to get a new school, got caught my car."
tifu-test-01230,"i tried to get a shit, got caught the hospital."
tifu-test-01231,"i was going to get a girl, she didn't know i'm busy."
tifu-test-01232,i tried to get a piss in my penis.
tifu-test-01233,"tried to get a shower with my house, got stuck up the door."
tifu-test-01234,"went to get a girl, got drunk with my friend."
tifu-test-01235,"i tried to get my phone, i didn't know it was a text."
tifu-test-01236,"i tried to get a new computer of the first time, and i didn't have be going out."
tifu-test-01237,"i was a class of my friend's teacher,"
tifu-test-01238,i tried to get a girl with my girlfriend.
tifu-test-01239,"i tried to get a pizza, ended up my boss."
tifu-test-01240,"i went to get a bathroom, got caught my toilet."
tifu-test-01241,"i was a girl, i didn't go to get the school."
tifu-test-01242,"i went to get a girl, got caught my girlfriend and ended up the bathroom."
tifu-test-01243,"tried to get a cat dog, ended up my house."
tifu-test-01244,"i tried to get a lot of my head, ended up the hospital."
tifu-test-01245,"i tried to make the house, got a fire in my room."
tifu-test-01246,"i was a lot of the pizza, got to get some few day."
tifu-test-01247,i tried to get a video of my phone.
tifu-test-01248,"tried to get a girl, got married with my girlfriend."
tifu-test-01249,i was a chicken of my cat and i didn't eat it.
tifu-test-01250,"i tried to get a nice of my nose, i was stuck up the first time."
tifu-test-01251,i was a girl in my girlfriend and she had been to be the first day.
tifu-test-01252,"i tried to get a water, got stuck up my house."
tifu-test-01253,i tried to play my dad's family and i was a little brother.
tifu-test-01254,i was a lot of my teacher and i didn't know it.
tifu-test-01255,"i tried to get a job, i didn't pay my own money."
tifu-test-01256,i tried to get my penis.
tifu-test-01257,"i tried to eat my nose, got a lot of the stomach."
tifu-test-01258,i tried to get a girl and got my mom's face.
tifu-test-01259,"tried to get a girl, got caught out of the doctor."
tifu-test-01260,"i tried to get a date with my friend, now i didn't know it."
tifu-test-01261,i tried to get a kid and got my dad's head of the first day.
tifu-test-01262,i was a lot of my house and got to get the car.
tifu-test-01263,"i tried to get a guy with my friend, got caught up out."
tifu-test-01264,"went to get a girl, got drunk and ended up the first night."
tifu-test-01265,"i didn't read my teacher,"
tifu-test-01266,"i got a lot of my house, ended up in the floor."
tifu-test-01267,"i tried to get a girl, got my room and ended up the bathroom."
tifu-test-01268,"tried to get a guy, ended up my dick."
tifu-test-01269,i tried to make my nose and got a shower in the toilet.
tifu-test-01270,"i tried to make my house and i was a fire,"
tifu-test-01271,"i tried to get a shit, got my ass and ended up the toilet."
tifu-test-01272,"i tried to get a bunch of my car, ended up the door."
tifu-test-01273,"i went to get a girl, got caught the bathroom and ended up my house."
tifu-test-01274,i didn't know my mother's mom.
tifu-test-01275,"i tried to get a girl, but i didn't know it."
tifu-test-01276,"tried to get a girl, got caught up with my friend."
tifu-test-01277,i tried to get a movie of my pizza.
tifu-test-01278,i was a girl with my sister's daughter.
tifu-test-01279,i tried to get a new friend and got caught my dad's phone.
tifu-test-01280,"i tried to get a new car, got stuck up my phone."
tifu-test-01281,i tried to get a girl with my girlfriend.
tifu-test-01282,"i was a wrong of my boss,"
tifu-test-01283,"i tried to get a car, got caught my house."
tifu-test-01284,"i tried to get a girl, i was my face of the first day."
tifu-test-01285,"went to get a car, got drunk and ended up out of the road."
tifu-test-01286,"i was a girl, i didn't get my girlfriend."
tifu-test-01287,"i was a joke of my friend's """
tifu-test-01288,"i went to get a girl, got drunk and ended up my face."
tifu-test-01289,"i tried to get a guy, got drunk in the door."
tifu-test-01290,"tried to get a guy, got caught up with my friend."
tifu-test-01291,"i tried to get a bar of my toilet, got caught up the bathroom."
tifu-test-01292,"tried to get a shower, ended up my bathroom."
tifu-test-01293,"i tried to get a girl, i didn't know it."
tifu-test-01294,"i tried to get a girl, got caught my boss."
tifu-test-01295,"tried to get a girl, got caught up with my mom's house."
tifu-test-01296,"i tried to get a girl, got drunk with my house."
tifu-test-01297,"tried to get a bathroom, ended up my toilet."
tifu-test-01298,"i was a lot of my car, i didn't see the school."
tifu-test-01299,"i tried to get a pot, got drunk and ended up my house."
tifu-test-01300,"i was a lot of the first day, i didn't get my own life."
tifu-test-01301,"i tried to get a store of the door, got stuck up my house."
tifu-test-01302,"i tried to get a joke of my friend, got caught it was the first time."
tifu-test-01303,i tried to get a guy and i'm my boss.
tifu-test-01304,"i got a lot of my head, i tried to get the road."
tifu-test-01305,"i tried to get a kid, got my mom's face."
tifu-test-01306,"i tried to get a new job, got stuck up my dick."
tifu-test-01307,i got a guy in my bike and he was going to get the road.
tifu-test-01308,"i tried to make a fire, got burnt my house."
tifu-test-01309,"i tried to get a girl, ended up my friend and got caught me."
tifu-test-01310,"i tried to get a shit, got my bathroom and ended up the toilet."
tifu-test-01311,"i was a big job, i didn't be the doctor."
tifu-test-01312,"i tried to get a new laptop, ended up my phone."
tifu-test-01313,"i tried to get a picture of my car, and got stuck up the first time."
tifu-test-01314,"i tried to get a game, got my friend and now i am stuck up with the hand."
tifu-test-01315,"i was a lot of my house and got to get the door, ended up it's apartment."
tifu-test-01316,"i tried to get a girl, got caught my girlfriend and ended up with the police."
tifu-test-01317,"i tried to get a new computer of my laptop, and got stuck up the internet."
tifu-test-01318,"tried to get a girl, got caught my car."
tifu-test-01319,i was a girl in my room and i didn't be the door.
tifu-test-01320,"i tried to buy a store of my car, but i didn't get the same job."
tifu-test-01321,"tried to get a girl, got drunk in the bar of my face."
tifu-test-01322,i tried to get a pizza.
tifu-test-01323,"i tried to get a new car, got stuck up my garage."
tifu-test-01324,i got a job and now i'm going to get work.
tifu-test-01325,"i went to get a bathroom, got caught the toilet and ended up my house."
tifu-test-01326,"i tried to get a chicken of my dick,"
tifu-test-01327,"i went to get a new car, got caught the bus and ended up my house."
tifu-test-01328,"i tried to get a girl, she was going out of my friend."
tifu-test-01329,"i tried to make a new dog, ended up my house."
tifu-test-01330,"i was a girl and my girlfriend,"
tifu-test-01331,"i tried to make the water, got a shower."
tifu-test-01332,"i tried to get a pizza, got my nose and ended up the first day."
tifu-test-01333,"i was a job of my boss, got to be the office."
tifu-test-01334,i thought i was going to get a new job of the first time.
tifu-test-01335,"tried to get a car, got caught the road."
tifu-test-01336,"i tried to get a new job, but i didn't have be the boss."
tifu-test-01337,"i tried to get a girl, i didn't go out of my girlfriend."
tifu-test-01338,"i tried to make a glass, got my nose and ended up the shower."
tifu-test-01339,"i tried to get a car, got stuck up the bus."
tifu-test-01340,"i tried to get a school, i didn't read my teacher."
tifu-test-01341,"i tried to get a girl with my girlfriend, but i didn't know her friend."
tifu-test-01342,"i tried to get a guy, got drunk and ended up my car."
tifu-test-01343,"i tried to get a girl, got drunk and ended up my face."
tifu-test-01344,"i tried to get a shower and ended up my bed,"
tifu-test-01345,"i tried to get a job, got caught up with my boss."
tifu-test-01346,"tried to get a bathroom, got stuck up my phone."
tifu-test-01347,"i tried to get a girl, but i didn't know it was going out."
tifu-test-01348,"i tried to make a fire and got my face,"
tifu-test-01349,"i tried to get a post of my friend, but i was not have be the first time."
tifu-test-01350,"i tried to get a guy, got my friend's school."
tifu-test-01351,"i tried to get a guy and got my hair,"
tifu-test-01352,tried to get a girl with my girlfriend.
tifu-test-01353,"i tried to get a new job, but i'm stuck up my boss."
tifu-test-01354,"i tried to get a guy, i was an girl."
tifu-test-01355,"tried to get a guy,"
tifu-test-01356,"i tried to make my house, i was a few day."
tifu-test-01357,"tried to get a girl, ended up with my vagina."
tifu-test-01358,"tried to get a girl, got caught up my face of the first time."
tifu-test-01359,"i went to get a wrong of the train,"
tifu-test-01360,"i got drunk with my girlfriend, ended up a girl."
tifu-test-01361,"i tried to get a girl, ended up the middle of my face."
tifu-test-01362,"i tried to get a girl, got caught my mom's house."
tifu-test-01363,"i tried to get a big dog, got caught up my foot."
tifu-test-01364,"i tried to get a bike, got caught my car."
tifu-test-01365,"i tried to make my house and got a fire,"
tifu-test-01366,i was a girl with my girlfriend and i didn't go to get her mom.
tifu-test-01367,"i was a girl and i'm my girlfriend,"
tifu-test-01368,"tried to get a dog, got caught up with the pit of my foot."
tifu-test-01369,"i tried to get a shower and got my head,"
tifu-test-01370,"tried to get a girl, got caught out of my face."
tifu-test-01371,"i tried to get a new house, got stuck up the room and ended out of my mom's door."
tifu-test-01372,"i tried to get a new job, got stuck up my finger."
tifu-test-01373,"i tried to get a new car, got stuck up my dad."
tifu-test-01374,tried to get a guy.
tifu-test-01375,i tried to get a doctor and i had my dentist.
tifu-test-01376,"i tried to make my finger, got a glass and i was stuck up it."
tifu-test-01377,"i tried to get a new car, got stuck up my garage."
tifu-test-01378,"i tried to get a girl, got my mom's house."
tifu-test-01379,"i tried to get a car, got caught my bike."
tifu-test-01380,"i tried to get a girl, got my friend's face of the first day."
tifu-test-01381,"i tried to get a girl, but i didn't know it's mom."
tifu-test-01382,"i tried to get a girl, got my friend and i'm going out of the phone."
tifu-test-01383,i tried to get a fire and got caught my house.
tifu-test-01384,"i went to get a new car, got caught up in the parking and ended out of my house."
tifu-test-01385,"tried to get a girl, ended up the bathroom."
tifu-test-01386,"i tried to get a girl, got caught my friend's school."
tifu-test-01387,"i tried to get a girl, i didn't know it was going out of my house."
tifu-test-01388,"i tried to get a girl with my girlfriend, she was married out of her friend."
tifu-test-01389,"i tried to get a car, got caught my bike and i'm stuck up the road."
tifu-test-01390,i tried to buy a gift of my mom's mother and now i didn't know it was going to get the same month.
tifu-test-01391,"i tried to get a guy and got my face, i'm stuck up the car."
tifu-test-01392,"i tried to get a girl, got my penis."
tifu-test-01393,"i went to get a shower, ended up my house."
tifu-test-01394,"tried to get a shower, ended up my foot."
tifu-test-01395,"i tried to get a dog, got my mom's house."
tifu-test-01396,"i tried to eat a pizza, got my house."
tifu-test-01397,"i tried to get a shit and ended up my head,"
tifu-test-01398,i tried to get a job of my boss.
tifu-test-01399,"tried to get a shower, ended up my bathroom."
tifu-test-01400,"i tried to get a tree, got stuck up my foot."
tifu-test-01401,"i tried to get a girl, got caught my car."
tifu-test-01402,"i tried to get a cat, got caught my house and ended up the bathroom."
tifu-test-01403,"i tried to get a shower, ended up the bathroom."
tifu-test-01404,"i tried to get a school, but i didn't go out of the class."
tifu-test-01405,i tried to get a new car.
tifu-test-01406,"i tried to get a girl, ended up my girlfriend."
tifu-test-01407,"i told a girl, she was going to get my girlfriend."
tifu-test-01408,"i was a girl, i didn't know her girlfriend."
tifu-test-01409,"i tried to get a new phone and got my car,"
tifu-test-01410,i tried to get a game of my friend.
tifu-test-01411,"i tried to get a girl, ended up my friend and i was going out of the school."
tifu-test-01412,"tried to get a car, got stuck up in the door."
tifu-test-01413,"i tried to get a cat, got my mom's house."
tifu-test-01414,"i tried to get a new computer, i was stuck up my phone."
tifu-test-01415,"i was a shower in the bathroom, ended up my toilet."
tifu-test-01416,"i tried to get a girl, got caught my house."
tifu-test-01417,"i tried to get a new car, got stuck up my house."
tifu-test-01418,i tried to get a new computer and i was stuck up my house.
tifu-test-01419,"i tried to get a girl, ended up my girlfriend."
tifu-test-01420,i tried to get a pizza and got my house.
tifu-test-01421,"tried to get a girl, got caught up with my girlfriend."
tifu-test-01422,"i tried to get a new car, got caught the road."
tifu-test-01423,"i was a girl, i didn't know it to tell me."
tifu-test-01424,"i tried to make a pizza, but i didn't eat up my mom."
tifu-test-01425,"tried to get a car, got caught up the road."
tifu-test-01426,"i tried to get a guy, got caught my friend and ended up the first day."
tifu-test-01427,"i tried to get a girl, got drunk with my girlfriend."
tifu-test-01428,"i was a wrong of the school, got caught to get an class."
tifu-test-01429,"i tried to watch a new porn,"
tifu-test-01430,"went to get a girl, got drunk and ended up my girlfriend."
tifu-test-01431,i tried to get a new room of my house.
tifu-test-01432,"i tried to send a new post of my friend,"
tifu-test-01433,i tried to make a lot of my house.
tifu-test-01434,"i tried to play a game of my friend and she was going out,"
tifu-test-01435,"tried to get a road, got caught up with the car."
tifu-test-01436,"tried to get a shower, got stuck up my nose."
tifu-test-01437,i tried to get a few weeks of my car.
tifu-test-01438,"i went to get a guy, got caught my dad's house."
tifu-test-01439,"i was a guy in my friend's car,"
tifu-test-01440,"tried to get a shower, got stuck up with my house."
tifu-test-01441,i tried to get a new phone and got stuck up my car.
tifu-test-01442,"i tried to get a girl, ended up my friend and i was going out of the first day."
tifu-test-01443,"i tried to get a guy, got my car and i'm stuck up the first time of work."
tifu-test-01444,"i tried to get a girl, ended up the bar of my friend."
tifu-test-01445,"i tried to get a store of the shop, got stuck up out."
tifu-test-01446,"i tried to get a new car, got stuck up my house."
tifu-test-01447,i tried to get a guy.
tifu-test-01448,"i tried to get a girl with my friend, i'm going out of the first time."
tifu-test-01449,"i tried to get a bunch of my foot, got stuck up the floor."
tifu-test-01450,"i didn't go to get a shit,"
tifu-test-01451,"i tried to get a girl, got caught the school of my teacher."
tifu-test-01452,i tried to make a fire of my house and i was burnt up it.
tifu-test-01453,"went to get a car, got caught up the road and ended out of my car."
tifu-test-01454,"i tried to get a train, got caught my car and ended up the bus."
tifu-test-01455,"tried to get a party, got stuck up with my finger."
tifu-test-01456,i didn't know a movie because i was going to see the same time of my brother.
tifu-test-01457,"i tried to get a car, ended up my truck and got caught the road."
tifu-test-01458,"i was a girl, i'm going to be the new friend."
tifu-test-01459,"i tried to make a pizza, but i didn't eat it was the microwave."
tifu-test-01460,"i tried to get a guy, got drunk with my friend and ended up the party."
tifu-test-01461,"i tried to get a little kid, he was stuck up my friend."
tifu-test-01462,"tried to get a dog, got caught up the cat."
tifu-test-01463,"i tried to get a new school, got caught my teacher i was the first time."
tifu-test-01464,"i tried to get a girl, got caught my friend and ended up the school."
tifu-test-01465,"i was a new job, got my boss."
tifu-test-01466,"i tried to get a girl, got drunk with my girlfriend."
tifu-test-01467,"i tried to get a lot of my nose,"
tifu-test-01468,"i tried to get a girl, got caught my girlfriend."
tifu-test-01469,"i was a guy in the car, got caught out of my boss."
tifu-test-01470,"tried to get a snow, got caught my house."
tifu-test-01471,"i drank a bottle of my friend and got drunk,"
tifu-test-01472,"tried to get a shower, ended up my house."
tifu-test-01473,tried to make a picture of my friend's house.
tifu-test-01474,"i tried to get a kid, but i didn't take my mother."
tifu-test-01475,"i tried to get a guy, but i was going out of the first time."
tifu-test-01476,"i tried to get a girl, ended up my girlfriend and got caught out of the house."
tifu-test-01477,"i tried to get a big dog,"
tifu-test-01478,i was a movie of my room and ended up the school.
tifu-test-01479,"tried to get a girl, ended up my friend and got caught the school."
tifu-test-01480,"i tried to get a girl, but i'm stuck up my boss."
tifu-test-01481,i was a joke of my teacher.
tifu-test-01482,"i tried to get a girl, ended up my mom was been the hospital."
tifu-test-01483,i was a kid in my mom's mother and i had to get the house.
tifu-test-01484,"i tried to get a kid, got caught my friend and ended up the police."
tifu-test-01485,"i tried to get a fire, got caught up the house."
tifu-test-01486,"i tried to get a kid, i was sick in the doctor."
tifu-test-01487,"tried to get a trick, got stuck up my foot."
tifu-test-01488,i was a little day of my mom's house.
tifu-test-01489,"i tried to get a girl, got my friend i was going out of the game."
tifu-test-01490,"tried to get a girl, ended up the bathroom."
tifu-test-01491,"i tried to get a guy, got caught my brother's dad."
tifu-test-01492,"i tried to get a girl, ended up my girlfriend."
tifu-test-01493,"i tried to get a truck, got stuck up the car."
tifu-test-01494,"i tried to get a shower, got my face of the bathroom."
tifu-test-01495,"i tried to play my phone, i was a new computer."
tifu-test-01496,"i tried to get a picture of my friend, got caught it was not have the first time."
tifu-test-01497,"i thought i was a girl,"
tifu-test-01498,"i tried to get my penis,"
tifu-test-01499,"i was a lot of my house, ended up the door."
tifu-test-01500,i was a guy in my friend and i had been to get the house.
tifu-test-01501,"i tried to get a new dog, but i didn't be the first time."
tifu-test-01502,"i was a lot of my car, got an hospital."
tifu-test-01503,"i tried to make my nose and i was a new dog,"
tifu-test-01504,"i tried to get a girl, ended up my girlfriend and i'm an little time of the first day."
tifu-test-01505,"tried to get a big car, got caught up the road in my foot."
tifu-test-01506,i was a lot of my friend and i didn't eat it.
tifu-test-01507,"i tried to pick my dog and got a cat,"
tifu-test-01508,"i was a girl, i didn't know my friend."
tifu-test-01509,i was going to get a guy and got an girl.
tifu-test-01510,i was a wrong of my friend and i didn't be the school.
tifu-test-01511,"i tried to get a movie of my friend, got drunk and ended up the first time."
tifu-test-01512,"i tried to get a shit, got caught my toilet."
tifu-test-01513,"i tried to get a girl, i was stuck up my girlfriend."
tifu-test-01514,"tried to make a fire of the toilet,"
tifu-test-01515,"i tried to get a new girl,"
tifu-test-01516,"i tried to get a kid and got the park, i was going out of my friend."
tifu-test-01517,"i tried to get a girl, but i was going out of my girlfriend."
tifu-test-01518,"tried to make a fire, ended up the middle of my plane."
tifu-test-01519,"i tried to get a guy, got drunk with my friend."
tifu-test-01520,i was a doctor and i didn't be the professor.
tifu-test-01521,"i tried to make my house, got a lot of the fridge."
tifu-test-01522,"i tried to get a new nose, ended up my eye."
tifu-test-01523,"i got drunk,"
tifu-test-01524,"i went to get a girl, got caught my friend and ended up the school."
tifu-test-01525,"i tried to get a new car, got stuck up my house."
tifu-test-01526,i tried to get a girl with my friend and got caught up the doctor.
tifu-test-01527,"i tried to get a car, ended up my dad's house."
tifu-test-01528,i was a joke of my friend and i didn't know it.
tifu-test-01529,"i tried to get a pizza, got my car and i'm stuck up the door."
tifu-test-01530,"i tried to get a toilet, got my penis and ended up the bathroom."
tifu-test-01531,"i went to get a party, got drunk and ended up my house."
tifu-test-01532,"i tried to get a girl, ended up my head of the first day."
tifu-test-01533,"i tried to get a girl, got caught her friend and she was going out of my girlfriend."
tifu-test-01534,"i tried to get a shower and ended up my cat,"
tifu-test-01535,"tried to get a girl, got married with my girlfriend."
tifu-test-01536,"i tried to get a car, got my house."
tifu-test-01537,i tried to play my phone and i'm a porn.
tifu-test-01538,"i tried to get a car, got caught my car and ended up the road."
tifu-test-01539,"tried to eat a dog, got caught up with my house."
tifu-test-01540,i was a kid and i didn't know it's mom.
tifu-test-01541,i tried to be a wrong of my friend.
tifu-test-01542,"i tried to make a big house, ended up my family and got out of the first day."
tifu-test-01543,"i tried to get a fire, got stuck up my house."
tifu-test-01544,"i thought i'm a girl and my mom's mother,"
tifu-test-01545,"i was a lot of my house, got to get the first day."
tifu-test-01546,"tried to get a bathroom, got stuck up the toilet."
tifu-test-01547,"i was a big girl, got caught the wrong of my friend."
tifu-test-01548,i tried to get a lot of my car.
tifu-test-01549,"i was a big brother's house, and my dad didn't know it."
tifu-test-01550,i was a job of my boss.
tifu-test-01551,"i got a girl, i was married to get my girlfriend."
tifu-test-01552,i was going to get a few day.
tifu-test-01553,"i tried to be a new computer,"
tifu-test-01554,"i tried to get a new room, ended up the floor."
tifu-test-01555,i fucked up my girlfriend and she was a girl.
tifu-test-01556,"i tried to make my house,"
tifu-test-01557,"i tried to get a car, got drunk with my house."
tifu-test-01558,"i tried to get a girl, ended up my girlfriend and got caught the shower."
tifu-test-01559,"i tried to get a doctor, got my nose and ended up the hospital."
tifu-test-01560,"i tried to get a girl, got caught the school."
tifu-test-01561,"i tried to get a kid, got caught my head of the door."
tifu-test-01562,"i went to get a party of my friend's house, i was going out."
tifu-test-01563,i told my girlfriend's friend was a girl.
tifu-test-01564,"i tried to eat my nose, ended up the toilet."
tifu-test-01565,"i tried to get a girl, ended up my friend and got caught the first day."
tifu-test-01566,"i tried to get a fire, got fired up the house."
tifu-test-01567,"i tried to get a guy,"
tifu-test-01568,"i went to get a toilet, got my bathroom and ended up the room."
tifu-test-01569,"i tried to get a girl, ended up with my friend and got drunk."
tifu-test-01570,"tried to get a couple of my finger, got stuck up the hospital."
tifu-test-01571,"i tried to get a girl, i was going out of my friend."
tifu-test-01572,"i went to get a girl, got caught my friend and i was going out of the first time."
tifu-test-01573,"i tried to make my house, i was a few day."
tifu-test-01574,"i tried to get a few day, got stuck up my ass."
tifu-test-01575,"i tried to get a wrong of my foot,"
tifu-test-01576,i was a joke of my friend and i didn't know it.
tifu-test-01577,"i tried to get a shit, ended up my house."
tifu-test-01578,"tried to get a girl, she was going out of my car."
tifu-test-01579,"i tried to get a big job of my boss, got caught up the floor."
tifu-test-01580,"i tried to get a girl, ended up my face."
tifu-test-01581,i was a guy in the room and got to get my boss.
tifu-test-01582,"i tried to get a dog, ended up my car."
tifu-test-01583,"i went to get a girl, got drunk with my girlfriend and ended up the first day."
tifu-test-01584,"i was a wrong of my first day, i didn't know it."
tifu-test-01585,"i tried to get a shower, ended up my toilet and got caught the bathroom."
tifu-test-01586,"i tried to get a new post of my phone, i'm supposed it was going out."
tifu-test-01587,"i tried to get a new computer, ended up my laptop and now i didn't be the same time."
tifu-test-01588,"i tried to get a kid,"
tifu-test-01589,"tried to get a car, got stuck up with my dad's father."
tifu-test-01590,"i tried to get a kid, got stuck up the door."
tifu-test-01591,"i went to get a party, got caught out of the door."
tifu-test-01592,i didn't be a wrong of my room.
tifu-test-01593,"i tried to get a new job, ended up my head."
tifu-test-01594,i tried to get a new job and then now i didn't do be stuck it.
tifu-test-01595,"i tried to get a big job, got caught my car and ended up the door."
tifu-test-01596,"i tried to get a bar, got drunk and ended up my house."
tifu-test-01597,"i tried to get a new computer, got stuck up my phone."
tifu-test-01598,i tried to get a fire of my nose.
tifu-test-01599,"i tried to get a shit, got drunk and ended up my house."
tifu-test-01600,"i tried to get a new job, got caught my boss."
tifu-test-01601,"i tried to get a shower and got my bathroom, ended up the toilet."
tifu-test-01602,"i was a joke,"
tifu-test-01603,"i tried to get a girl, got drunk with my friend."
tifu-test-01604,"tried to get a girl, got caught up my friend."
tifu-test-01605,"i tried to get a new car, got stuck up for the wrong of my friend."
tifu-test-01606,"i tried to get a car, got caught my truck."
tifu-test-01607,"i tried to get a new car, got stuck up my house."
tifu-test-01608,"i was a new girl, she didn't get drunk."
tifu-test-01609,"i didn't read a wrong of my teacher, ended up to get an professor."
tifu-test-01610,"i tried to get a shower in my bathroom, ended up the floor."
tifu-test-01611,"i tried to get a girl, but i was stuck up my face."
tifu-test-01612,"i tried to get a girl, got my head and ended up with the doctor."
tifu-test-01613,"tried to get a road, got caught up my foot and ended out of the train."
tifu-test-01614,"tried to get a shower, ended up the bathroom."
tifu-test-01615,"i tried to get a bottle, got drunk and ended up my car."
tifu-test-01616,"i was a piss in the bathroom, got caught my toilet."
tifu-test-01617,tried to make my hair.
tifu-test-01618,"tried to get a shower, got my foot in the floor."
tifu-test-01619,"i was a job of my boss, and i didn't know it's work."
tifu-test-01620,"i went to get a girl, got stuck up my face."
tifu-test-01621,"i tried to eat my toilet, got a shower."
tifu-test-01622,"i tried to get a girl, ended up my house."
tifu-test-01623,"i tried to get a guy, ended up my head."
tifu-test-01624,"i tried to get a new computer, but i didn't be my phone."
tifu-test-01625,"i tried to buy a new store of the first time, and ended up it was going to get an few weeks."
tifu-test-01626,"i tried to get a doctor, ended up the hospital."
tifu-test-01627,"tried to get a girl, ended up my friend's house."
tifu-test-01628,"i tried to get a chicken of my nose, got stuck up it was going out."
tifu-test-01629,"i was a girl, i didn't get my girlfriend and she had to go out of the house."
tifu-test-01630,"tried to get a girl, got caught my house."
tifu-test-01631,"i went to get a party, got caught up with my house."
tifu-test-01632,"i tried to make my house, got a shower and ended up the bathroom."
tifu-test-01633,"tried to take a shower, got caught my nose."
tifu-test-01634,i got a new bag of the shop and ended up my house.
tifu-test-01635,"i tried to get a girl with my girlfriend, ended up out of the first time."
tifu-test-01636,i tried to get a pizza and got my boss.
tifu-test-01637,i was a lot of my friend and got to get the school.
tifu-test-01638,"i tried to get a girl, got caught out of my friend."
tifu-test-01639,"i tried to play my computer, got a new laptop and ended up the school."
tifu-test-01640,"i tried to get a shower, ended up my bathroom."
tifu-test-01641,"i tried to get a truck, got stuck up my car."
tifu-test-01642,"i went to get a room, ended up my house and got caught the night."
tifu-test-01643,"i was a lot of the water, got caught my house."
tifu-test-01644,"tried to make a fridge, ended up my house."
tifu-test-01645,"i tried to get a car, got stuck out of my garage and i'm not go back."
tifu-test-01646,"i tried to get a pizza and got my nose, ended up the fire."
tifu-test-01647,"i tried to get a girl, ended up with my friend."
tifu-test-01648,"tried to clean my toilet,"
tifu-test-01649,"i tried to get a wrong of the door,"
tifu-test-01650,"i tried to eat my house, got a shower and ended up the fridge."
tifu-test-01651,"i went to get a shower, ended up the bathroom."
tifu-test-01652,"i tried to get a guy, got stuck up my head."
tifu-test-01653,"i tried to get a school, got caught my friend and now i was stuck up the computer."
tifu-test-01654,i tried to play a new computer of my laptop.
tifu-test-01655,"i tried to get a shower, got my mom's house."
tifu-test-01656,i didn't know i'm a job.
tifu-test-01657,"i tried to get a guy, got caught my friend was drunk."
tifu-test-01658,"tried to get a road, got caught up my car."
tifu-test-01659,i tried to be a wrong of my friend.
tifu-test-01660,"tried to take a shower, ended up my bathroom."
tifu-test-01661,"i tried to get a shit, ended up my head of the hospital."
tifu-test-01662,"i tried to get a kid, got drunk with my mom's house."
tifu-test-01663,i tried to get a girl with my girlfriend.
tifu-test-01664,"i tried to make my house, got a new mom's room and i was stuck up it."
tifu-test-01665,i tried to send my phone and i was a new computer of the internet.
tifu-test-01666,"tried to get a girl, ended up with my girlfriend."
tifu-test-01667,"i tried to get a new apartment, got caught my house."
tifu-test-01668,i tried to fix a new computer and got stuck up my phone.
tifu-test-01669,i tried to buy a guy for my phone.
tifu-test-01670,"i got a job of my boss, i was supposed to get the first time."
tifu-test-01671,"i tried to get a girl, ended up my car."
tifu-test-01672,"i tried to get a cat, but i was stuck up my face."
tifu-test-01673,"i went to get a doctor, got sick and ended up the hospital."
tifu-test-01674,"i tried to get a bus, got caught up my head of the road."
tifu-test-01675,"i thought i was going to get a school, ended up my teacher."
tifu-test-01676,"i went to get a girl, got caught my friend's house."
tifu-test-01677,i tried to get a new job of my boss.
tifu-test-01678,i tried to get a girl with my girlfriend.
tifu-test-01679,"i tried to get a new car, got stuck up my garage."
tifu-test-01680,"i tried to get a shit, ended up my bathroom and got drunk."
tifu-test-01681,"i tried to get a party and got drunk, ended up my house."
tifu-test-01682,"i tried to get a car, got drunk and ended up my house."
tifu-test-01683,"tried to get a girl, ended up my girlfriend's house."
tifu-test-01684,i tried to get a girl and got my friend.
tifu-test-01685,"i tried to get a girl, got caught the school and ended up my friend was not have be an teacher."
tifu-test-01686,"i tried to get a guy, got drunk in the police."
tifu-test-01687,i tried to get a new first day.
tifu-test-01688,"i was a joke of my friend's dad, i'm not have be the school."
tifu-test-01689,"i was going to get a car, ended up my house."
tifu-test-01690,"i was a lot of my nose, i didn't get the hospital."
tifu-test-01691,i was a guy for my friend and i didn't get pay it.
tifu-test-01692,"i tried to get a pizza, but i got my mom's house."
tifu-test-01693,"i tried to make a fire,"
tifu-test-01694,"i tried to make a new computer, got stuck up my phone and ended out of the floor."
tifu-test-01695,"tried to get a shower, ended up my bathroom and got caught the toilet."
tifu-test-01696,"i went to get a little friend, got caught up the first day."
tifu-test-01697,"i tried to get a girl, got stuck up my eye."
tifu-test-01698,"i tried to get a game, got stuck up my boss."
tifu-test-01699,"i tried to get a pizza, got my car and i didn't pay the same time."
tifu-test-01700,"i tried to fix my house, ended up the floor and got a lot."
tifu-test-01701,"i was a bar of my boss, got drunk in the party."
tifu-test-01702,"i tried to get a girl, got my girlfriend and she was the first friend."
tifu-test-01703,"i went to get a toilet, ended up my car in the bathroom."
tifu-test-01704,"i got a guy in the fire of my boss,"
tifu-test-01705,"tried to get a girl, got caught my friend's house."
tifu-test-01706,"i tried to get a dog, got my house in the door."
tifu-test-01707,"i tried to get a kid and got caught the dog, i was going out of my car."
tifu-test-01708,i was a lot of my friend and i tried to make the first time.
tifu-test-01709,"tried to get a girl, ended up out of the door."
tifu-test-01710,"tried to get a girl, got stuck up with my car."
tifu-test-01711,"tried to get a girl, got caught up with my girlfriend."
tifu-test-01712,"i tried to make my house, got a fire and ended up the floor."
tifu-test-01713,"i was a guy in the door, got caught my car."
tifu-test-01714,"i tried to get a girl, got caught my face of the school."
tifu-test-01715,"i tried to get a new job, but i didn't know it was going out of the same day."
tifu-test-01716,"i tried to get a girl, i was stuck up out of my friend."
tifu-test-01717,"i tried to get a big friend, ended up out of the party."
tifu-test-01718,"i went to get a girl, got caught out of the road and ended up with my friend."
tifu-test-01719,"went to get a girl, got caught my car and ended up out of the door."
tifu-test-01720,"i tried to get a girl, got caught my friend in the school."
tifu-test-01721,"i was going to get a wedding, i didn't know it's family."
tifu-test-01722,i was a big job of my boss and i'm stuck up the door.
tifu-test-01723,"i was going to get a big job, ended up my boss."
tifu-test-01724,tried to make a picture of my hair.
tifu-test-01725,"i tried to get a doctor, ended up the hospital."
tifu-test-01726,"tried to make a shower, ended up the bathroom."
tifu-test-01727,"i tried to make my house, got a shower and i was stuck up it."
tifu-test-01728,"i tried to play a band of the game, ended up my head."
tifu-test-01729,"tried to get a shower, got stuck up my foot."
tifu-test-01730,"tried to get a door, got stuck up the bathroom."
tifu-test-01731,i tried to get a girl with my friend.
tifu-test-01732,"went to get a girl, got drunk in the road and ended up my car."
tifu-test-01733,"i drank up my toilet, got a bottle of the bathroom."
tifu-test-01734,"i tried to get a girl, got caught my friend and ended up the first day."
tifu-test-01735,"i tried to get a dog, got my cat in the car."
tifu-test-01736,"i tried to get a girl, got caught my mom's dad."
tifu-test-01737,"i tried to get a girl, got my nose and ended up the bathroom."
tifu-test-01738,"i tried to get a guy, got caught out of my friend."
tifu-test-01739,"tried to get a girl, ended up my mother's house."
tifu-test-01740,"i was a girl, i didn't know my girlfriend."
tifu-test-01741,"tried to play a game, got stuck up my foot."
tifu-test-01742,"i tried to get a girl, got caught my girlfriend and ended up with the first day."
tifu-test-01743,"i went to get a girl, got caught up with my girlfriend."
tifu-test-01744,"went to get a party, got drunk with my friend's house."
tifu-test-01745,"i tried to get a picture of my friend's family, i'm going out."
tifu-test-01746,"i tried to get a car, got stuck up my phone."
tifu-test-01747,"tried to eat my bathroom, got a shower and had the toilet."
tifu-test-01748,"tried to get a guy, got caught my car."
tifu-test-01749,"i got a job of my boss, but i didn't have be work."
tifu-test-01750,"i went to get a bathroom, got caught my house and ended up the room."
tifu-test-01751,"i tried to get a girl, got drunk with my friend."
tifu-test-01752,"i was a lot of my head, got stuck up in the hospital."
tifu-test-01753,"i was going to get a girl, but i didn't go out of the first day."
tifu-test-01754,"i tried to get a little friend, ended up my mom's family and now i didn't tell me."
tifu-test-01755,"i tried to get a girl, i was going out of my friend."
tifu-test-01756,"tried to get a girl, got drunk with my car."
tifu-test-01757,"i tried to get a girl, i was been drunk with my friend."
tifu-test-01758,"i tried to get a chicken of my house, ended up the floor."
tifu-test-01759,"tried to make a cake,"
tifu-test-01760,"i tried to get a car, got stuck up my head."
tifu-test-01761,"i tried to get a car, got caught up my house."
tifu-test-01762,"i tried to get a girl, ended up my bathroom."
tifu-test-01763,"i tried to get a girl, got caught my car."
tifu-test-01764,"tried to get a girl, got caught out of my car."
tifu-test-01765,"i tried to get a girl with my girlfriend, ended up the first day."
tifu-test-01766,"i tried to get a girl, ended up out of my friend and now i was going to see her sister."
tifu-test-01767,"i tried to get a kid, got caught my dad's house."
tifu-test-01768,i tried to get a fire and got caught my house.
tifu-test-01769,"i went to get a beach, got stuck up in the park."
tifu-test-01770,"i tried to get a girl, ended up my mom's house."
tifu-test-01771,"i tried to get a girl,"
tifu-test-01772,i was going to get a party and ended up the new day.
tifu-test-01773,"i tried to get a little kid, got drunk my mom's house."
tifu-test-01774,"i was a lot of my house, i tried to make the water."
tifu-test-01775,i tried to eat a chicken of the fire.
tifu-test-01776,"i tried to make my house, got a shower and ended up the bathroom."
tifu-test-01777,"i tried to get a new phone, got stuck up my laptop."
tifu-test-01778,"tried to get a shower, got stuck up my head."
tifu-test-01779,"i tried to get a guy in the car, ended up my friend was an plane."
tifu-test-01780,"i tried to get a car, got caught out of my house."
tifu-test-01781,i told my girlfriend and i was a girl.
tifu-test-01782,"i tried to get a girl, got caught my girlfriend and ended up with the first day."
tifu-test-01783,"i tried to get a few day, got caught up my school."
tifu-test-01784,"i tried to get a girl, she was going out of my friend."
tifu-test-01785,"i didn't go to get my mom's school, i'm a wrong of the first day."
tifu-test-01786,"i tried to get a car, got caught my house and ended up the door."
tifu-test-01787,"tried to get a knife, got my finger of the hand."
tifu-test-01788,"tried to get a car, got caught the road."
tifu-test-01789,"tried to get a girl, ended up my car."
tifu-test-01790,"i tried to get a girl, i was my friend and now he didn't know it."
tifu-test-01791,"i tried to get a shower, got my nose and ended up the bathroom."
tifu-test-01792,"i was a girl, got my friend's girlfriend."
tifu-test-01793,"i was a lot of my house, and i didn't be the bathroom."
tifu-test-01794,"i tried to get a road of my friend, got stuck up the train."
tifu-test-01795,"tried to get a car, got stuck up in the road."
tifu-test-01796,"i tried to get a new job, got stuck up my boss."
tifu-test-01797,"i tried to get a girl, ended up my house."
tifu-test-01798,"i tried to get a dog, got caught my cat and i was stuck up the police."
tifu-test-01799,"i tried to play my phone, i was a new computer of the internet."
tifu-test-01800,"i tried to get a train, got caught the school and ended up my bus."
tifu-test-01801,"i was a girl, i didn't know it to get my friend."
tifu-test-01802,"i tried to get a school, i didn't know it."
tifu-test-01803,"i tried to get a new laptop, but i'm stuck up my phone."
tifu-test-01804,"i tried to get my car, got a guy and i'm stuck up the road."
tifu-test-01805,"i tried to make a shower,"
tifu-test-01806,i tried to get a girl with my girlfriend.
tifu-test-01807,"i tried to make my hair,"
tifu-test-01808,"i was a guy in my car, ended up out of the bathroom."
tifu-test-01809,i was a guy of my boss.
tifu-test-01810,"i tried to get a party, ended up my phone."
tifu-test-01811,"i tried to get a girl, got stuck up my car."
tifu-test-01812,"i tried to get a party, got stuck up my arm of the first time."
tifu-test-01813,"i was a guy in my dad's house,"
tifu-test-01814,"i tried to make a pizza,"
tifu-test-01815,"i tried to get a new car, got stuck up my phone."
tifu-test-01816,"i tried to get a new house, got stuck up my room and ended out of the door."
tifu-test-01817,i tried to get a job of my boss.
tifu-test-01818,tried to eat my hand.
tifu-test-01819,"i tried to be a girl, ended up my boss and i was going out of the wrong."
tifu-test-01820,i tried to get a store of my house.
tifu-test-01821,"i tried to get a girl with my girlfriend, got caught out of the first day."
tifu-test-01822,"i tried to get a new car,      "
tifu-test-01823,"tried to make a shower, ended up my house."
tifu-test-01824,"i tried to get a school, got caught my friend and ended up the class."
tifu-test-01825,"i tried to get a kid, got caught my mom's house."
tifu-test-01826,"i tried to get a girl with my girlfriend, she was going out."
tifu-test-01827,"i was a job of my boss, got fired up to work."
tifu-test-01828,"tried to get a dog, got caught up the cat."
tifu-test-01829,"i tried to get a kid, ended up my nose and got stuck out of the first day."
tifu-test-01830,"i tried to get a girl, got drunk with my friend and ended up out of the party."
tifu-test-01831,i was going to get a few minutes.
tifu-test-01832,i tried to send a picture of my friend's family.
tifu-test-01833,i tried to get a big eye and ended up my face of the first day.
tifu-test-01834,i was a guy for my friend i didn't know it.
tifu-test-01835,"i tried to get a cat dog, ended up it was stuck out."
tifu-test-01836,"i tried to get a girl, ended up my girlfriend and i was going out of the first time."
tifu-test-01837,"i tried to get a car, got caught out of my friend and i was stuck up the police."
tifu-test-01838,"tried to get a girl, got caught my mom's house."
tifu-test-01839,"tried to get a girl, got caught up with my house."
tifu-test-01840,"i was going to make my house and got a party, ended up out of the floor."
tifu-test-01841,"tried to get a trick of my foot, ended up the hospital."
tifu-test-01842,"i tried to get a fire, got my ass of the first day."
tifu-test-01843,"i tried to get a game of my friend, i was supposed it's school."
tifu-test-01844,"i tried to get a test, but i didn't be the first time of my teacher."
tifu-test-01845,"i was a lot of my house, ended up in the door."
tifu-test-01846,"i tried to get a girl, ended up my dick and got stuck out of the first day."
tifu-test-01847,"i was going to get a job, but i didn't know it."
tifu-test-01848,"i tried to get a girl,"
tifu-test-01849,"tried to get a bottle, got stuck up my nose."
tifu-test-01850,"i went to get a girl, got caught my car and ended up the first day."
tifu-test-01851,i got a game of my friend and i was going to get the team.
tifu-test-01852,"i tried to make a microwave, i was burnt up my house."
tifu-test-01853,"i was a wrong of my friend, got stuck to get the new game."
tifu-test-01854,"i tried to get a car, got stuck up my bike."
tifu-test-01855,"i tried to get a girl, ended up my girlfriend and got caught out of the first day."
tifu-test-01856,"i tried to get my house, got a door and ended up the floor."
tifu-test-01857,"i tried to get a shower, got my nose and ended up the bathroom."
tifu-test-01858,"i was a job of my boss, i didn't be the doctor."
tifu-test-01859,i tried to get a guy with my friend.
tifu-test-01860,"i tried to get a school, got caught my teacher was an professor."
tifu-test-01861,"i tried to fix a new computer, and got stuck up my phone."
tifu-test-01862,"i tried to get a girl, ended up my friend and got caught out of the first time."
tifu-test-01863,"i went to get a little kid, got caught up my car."
tifu-test-01864,"i tried to get a guy, got caught my boss."
tifu-test-01865,"i tried to get a new car, but i was stuck up my wallet."
tifu-test-01866,"i was a cat of my dog and i had to get the bathroom,"
tifu-test-01867,i tried to get a lot of the hospital.
tifu-test-01868,"i tried to get a job, ended up my boss."
tifu-test-01869,"i tried to get a dog, i was killed it's cat."
tifu-test-01870,"i tried to get a new girl, i didn't know it was going out."
tifu-test-01871,"tried to get a bathroom, got caught my house."
tifu-test-01872,"i got drunk with my friend, ended up a party of the house."
tifu-test-01873,"i tried to get a shower and got my toilet, ended"
tifu-test-01874,"i tried to get a picture of my dad's family, i was seen it."
tifu-test-01875,i was a cat in the dog and got caught my house.
tifu-test-01876,"i tried to get a car, got stuck up my house."
tifu-test-01877,"i tried to get a car, got my house and ended up the door."
tifu-test-01878,"i was a guy of my friend, i got caught to get the first day."
tifu-test-01879,"tried to get a shower, ended up my penis."
tifu-test-01880,"tried to get a girl, got caught up the bathroom."
tifu-test-01881,"i was a new job of my boss, i didn't be the wrong."
tifu-test-01882,"i tried to get a dog of my house, ended up the bathroom."
tifu-test-01883,"i tried to get a girl, got drunk with my girlfriend."
tifu-test-01884,"i tried to get a girl, got caught my girlfriend and ended up out of her friend."
tifu-test-01885,"tried to get a dog, got caught up with my house."
tifu-test-01886,"i tried to get a guy, got stuck up the game of my dad."
tifu-test-01887,"i tried to get a bathroom, ended up my room."
tifu-test-01888,"i tried to get a girl, got caught my friend's house."
tifu-test-01889,"tried to get a big friend, got stuck up my foot."
tifu-test-01890,"i got a job of my boss, i was going to get the first time."
tifu-test-01891,"i tried to clean a water, got my house."
tifu-test-01892,i tried to be a few weeks of my hand.
tifu-test-01893,"i tried to get a girl with my girlfriend, got caught up her friend."
tifu-test-01894,"i tried to get a girl, ended up the wrong of my friend."
tifu-test-01895,i tried to get a lot of the first day.
tifu-test-01896,"i was a little girl,"
tifu-test-01897,"i tried to get a picture of my friend, i'm married up out."
tifu-test-01898,"i tried to get a girl, ended up with my girlfriend."
tifu-test-01899,"i tried to get a car, ended up my house."
tifu-test-01900,"i tried to get a glass, got stuck up the fire."
tifu-test-01901,"i was a guy in the door, ended up my house."
tifu-test-01902,"i tried to get a new job, but i was stuck up the first day."
tifu-test-01903,"i tried to get a picture of my friend,"
tifu-test-01904,"i went to get a school, ended up my head and got stuck in the first day."
tifu-test-01905,"went to get a girl, got caught out of the door and ended up my girlfriend."
tifu-test-01906,"i tried to get a car, got caught the police."
tifu-test-01907,"i tried to get a few weeks of the doctor, got caught up out."
tifu-test-01908,"i tried to get a girl, ended up my girlfriend."
tifu-test-01909,i tried to get a test of my friend.
tifu-test-01910,"i tried to get a girl, got drunk with my house."
tifu-test-01911,"i thought i was a joke,"
tifu-test-01912,"i tried to get a shower, got stuck up my head."
tifu-test-01913,"i tried to get a car and got my garage,"
tifu-test-01914,"i tried to get a shower, got caught my house."
tifu-test-01915,"i tried to get a game of my friend, i didn't be play it."
tifu-test-01916,"i tried to get a truck, got stuck up the car and ended out of my head."
tifu-test-01917,"i tried to eat my house, got a few day."
tifu-test-01918,"i tried to get a bar of my house, ended up the first day."
tifu-test-01919,"i tried to get a new car, got stuck up the road."
tifu-test-01920,"i tried to get a girl, got drunk with my girlfriend."
tifu-test-01921,"i tried to get a shower, ended up my nose."
tifu-test-01922,"i was a girl, got caught out of my girlfriend and i'm going to get her friend."
tifu-test-01923,"i tried to get a dog cat, ended up it was the pet."
tifu-test-01924,"i tried to get a fire, got burnt up my house."
tifu-test-01925,"i tried to make a fire,"
tifu-test-01926,"i tried to get a girl, got caught up with my friend and ended out of the hospital."
tifu-test-01927,tried to be a wrong of my dad's family.
tifu-test-01928,"i tried to get a picture of my friend,"
tifu-test-01929,"tried to get a girl, got caught out of the door."
tifu-test-01930,"i tried to get a shit, ended up my house."
tifu-test-01931,"i tried to get a shower, ended up the bathroom and got stuck my house."
tifu-test-01932,"i was a girl, i didn't know it's mom."
tifu-test-01933,"i was a joke,"
tifu-test-01934,i tried to play a game of my friend.
tifu-test-01935,"tried to get a girl, got my face of her hair."
tifu-test-01936,"i tried to get a dog and got my foot, i was stuck up the first day."
tifu-test-01937,"tried to get a girl, ended up the bathroom."
tifu-test-01938,"i tried to get a dog, but i didn't know it was killed my house."
tifu-test-01939,"tried to get a party, got stuck up with the same day."
tifu-test-01940,"i tried to get a bottle, got stuck up my finger and ended out of the glass."
tifu-test-01941,"tried to get a girl, got married with my girlfriend and ended up."
tifu-test-01942,"tried to get a girl, got drunk with my girlfriend."
tifu-test-01943,i tried to get a shower and got the floor.
tifu-test-01944,"i tried to get a new bag of my backpack, but i didn't take the bathroom."
tifu-test-01945,"i tried to get a big dog, got caught my foot and then i am going out of the train."
tifu-test-01946,i was a wrong of my friend and got an school.
tifu-test-01947,"i tried to get a toilet, ended up my bathroom."
tifu-test-01948,"tried to get a girl, ended up out of my mom's family."
tifu-test-01949,"i tried to clean my bathroom, got a shower and ended up the toilet."
tifu-test-01950,"i tried to get a picture of my friend, got caught it was the first time."
tifu-test-01951,"i was a lot of my house, and got stuck up the floor."
tifu-test-01952,"i tried to get a chicken of my dog, but i got caught it was stuck up."
tifu-test-01953,"i went to get a toilet, got stuck up the bathroom and ended out of my foot."
tifu-test-01954,"i tried to get a new car, got stuck up my house."
tifu-test-01955,i tried to get a new hair and got my penis.
tifu-test-01956,"i tried to make a girl, i was my friend's mom."
tifu-test-01957,"tried to get a shower, got my bathroom and ended up the toilet."
tifu-test-01958,"i tried to get a picture of my computer, ended up the school."
tifu-test-01959,"i tried to get a girl and got my girlfriend,"
tifu-test-01960,"i went to get a girl, got drunk with my girlfriend and i was going to go out of the first time."
tifu-test-01961,"tried to get a shower, got caught up with my house."
tifu-test-01962,i was a ride to get the bus.
tifu-test-01963,"i got a job of my boss, and i didn't get an new job."
tifu-test-01964,"i tried to get a new car, got stuck up the road."
tifu-test-01965,i tried to get a girl with my friend.
tifu-test-01966,"i tried to get a kid, got caught my friend and i was killed him."
tifu-test-01967,"i tried to get a new phone, got stuck up my car."
tifu-test-01968,"i tried to get a girl, got caught my friend and ended up the first day."
tifu-test-01969,"i tried to get a girl, got caught up with my girlfriend and ended out of the new friend."
tifu-test-01970,"i tried to get a car, got stuck up my truck."
tifu-test-01971,"i tried to get a kid, got caught my dad's mom."
tifu-test-01972,i was a lot of my nose and i didn't get the doctor.
tifu-test-01973,"i tried to get a bike, got stuck up my head of the road."
tifu-test-01974,i was a wrong of my nose and i didn't get the doctor.
tifu-test-01975,i was a girl in my girlfriend and she had to get the door.
tifu-test-01976,"tried to get a girl, ended up my face of the door."
tifu-test-01977,"i tried to get a girl, got caught my girlfriend."
tifu-test-01978,"i tried to get a girl, ended up my friend and got caught out of the first time."
tifu-test-01979,"tried to get a girl, got caught up with my girlfriend."
tifu-test-01980,"i tried to get a new job, got caught my finger of the first time."
tifu-test-01981,"tried to take a toilet, ended up the bathroom."
tifu-test-01982,"tried to get a girl, ended up with my girlfriend."
tifu-test-01983,"i tried to get a new car, got stuck up the road."
tifu-test-01984,"i tried to get a new phone, i was stuck up my boss."
tifu-test-01985,"i tried to get a girl, ended up my dad's house."
tifu-test-01986,"i tried to get a girl and got caught my friend,"
tifu-test-01987,"i tried to get a girl, got caught my car."
tifu-test-01988,"i tried to get a girl, i was going out of my friend."
tifu-test-01989,"i tried to make a girl, got my mom's house."
tifu-test-01990,"i tried to get a girl, got my friend and i was fucked up out of the first time."
tifu-test-01991,"i tried to get a car, got my house."
tifu-test-01992,"i tried to get a cat dog, ended up my house."
tifu-test-01993,"i tried to get a girl, got an car in the road."
tifu-test-01994,"i tried to make a glass, got stuck up my house."
tifu-test-01995,"i tried to eat my nose, got a lot of the stomach."
tifu-test-01996,"i tried to get a new job, but i didn't pay my own money."
tifu-test-01997,"went to get a girl, got drunk with the party of my friend and ended up out."
tifu-test-01998,i was a new job of my girlfriend and i had been to get the doctor.
tifu-test-01999,"tried to get a girl, got caught up the school."
tifu-test-02000,"i tried to get a girl, got my boss and i didn't know it was going to make me."
tifu-test-02001,"i went to get a party and got caught my family, ended up the hospital."
tifu-test-02002,"i went to get a party with my house, ended up out of the night."
tifu-test-02003,"i tried to get a girl, got drunk and ended up my head."
tifu-test-02004,"i tried to get a girl, got drunk with my friend and ended up out of the party."
tifu-test-02005,"i tried to get a car, ended up the road with my friend and got caught out of front."
tifu-test-02006,"i tried to get a girl, ended up with my girlfriend and got married."
tifu-test-02007,i was a guy in the wrong of my friend.
tifu-test-02008,"i tried to play a movie of my phone,"
tifu-test-02009,"i tried to get a road, got caught my car and ended up the train."
tifu-test-02010,"i told a girl, i'm my boss's job."
tifu-test-02011,"tried to get a big friend, got caught my face of the first day."
tifu-test-02012,i tried to get a girl with my girlfriend.
tifu-test-02013,i was going to get a few day and got my car.
tifu-test-02014,"tried to get a big dad's house, got stuck up my mom."
tifu-test-02015,"i tried to get a girl, ended up my friend and got drunk with the party."
tifu-test-02016,"went to get a train, got caught up the bus."
tifu-test-02017,"i tried to get a kid, got caught my brother's house."
tifu-test-02018,"i tried to get a new job, but i didn't go out of my life."
tifu-test-02019,i tried to get a fire and got burnt my house.
tifu-test-02020,"i got a job of my boss, but i'm going to get work."
tifu-test-02021,"i was going to get a girl, ended up with my friend."
tifu-test-02022,"i tried to make a fire, got burnt up my house."
tifu-test-02023,"i was a joke of my friend's school,"
tifu-test-02024,"i went to get a toilet, got caught the bathroom and ended up my house."
tifu-test-02025,"i was a wrong of my friend, i didn't be the first time."
tifu-test-02026,"i tried to get a girl, ended up my friend was an school."
tifu-test-02027,"i tried to get a cat dog, ended up my house."
tifu-test-02028,"i tried to get a girl, got caught the school and ended up out of my friend."
tifu-test-02029,"i tried to get a girl, got my friend and i was not know it."
tifu-test-02030,"tried to take a shower, got drunk with my house."
tifu-test-02031,"i tried to get a car, got"
tifu-test-02032,"i tried to get a girl,"
tifu-test-02033,"tried to get a fire, got caught my house."
tifu-test-02034,"i tried to make my house, i was a few day."
tifu-test-02035,"i tried to get a new car, got caught my house."
tifu-test-02036,"i tried to get a girl with my friend,"
tifu-test-02037,"i went to get a girl with my friend, got caught out of the first time."
tifu-test-02038,i tried to get a girl with my girlfriend.
tifu-test-02039,"i tried to get a girl, got drunk in the bathroom."
tifu-test-02040,"i tried to get a internet of my phone, got caught it was lost the first time."
tifu-test-02041,"i tried to get a bottle of my coffee,"
tifu-test-02042,"i tried to get a girl, i was been drunk in the first day."
tifu-test-02043,"i was going to go out of the movie, ended up a theater."
tifu-test-02044,"i tried to get a picture of my friend's face, i'm be the first time."
tifu-test-02045,"i tried to get a shower, got my penis."
tifu-test-02046,"i went to get a car, got caught my house."
tifu-test-02047,i went to get a new store of my house.
tifu-test-02048,"i tried to get a party, ended up my friend and got caught out of the first day."
tifu-test-02049,"i tried to get a girl, got drunk with my girlfriend."
tifu-test-02050,"i tried to get drunk with a party, got caught my friend and ended up the first night."
tifu-test-02051,"i tried to get a new house, ended up the police of my friend and got caught out."
tifu-test-02052,"i tried to get a joke, got drunk and ended up my dick."
tifu-test-02053,"i tried to get a girl, got caught my mom's house."
tifu-test-02054,"i tried to get a bar, got drunk in the shower."
tifu-test-02055,"tried to make a girl, ended up my mother's birthday."
tifu-test-02056,"i was a guy with my friend, he got caught out of the date."
tifu-test-02057,i was going to get a game of the train.
tifu-test-02058,"tried to get a door, got caught the house in my apartment."
tifu-test-02059,"i tried to get a girl, but i was going out of my girlfriend and she didn't know it."
tifu-test-02060,"i tried to get a new job of my computer, and i'm busy it was not know the same time."
tifu-test-02061,"i tried to get a girl, got caught her mom's car and she was called me."
tifu-test-02062,"i tried to get a dog, i was burnt up my house."
tifu-test-02063,i was a girl in my girlfriend and i had be the room.
tifu-test-02064,"i made a joke of my boss,"
tifu-test-02065,"i tried to make my house, got a fire in the floor."
tifu-test-02066,i tried to get a girl with my friend's face of the date.
tifu-test-02067,"i got a job of my boss, i was fired up to be the first day."
tifu-test-02068,"i tried to get a girl, got caught up my car."
tifu-test-02069,"i tried to get a cat dog, ended up my house."
tifu-test-02070,"i tried to get a car, got drunk and i didn't buy my wallet."
tifu-test-02071,"i got a piss,"
tifu-test-02072,i tried to get a long of my ear.
tifu-test-02073,"i was a girl, got caught my mom's house."
tifu-test-02074,"i got drunk with my friend's party,"
tifu-test-02075,i was a game of my friend and i didn't be the first time.
tifu-test-02076,i didn't know my house.
tifu-test-02077,i was a joke of my friend.
tifu-test-02078,"i tried to get a new car, but i'm stuck up my phone."
tifu-test-02079,"i tried to play a game of my friend,"
tifu-test-02080,"i tried to get a new girl, i was stuck up out of my phone."
tifu-test-02081,"i tried to get a toilet, ended up my house."
tifu-test-02082,"i tried to get a bottle of my house, got stuck up the bathroom."
tifu-test-02083,"tried to get a girl, ended up my friend's house."
tifu-test-02084,"i tried to get a girl, got an doctor and i didn't go out of the hospital."
tifu-test-02085,"i was going to get a new girl, i didn't know it."
tifu-test-02086,"i tried to go out my house and got a shower, ended up the bathroom."
tifu-test-02087,"i tried to play a girl, got caught the game."
tifu-test-02088,i told my friend was a girl and i am going to tell me.
tifu-test-02089,i was a new room of my house.
tifu-test-02090,"i tried to get a new laptop, got stuck up my phone."
tifu-test-02091,"went to get a girl, got caught up with my girlfriend."
tifu-test-02092,"i tried to get a lot of my penis, got caught it was going out."
tifu-test-02093,i tried to get a chicken of my nose and ended up the stomach.
tifu-test-02094,"i tried to get a shower,"
tifu-test-02095,"i got drunk in a party, ended up with the hospital."
tifu-test-02096,"i tried to get a new car, but i didn't be the road."
tifu-test-02097,"i went to get a girl, got caught my friend and ended up the first day."
tifu-test-02098,"i tried to get a school, but i didn't know it was going up my mom."
tifu-test-02099,"i tried to get a girl, i didn't know it was my friend."
tifu-test-02100,"i told my boss and i'm a joke,"
tifu-test-02101,"i tried to get a game, got caught my head of the party."
tifu-test-02102,"i tried to get a new computer of my phone, and got stuck up it was not have the same time."
tifu-test-02103,"tried to get a dog, ended up my car."
tifu-test-02104,"tried to sleep with a girl, ended up out of my bed."
tifu-test-02105,"i fucked up my toilet,"
tifu-test-02106,"i tried to get a shower, got my bathroom and ended up the room."
tifu-test-02107,"i tried to get a water, got my foot and ended up the fire."
tifu-test-02108,"i tried to get a girl, got caught my girlfriend."
tifu-test-02109,"i was a girl, i didn't know my girlfriend."
tifu-test-02110,"tried to take a shower, ended up my bathroom."
tifu-test-02111,"tried to make a kid's house, got caught up my family of the birthday."
tifu-test-02112,i tried to fix my phone and now i'm a new computer.
tifu-test-02113,i tried to get a game of the school.
tifu-test-02114,"i was a guy of my friend, i didn't see it."
tifu-test-02115,i tried to get a picture of my mom's new phone.
tifu-test-02116,"i tried to get a lot of my house, got caught it was the fire."
tifu-test-02117,"i tried to get a pisser, got caught my house."
tifu-test-02118,"i tried to get a new job of my boss, but i didn't know it was fired up."
tifu-test-02119,"i tried to get a girl, i got caught my friend and now she was going out."
tifu-test-02120,"i was a girl, i didn't go to get the party."
tifu-test-02121,i was a girl of my friend.
tifu-test-02122,"tried to get a dog, got caught up my foot."
tifu-test-02123,"i went to get a bag in the door, got caught my house."
tifu-test-02124,"i tried to get a girl, ended up my friend and got stuck out of the first day."
tifu-test-02125,"i went to get a girl, got caught up with my friend and ended out of the school."
tifu-test-02126,"i tried to get a trick of my nose, i didn't have be cut up it."
tifu-test-02127,i thought i was a class of my friend's teacher.
tifu-test-02128,"tried to get a girl, got caught my face and ended up the bathroom."
tifu-test-02129,"i tried to get a game of the party, ended up with my face."
tifu-test-02130,"i tried to get a picture of the school, got caught up my teacher."
tifu-test-02131,"i tried to get a car, got caught the road."
tifu-test-02132,"tried to get a guy, got caught up my arm."
tifu-test-02133,"i was a lot of my house, got to get the door."
tifu-test-02134,"i tried to get a school, got caught my teacher and i didn't know it was an class."
tifu-test-02135,"i tried to get a girl with my girlfriend, but i was stuck up the first day."
tifu-test-02136,"i was going to get a girl, ended up with my girlfriend."
tifu-test-02137,"i tried to get a dog and my cat's face,"
tifu-test-02138,"i tried to use a new phone, got stuck up my laptop."
tifu-test-02139,"i tried to make my house, got a shower in the door."
tifu-test-02140,"i tried to get a fire, got caught the snow."
tifu-test-02141,"i tried to get a toilet,"
tifu-test-02142,tried to get a wedding with my dad's birthday.
tifu-test-02143,"i tried to get a wrong of the school, ended up my friend and got caught out."
tifu-test-02144,"i tried to make my thumb of the hand,"
tifu-test-02145,"i tried to get a car, got stuck up my garage."
tifu-test-02146,"tried to get a shower, got my bathroom and ended up the toilet."
tifu-test-02147,"i got a game of my friend,"
tifu-test-02148,"i tried to get a pizza, but i didn't go out my car."
tifu-test-02149,"tried to get a shower, got stuck up my foot."
tifu-test-02150,"i tried to make the microwave and i was a fire,"
tifu-test-02151,"i tried to get a chicken, ended up my nose and got stuck out of the first day."
tifu-test-02152,"i didn't have sleep,"
tifu-test-02153,"i went to get a girl, got drunk and ended up my car."
tifu-test-02154,"i tried to get a class of my friend, ended up the school."
tifu-test-02155,"i tried to get a guy, got drunk in my friend and i was going out of the party."
tifu-test-02156,"i tried to get a bottle, got drunk with my head of the bar."
tifu-test-02157,"i tried to get a dick and got my penis, ended up the shit."
tifu-test-02158,"i tried to get a girl,"
tifu-test-02159,i tried to get a guy in my car.
tifu-test-02160,"i went to get a girl, got caught my bathroom and ended up the toilet."
tifu-test-02161,i was a lot of my doctor and i didn't have be been to take the hospital.
tifu-test-02162,"i tried to get a guy, got my friend and i was an doctor."
tifu-test-02163,"i thought i was a girl, she didn't know it."
tifu-test-02164,"i tried to get a game, got stuck up the front of my foot."
tifu-test-02165,"i tried to get a kid, i'm my brother's dad."
tifu-test-02166,"i was drunk with my friend and got a girl,"
tifu-test-02167,"i was a doctor, i didn't get the hospital."
tifu-test-02168,"i tried to get a girl, ended up my mom's school."
tifu-test-02169,"i tried to get a guy, got my friend was supposed it."
tifu-test-02170,"i was a girl, i didn't get the school."
tifu-test-02171,"i tried to get a car, got caught my house and ended up the road."
tifu-test-02172,"i tried to get a girl, i didn't know it was going to go out."
tifu-test-02173,"i went to get a few day, ended up the toilet."
tifu-test-02174,"i was a girl,"
tifu-test-02175,"i tried to buy a pizza and got drunk,"
tifu-test-02176,"i went to get a new car, got caught it was stuck up my house."
tifu-test-02177,i was a girl and i didn't know to get the bathroom.
tifu-test-02178,"i tried to watch a video of my phone, i didn't read the first time."
tifu-test-02179,"i tried to get a girl, got caught my car and ended up the road."
tifu-test-02180,"i tried to get my car, got a new phone."
tifu-test-02181,"i tried to get a little day, got caught my head of the first night."
tifu-test-02182,"i tried to get a new car, got stuck up my house."
tifu-test-02183,"i tried to get a guy, got caught up my car."
tifu-test-02184,"i tried to get a girl, got caught my friend's school."
tifu-test-02185,"i tried to get a bunch of my friend, got caught it was the first day."
tifu-test-02186,"tried to get a girl, got caught up with my house."
tifu-test-02187,"i tried to get a car, got stuck up out of the road."
tifu-test-02188,"i tried to get a dog, got caught my cat and ended up the door."
tifu-test-02189,i was a girl and i didn't know it's new date.
tifu-test-02190,"i was a guy, got caught my friend and i had been drunk."
tifu-test-02191,"i was a girl, i didn't get the school."
tifu-test-02192,"i tried to eat a pizza and ended up my mouth,"
tifu-test-02193,"i tried to get a car, got drunk and ended up my house."
tifu-test-02194,"i tried to get a shower, ended up the bathroom and got my toilet."
tifu-test-02195,"went to get a girl, got caught up with the door."
tifu-test-02196,i tried to get a door in the room and ended up my house.
tifu-test-02197,"i tried to fix my house, got a fire and ended up the room."
tifu-test-02198,"i tried to get a shit, ended up my toilet."
tifu-test-02199,"i went to get a bathroom, got caught the toilet and ended up my house."
tifu-test-02200,i tried to get a few weeks of my first day.
tifu-test-02201,"i tried to get a guy, i was stuck up my dad's house."
tifu-test-02202,"i tried to get a new game of my phone, but i didn't have be it."
tifu-test-02203,"i was a shit in the toilet,"
tifu-test-02204,"i tried to get a car, got caught my phone and ended up the door."
tifu-test-02205,"i went to get a girl, got caught the car and ended up out of my house."
tifu-test-02206,i was a guy for my boss.
tifu-test-02207,"i tried to get a girl, ended up with my girlfriend."
tifu-test-02208,"i tried to get a girl, got drunk in the party of my friend."
tifu-test-02209,"i went to get a new car, got stuck up my house."
tifu-test-02210,"i tried to get a picture of my phone, i didn't read the computer."
tifu-test-02211,"i thought i was a school,"
tifu-test-02212,i tried to get a wrong of my face.
tifu-test-02213,"i tried to get a guy, got caught my boss."
tifu-test-02214,"i tried to get a shit, ended up my toilet."
tifu-test-02215,"i was a job of my boss, i didn't know it."
tifu-test-02216,"tried to get a girl, got caught up with my car."
tifu-test-02217,"tried to get a girl, ended up my face."
tifu-test-02218,"i tried to get a ticket for the bus, got caught my car."
tifu-test-02219,"i tried to get a guy, got drunk and ended up my car."
tifu-test-02220,"i told my dad's father, he was a little brother and i didn't have be been to tell him."
tifu-test-02221,"i tried to play a video of my friend, got caught it was an porn."
tifu-test-02222,"i was a lot of my car, got stuck up in the road."
tifu-test-02223,"i tried to get a girl, i didn't be my boss."
tifu-test-02224,"tried to get a girl, ended up my house."
tifu-test-02225,"i was a girl, i didn't see the same time of my friend."
tifu-test-02226,"i tried to get a new friend's house, got caught out of my friends and ended up the door."
tifu-test-02227,"i tried to use a new computer, got stuck up my phone."
tifu-test-02228,"i was a job of my boss, and i didn't be the doctor."
tifu-test-02229,i went to go out of my bathroom and ended up the toilet.
tifu-test-02230,"i tried to get a chicken, i was stuck up my brother."
tifu-test-02231,"i tried to get a school, got caught my friend and ended up the fire."
tifu-test-02232,i tried to get a dog and got the park in my car.
tifu-test-02233,i was a guy in the bus and got caught it.
tifu-test-02234,"i tried to get a job, ended up out of my boss."
tifu-test-02235,i tried to get a few weeks of my nose and ended up the toilet.
tifu-test-02236,"i went to get a girl, got drunk and ended up my car."
tifu-test-02237,"i tried to get a chicken, i was stuck up my nose."
tifu-test-02238,"i tried to get a guy, got stuck up my dad's car."
tifu-test-02239,"tried to make a fire, got burnt my house."
tifu-test-02240,i got a lot of my friend and now i'm supposed to get be going out.
tifu-test-02241,"i went to go out of the road, got a few day."
tifu-test-02242,"i tried to get a guy, got stuck up my friend."
tifu-test-02243,i was a wrong of my teacher and now i didn't know it.
tifu-test-02244,"i tried to get a new car, got stuck up my house."
tifu-test-02245,i tried to get a guy and my friend's face.
tifu-test-02246,"i tried to get a girl, ended up my friend i didn't know it."
tifu-test-02247,"i tried to make a girl, got drunk with my girlfriend."
tifu-test-02248,"tried to get a band of the party, ended up my friend."
tifu-test-02249,i tried to make a freezer and ended up my house.
tifu-test-02250,tried to buy a pizza.
tifu-test-02251,i tried to get a girl with my girlfriend.
tifu-test-02252,i tried to get a wrong of my phone and i was stuck up the bathroom.
tifu-test-02253,"i tried to get a doctor, i didn't take the hospital."
tifu-test-02254,"i tried to get a car, got caught the door and ended up my house."
tifu-test-02255,"i tried to get a picture of my car, got stuck up the door."
tifu-test-02256,"i was going to get a bus, got caught up for the train."
tifu-test-02257,"i tried to get a picture of my friend, ended up the school."
tifu-test-02258,"i got drunk,"
tifu-test-02259,i tried to get a video of my dad's family.
tifu-test-02260,"tried to eat a girl, got caught up with the bathroom."
tifu-test-02261,"i tried to get a hospital, got sick and i didn't go out of my house."
tifu-test-02262,i tried to make a pizza.
tifu-test-02263,"tried to get a shower, got my penis and ended up the bathroom."
tifu-test-02264,"i tried to get a new job, got stuck up my house."
tifu-test-02265,"i was a cat of my house, i didn't be the room."
tifu-test-02266,"i tried to get a chicken of my house, ended up the first day."
tifu-test-02267,"tried to get a guy, got drunk."
tifu-test-02268,"i tried to get a girl, got caught up with the road."
tifu-test-02269,"tried to take a shower, got my face of the dog."
tifu-test-02270,"i tried to play my phone, got a new computer."
tifu-test-02271,"i tried to get a new car, got stuck up my house."
tifu-test-02272,"i tried to get a new phone, got stuck up my friend and now i didn't know it."
tifu-test-02273,"tried to get a shower, got stuck up my foot."
tifu-test-02274,"i tried to get a girl in my face, ended up her hair."
tifu-test-02275,i was a dog of my cat and got to get the pet.
tifu-test-02276,"i tried to get a girl, ended up my car and got caught it's house."
tifu-test-02277,"i tried to be a new computer of my boss, but i was stuck up it."
tifu-test-02278,"tried to make a shower of my house, ended up the bathroom."
tifu-test-02279,"i was a job of my boss, i didn't be the doctor."
tifu-test-02280,"i was a joke of my friend's party, i had been to get the same time."
tifu-test-02281,"tried to get a car, got caught the road and ended up my dog."
tifu-test-02282,i was a guy.
tifu-test-02283,"tried to get a shower, got stuck up my nose."
tifu-test-02284,"tried to buy a wedding, got married for the gift."
tifu-test-02285,"i tried to get a girl, ended up my house."
tifu-test-02286,"i tried to get a girl with my girlfriend, but she was going out of her friend."
tifu-test-02287,"tried to get a shower, ended up my face of the bathroom."
tifu-test-02288,"i tried to get a girl with my girlfriend, ended up out of the date."
tifu-test-02289,"i tried to get a girl with my girlfriend, but she was going out of her friend."
tifu-test-02290,"i was a game of my friend,"
tifu-test-02291,"tried to get a guy, got caught up with the road."
tifu-test-02292,"i tried to be a flight for the airport, i didn't get an plane."
tifu-test-02293,"i tried to get a little dog, i didn't go out of my cat."
tifu-test-02294,"tried to take a shower, ended up my nose."
tifu-test-02295,"i tried to get a guy, got my boss."
tifu-test-02296,"i tried to get a girl, got caught my girlfriend and ended up the first day."
tifu-test-02297,"i tried to get a girl, got caught out of my girlfriend."
tifu-test-02298,"tried to get a girl, got caught my house."
tifu-test-02299,"i tried to get a guy, got an girl and ended up my friend."
tifu-test-02300,"i tried to get a guy, got stuck up my car."
tifu-test-02301,"i tried to get a girl, got caught my car."
tifu-test-02302,"i tried to use a new computer, and now i didn't have be it."
tifu-test-02303,"i tried to get a new car, got stuck up my house."
tifu-test-02304,"i was a dog of my friend's brother,"
tifu-test-02305,"tried to take a toilet, ended up the bathroom and got my room."
tifu-test-02306,"i was going to get a shower, ended up the bathroom."
tifu-test-02307,"i tried to get a girl, ended up my boss."
tifu-test-02308,"i tried to get a new phone, got my friend's school."
tifu-test-02309,"tried to make a bathroom, got my house and ended up the toilet."
tifu-test-02310,"tried to get a beach, got caught my foot."
tifu-test-02311,i was a joke of my friend.
tifu-test-02312,i got a guy in my friend and i was going to get an new job.
tifu-test-02313,"i got a job of my boss, i didn't know it was going to work."
tifu-test-02314,i tried to make a new computer and got my phone.
tifu-test-02315,"i got a job of my boss, i was fired up to get work."
tifu-test-02316,"i tried to get a girl, got caught out of my girlfriend and ended up with her phone."
tifu-test-02317,"i tried to make my house, got a new apartment and ended up the room."
tifu-test-02318,"i tried to fix my computer, got a new car and now i was stuck up it."
tifu-test-02319,"tried to make my hair, ended up a shower."
tifu-test-02320,"i tried to get a new computer, got caught up the school."
tifu-test-02321,"i tried to be a big eye, got my nose and i had have the hospital."
tifu-test-02322,"i went to get a new car, got stuck up my house."
tifu-test-02323,"i tried to get a car, got caught my house."
tifu-test-02324,"i tried to get a bike, got my car and ended up the road."
tifu-test-02325,"i tried to get a new house, got stuck up the door."
tifu-test-02326,"i tried to get a fire, got caught my nose."
tifu-test-02327,"i tried to get a girl, got caught my girlfriend and ended up with the bathroom."
tifu-test-02328,"i tried to get a big dog, got caught my nose and ended up the floor."
tifu-test-02329,tried to eat a pizza.
tifu-test-02330,i tried to be a movie of my penis.
tifu-test-02331,"tried to get a bike, got stuck up my foot."
tifu-test-02332,"i tried to get a girl with my friend, but she was going out of the first time."
tifu-test-02333,"i tried to get a girl, got an car and ended up the road."
tifu-test-02334,"tried to get a girl, got caught my girlfriend and she didn't go out of the first time."
tifu-test-02335,"i went to get a school and got caught up my teacher,"
tifu-test-02336,"i tried to get a shit, got drunk and ended up my head of the hospital."
tifu-test-02337,"i tried to get a car, ended up my wallet."
tifu-test-02338,"i tried to get a new car, ended up my house."
tifu-test-02339,tried to fix my nose.
tifu-test-02340,"i tried to get a new car, got stuck up my finger."
tifu-test-02341,i was a girl of my friend and i'm going to make her girlfriend.
tifu-test-02342,"i was a joke of my friend, i'm not have been to see it."
tifu-test-02343,"i tried to get a guy,"
tifu-test-02344,"i tried to get a new dog, i was the game."
tifu-test-02345,"i tried to get a car, got stuck up my bike."
tifu-test-02346,"tried to get a girl, got caught my car in the door."
tifu-test-02347,"tried to eat my nose,"
tifu-test-02348,"i was a lot of my head, got stuck up in the night."
tifu-test-02349,"i tried to buy a new job, but he didn't do it."
tifu-test-02350,tried to make a pizza.
tifu-test-02351,"tried to take a doctor, didn't have be sick."
tifu-test-02352,"tried to get a girl, ended up my nose."
tifu-test-02353,"i tried to get a girl, got caught my friend and i was drunk with the party."
tifu-test-02354,"tried to get a shower, ended up my bathroom and got stuck in the toilet."
tifu-test-02355,i tried to get a new phone and got caught my house.
tifu-test-02356,"i tried to get a girl, got caught my house."
tifu-test-02357,"i tried to get a girl with my girlfriend, but i'm married up her friend and she was going out."
tifu-test-02358,"i tried to get a dog, got drunk and ended up my house."
tifu-test-02359,"i tried to get a few day, ended up my boss."
tifu-test-02360,"i tried to get a shit, got drunk with my house."
tifu-test-02361,"i tried to get a snow, got stuck up my foot."
tifu-test-02362,i tried to get a new job of my penis.
tifu-test-02363,"i tried to play a new tv, ended up the fire."
tifu-test-02364,"tried to get a girl, got married with my girlfriend."
tifu-test-02365,"i tried to get a car, got stuck up my house."
tifu-test-02366,i got a lot of my house.
tifu-test-02367,"i tried to get a guy, got my house."
tifu-test-02368,"tried to get a girl, got caught up with the bathroom."
tifu-test-02369,"i tried to get a new phone, now i was stuck up my computer."
tifu-test-02370,"i was a little friend's dad, i didn't tell my father."
tifu-test-02371,"i tried to make a pizza, ended up my fridge."
tifu-test-02372,"i didn't eat my microwave,"
tifu-test-02373,"i tried to get a new house, ended up my room and got stuck in the floor."
tifu-test-02374,"i got drunk in my toilet and ended up the bathroom,"
tifu-test-02375,"i tried to get a girl, ended up my girlfriend and now i'm not have be the same time."
tifu-test-02376,"i tried to make my house, got a water and it was burnt up the microwave."
tifu-test-02377,"i tried to get a girl, got drunk with my dick."
tifu-test-02378,"i tried to make a toilet, ended up my bathroom."
tifu-test-02379,"i tried to get a wrong of my face, ended up out."
tifu-test-02380,i ate a lot of my house and got caught it was going to make the food.
tifu-test-02381,"i tried to get a girl, ended up my face of the wrong."
tifu-test-02382,"tried to get a girl, got caught up with my head."
tifu-test-02383,i tried to get a lot of my nose.
tifu-test-02384,"i tried to get a room of my bedroom, ended up with the bathroom."
tifu-test-02385,"i tried to get a party, got drunk with my girlfriend and ended up the first day."
tifu-test-02386,"i was a guy, got caught my boss."
tifu-test-02387,"tried to get a shower, ended up my foot of the floor."
tifu-test-02388,"i tried to get a doctor and got my nose, ended up the hospital."
tifu-test-02389,i tried to get a guy.
tifu-test-02390,"i tried to get a bag of my car, ended up the door."
tifu-test-02391,"i tried to wash my hair,"
tifu-test-02392,"i tried to get a new job, i was going out of my boss."
tifu-test-02393,"i tried to get a fire, got caught my house and ended up the floor."
tifu-test-02394,"i tried to get a girl,"
tifu-test-02395,"i tried to get a girl with my girlfriend, i'm married up out of the first time."
tifu-test-02396,"i tried to get my friend, got a shit and ended up the bathroom."
tifu-test-02397,"i didn't know i'm a wrong,"
tifu-test-02398,"tried to get a girl, got caught up my car."
tifu-test-02399,"i was a girl, i didn't know it to get my friend."
tifu-test-02400,"i tried to get a new car, got stuck up my dick."
tifu-test-02401,"i tried to get a girl, ended up my girlfriend."
tifu-test-02402,"i tried to make fire,"
tifu-test-02403,"i tried to get a girl, ended up with my girlfriend."
tifu-test-02404,"got drunk, got a lot of my house."
tifu-test-02405,"i tried to get a car, got caught my dad's house."
tifu-test-02406,"i was a picture of my friend,"
tifu-test-02407,"i tried to get a new job, got caught up my boss and i didn't know it was going out of the same day."
tifu-test-02408,"i tried to fix my computer, ended up a new laptop."
tifu-test-02409,"i got a job of my boss, i was been to get the business."
tifu-test-02410,"i tried to get a bar, got drunk and ended up my head of the first day."
tifu-test-02411,"i was a girl in my teacher, i didn't read the school."
tifu-test-02412,"i tried to get a big job,  fited my eye."
tifu-test-02413,i was a girl and my mom's house.
tifu-test-02414,"i tried to get a car, got stuck up the road."
tifu-test-02415,"i tried to get a game, got stuck up my head and ended out of the road."
tifu-test-02416,"i got a job of my boss, and i didn't be stuck up."
tifu-test-02417,"i tried to get a girl, i didn't know my mom's mother."
tifu-test-02418,"i tried to read a new book of my friend, and got caught it was going out."
tifu-test-02419,"i tried to get a shower, got my mom's house."
tifu-test-02420,"tried to get a party, got drunk on my nose."
tifu-test-02421,"i went to get a wrong of the train, ended up my house."
tifu-test-02422,"i tried to get a girl, ended up my girlfriend and got caught out of the first job."
tifu-test-02423,"i tried to get my penis,"
tifu-test-02424,"i tried to get a post of my friend, ended up it was stuck out."
tifu-test-02425,i was going to go for the movie.
tifu-test-02426,"tried to get a girl, got caught up the road of my car."
tifu-test-02427,tried to get a shower with my pants.
tifu-test-02428,"i tried to get a few day, ended up my friend and i was going out of the first time."
tifu-test-02429,"tried to get a little dog, got caught up my foot."
tifu-test-02430,"i thought i'm a joke,"
tifu-test-02431,"i was a guy in the car, got caught my house."
tifu-test-02432,"i was a lot of my car, ended up the house and got to get fire."
tifu-test-02433,"i tried to get a new car, got stuck up my house and ended out of the fire."
tifu-test-02434,"i tried to get a job, got my car and i'm stuck up the door."
tifu-test-02435,"i tried to get a school, got stuck up my face of the door."
tifu-test-02436,"i tried to get a girl, got caught up my car."
tifu-test-02437,"tried to get a shower, ended up my bathroom."
tifu-test-02438,"i tried to buy my car,"
tifu-test-02439,"i tried to make my house, ended up the bathroom."
tifu-test-02440,"i tried to get a car, got caught my phone and ended up the door."
tifu-test-02441,"i tried to get a game, got stuck up my hand of the field."
tifu-test-02442,"i tried to get a girl, got caught up with my girlfriend."
tifu-test-02443,"i told a girl, i was going to make the first day."
tifu-test-02444,"i tried to get a car, got drunk and ended up my house."
tifu-test-02445,i tried to get a picture of my laptop.
tifu-test-02446,"i tried to get a shit, got caught my car and ended up the bathroom."
tifu-test-02447,"i tried to get a cat dog, ended up my house."
tifu-test-02448,"i tried to get a job, got stuck up my phone."
tifu-test-02449,"tried to get a guy, got caught out of the door."
tifu-test-02450,"i tried to make a picture of my house, but i didn't know it was cut up the first time."
tifu-test-02451,"i tried to get a pizza, ended up my car."
tifu-test-02452,"tried to make a fire, got burnt up my house."
tifu-test-02453,i was a girl and got caught my boss.
tifu-test-02454,"i tried to get a fire, got caught my house and i was stuck up the dog."
tifu-test-02455,"i tried to fix a new computer, ended up my laptop."
tifu-test-02456,"i tried to get a knife, got stuck up my finger."
tifu-test-02457,"i was a girl, got drunk in my friend."
tifu-test-02458,"i tried to get a new car, got stuck up the road."
tifu-test-02459,"i tried to make the house, got a fire and ended up my apartment."
tifu-test-02460,"i went to get a guy, got drunk with my friend."
tifu-test-02461,"i tried to get a nose,"
tifu-test-02462,"i didn't know i'm my wallet,"
tifu-test-02463,"i tried to get a girl, got caught my mom's house."
tifu-test-02464,"i tried to get my car, got a new truck and ended up the door."
tifu-test-02465,"i tried to get a girl, i was going out of my girlfriend."
tifu-test-02466,"i tried to get a guy and got the gym,"
tifu-test-02467,"tried to get a girl, ended up my hair."
tifu-test-02468,i tried to get a bar of my friend and ended up out.
tifu-test-02469,i didn't be a test of my exam.
tifu-test-02470,"tried to get a shower, got my nose and ended up the eye."
tifu-test-02471,"i tried to get a bar of the party, ended up my boss."
tifu-test-02472,"tried to take a doctor, ended up my toilet."
tifu-test-02473,"tried to get a cat, got caught up my foot."
tifu-test-02474,"i was a joke of my friend,"
tifu-test-02475,"tried to get a pit of my foot, got caught up in the floor."
tifu-test-02476,"i tried to buy a gift for the store of my mother, ended up out."
tifu-test-02477,"i tried to get a car, got stuck up my head of the road."
tifu-test-02478,"i tried to get a shit and got my nose, i"
tifu-test-02479,"i tried to get a shit, ended up my ass of the bathroom."
tifu-test-02480,"i tried to get a girl, ended up my mother's mom and i was going out of the same day."
tifu-test-02481,i was a girl of my friend and i'm going to see it.
tifu-test-02482,i was a wrong of my phone and now i didn't know it is going to get the same time.
tifu-test-02483,"i tried to get a girl, ended up out of my girlfriend and got caught me."
tifu-test-02484,i tried to get a water of my house and i was burnt up the fire.
tifu-test-02485,"i tried to get a guy, got caught up my head and ended out of the road."
tifu-test-02486,"i tried to make a fire, i was burnt my house."
tifu-test-02487,"i tried to get a new car, but got stuck up my house."
tifu-test-02488,"tried to get a pizza, ended up my house."
tifu-test-02489,"i tried to buy a new game of the first time, i didn't have get it."
tifu-test-02490,"i tried to get a new computer, got stuck up my house."
tifu-test-02491,"i tried to get a new dog, got caught my mom's house."
tifu-test-02492,"i tried to get a water, got my house and ended up the bathroom."
tifu-test-02493,"i tried to get a girl with my girlfriend, ended up out of the first time."
tifu-test-02494,"tried to be a girl, ended up my girlfriend."
tifu-test-02495,"i tried to fix my phone and now i'm a new computer,"
tifu-test-02496,"i tried to eat my mom's house, got a little day."
tifu-test-02497,"tried to get a car, got caught the road."
tifu-test-02498,"i tried to get a girl, ended up with my girlfriend."
tifu-test-02499,"i tried to get a car, got drunk and ended up my house."
tifu-test-02500,"i tried to get a guy, got drunk and ended up my girlfriend."
tifu-test-02501,"i tried to get a car, got stuck up my house."
tifu-test-02502,"i tried to get a new car, got stuck up my garage."
tifu-test-02503,i tried to be a few weeks of my mom's house.
tifu-test-02504,"tried to get a girl, got caught up the school."
tifu-test-02505,"tried to get a kid, got caught up with my brother's dog."
tifu-test-02506,"i tried to get a big job,"
tifu-test-02507,i was a guy with my friend and now i am going to be the same time.
tifu-test-02508,"i tried to get a girl, i was stuck up my mom."
tifu-test-02509,"i tried to get a new car, got stuck up the door."
tifu-test-02510,"i tried to get a girl, got drunk with my friend and ended up the first day."
tifu-test-02511,"i tried to get a new girl, but i was going out of my boss."
tifu-test-02512,i tried to get a new job of my boss and i didn't have be the same day.
tifu-test-02513,"i tried to get a shower, i didn't go out of my face."
tifu-test-02514,"i tried to get a new car, got caught up the police."
tifu-test-02515,"i tried to get a girl,"
tifu-test-02516,"i tried to get a girl, but i didn't know it was going out."
tifu-test-02517,"i tried to get a new apartment, ended up my house and got out of the room."
tifu-test-02518,"i tried to get a guy, got my friend."
tifu-test-02519,"i tried to get a new friend, got an few day."
tifu-test-02520,"i tried to get a lot of my stomach, ended up the first day."
tifu-test-02521,"i was a girl and my mom's mother,"
tifu-test-02522,"i tried to get a park, got stuck up my foot and ended out of the road."
tifu-test-02523,"i tried to get a guy, got stuck up my car."
tifu-test-02524,"i tried to get a girl, got drunk with my girlfriend."
tifu-test-02525,"i tried to get a girl, got my penis and ended up out of the first day."
tifu-test-02526,"i tried to get a girl with my girlfriend, got caught up out of the date."
tifu-test-02527,"i tried to get a bathroom, got caught my house."
tifu-test-02528,"i tried to get a door, ended up my house."
tifu-test-02529,"i tried to get a car, got stuck up my house."
tifu-test-02530,"i went to eat my house, got a shit and ended up the bathroom."
tifu-test-02531,"i told a job of my boss, and i didn't know it was going to work."
tifu-test-02532,"tried to make a fire, got my house."
tifu-test-02533,"i tried to get a car, ended up my head of the road."
tifu-test-02534,"i tried to get my phone and got a new computer,"
tifu-test-02535,"i tried to get a chicken of my finger, i was cut up the knife."
tifu-test-02536,"i was a girl with my friend's girlfriend, she got caught her boyfriend."
tifu-test-02537,i tried to get my nose and now i had a lot of the face.
tifu-test-02538,"i tried to get a new car, got stuck up my face."
tifu-test-02539,"i was a guy and got drunk,  "
tifu-test-02540,"i tried to get a new school, got stuck up the computer."
tifu-test-02541,"i was a lot of my nose, i didn't be the test."
tifu-test-02542,i tried to get a bar of my friend's house.
tifu-test-02543,"tried to get a toilet, got caught up the bathroom."
tifu-test-02544,"i was a big friend, got my boss and i didn't know it."
tifu-test-02545,"i tried to get a girl, got stuck up my face."
tifu-test-02546,"i tried to get a car, got stuck up my house."
tifu-test-02547,"tried to get a girl, got caught up with my friend."
tifu-test-02548,"i tried to get a girl, got caught my girlfriend."
tifu-test-02549,"tried to get a shower, got caught my foot."
tifu-test-02550,"i tried to get a picture of my friend, i'm married out."
tifu-test-02551,"i tried to get a girl, ended up my girlfriend."
tifu-test-02552,"i tried to get a girl, got caught my face of the car."
tifu-test-02553,"i tried to get a road, got caught my car."
tifu-test-02554,"i went to get a new car, got caught out of the train."
tifu-test-02555,i was a girl with my friend and i didn't know it.
tifu-test-02556,"i tried to get a pizza, got drunk with my boss."
tifu-test-02557,"tried to get a girl, got caught my foot."
tifu-test-02558,"i tried to get a new car, got stuck up the door."
tifu-test-02559,"i tried to get a dick, but i was stuck up my penis."
tifu-test-02560,i tried to get a new ear of my ears.
tifu-test-02561,i tried to use a fire and got burnt up my head.
tifu-test-02562,"i tried to get a bottle, got drunk and ended up my house."
tifu-test-02563,i tried to get a book of the school.
tifu-test-02564,"i tried to play a girl and got my sister,"
tifu-test-02565,"i tried to get a girl, got my mom's face of the bathroom."
tifu-test-02566,i got a lot of my house and i didn't have been to make the first day.
tifu-test-02567,"i tried to get a guy, got stuck up my head."
tifu-test-02568,"i tried to get a girl, got caught out of my friend's kid."
tifu-test-02569,"i went to get a girl, got caught up the school."
tifu-test-02570,"i tried to get a new friend, got caught my dad's house."
tifu-test-02571,"i tried to get a guy in my car, got caught up the police."
tifu-test-02572,"i tried to get a new computer, but i didn't go up it."
tifu-test-02573,"i was a lot of my friend, i didn't be an few day."
tifu-test-02574,i was a job of my boss.
tifu-test-02575,"i tried to get a fire and got my nose,"
tifu-test-02576,"i tried to get a shower,"
tifu-test-02577,i was a picture of the movie and i didn't be been seen it.
tifu-test-02578,"i tried to make a fire, i was burnt up my house."
tifu-test-02579,"i tried to send my phone,"
tifu-test-02580,"i tried to get a school, got caught my friend and i didn't know it."
tifu-test-02581,i went to get a shower and ended up the bathroom.
tifu-test-02582,"i thought i was a guy, got married to get my friend."
tifu-test-02583,"i was a job, got my boss and i didn't have be work."
tifu-test-02584,"i was a lot of my car, got caught up the road."
tifu-test-02585,"tried to make a shower, ended up the toilet and got my house."
tifu-test-02586,"i tried to get a job of my friend, got caught up out."
tifu-test-02587,"tried to get a picture of my friend, got caught it was stuck up."
tifu-test-02588,"i tried to get a new job of the first time, and got stuck up it was going out."
tifu-test-02589,"i thought i was going to get a girl,"
tifu-test-02590,"tried to get a shower, got drunk in the bathroom."
tifu-test-02591,"i told a joke of my friend,"
tifu-test-02592,i tried to get a game of my dick.
tifu-test-02593,"i tried to get a new computer, but it was stuck up the first time."
tifu-test-02594,"i went to get a new job, got caught up my boss and ended out of the house."
tifu-test-02595,"i tried to get a new job of my boss, and got stuck up it was fired."
tifu-test-02596,"i tried to get a girl, got caught my friend's school."
tifu-test-02597,"i was a girl, got caught out of my girlfriend."
tifu-test-02598,"i was a girl, i'm going to get my girlfriend."
tifu-test-02599,"i tried to get a picture of my friend, i was supposed it's first time."
tifu-test-02600,"i was a cat in my dog,"
tifu-test-02601,"i tried to make the toilet and got a bathroom,"
tifu-test-02602,"i tried to make my house, i was burnt up the fire."
tifu-test-02603,tried to get a band of my neck.
tifu-test-02604,"i went to get a girl, ended up out of my foot."
tifu-test-02605,"i tried to get a new friend, now i didn't know it."
tifu-test-02606,i was a guy in my friend and got caught the police.
tifu-test-02607,"i told my girlfriend and i was a guy to get the date, but he didn't know it."
tifu-test-02608,"i was a lot of my friend, got drunk in the house."
tifu-test-02609,"i tried to use a new job, got stuck up my finger."
tifu-test-02610,"i tried to get a shower, ended up my head of the bathroom."
tifu-test-02611,"i tried to get a guy, got drunk in the police and ended up out of front."
tifu-test-02612,"i tried to get a girl, ended up my friend."
tifu-test-02613,"i tried to get a girl, got caught my house and ended up the bathroom."
tifu-test-02614,"i tried to get a new car and got stuck up my house, but i didn't go out of the fire."
tifu-test-02615,"tried to watch a movie of my friend,"
tifu-test-02616,"i tried to get a girl, but i was fired up my boss."
tifu-test-02617,"tried to get a guy, got caught out of my car."
tifu-test-02618,i tried to make my mom's house.
tifu-test-02619,"i tried to get a girl, got drunk and ended up out of my friend."
tifu-test-02620,"i tried to get a shower and i was my girlfriend,"
tifu-test-02621,"i tried to get a new house, got caught up my parents was going out of the door."
tifu-test-02622,"i tried to get a girl, got caught my friend and i didn't know it was been the same time."
tifu-test-02623,"i tried to get a shower, got my face of the first time."
tifu-test-02624,i tried to get a new computer and i was stuck up my boss.
tifu-test-02625,"tried to get a kid, got caught my brother's house."
tifu-test-02626,i tried to get a pizza and got my house.
tifu-test-02627,"i tried to get a girl, got an new job of my boss."
tifu-test-02628,"i went to get a girl, got drunk with my girlfriend."
tifu-test-02629,"tried to take a shower, ended up my nose."
tifu-test-02630,"i went to get a party, got drunk and ended up my house."
tifu-test-02631,"i tried to make a glass and got my house, ended up the floor."
tifu-test-02632,"i was a job of my boss, but i didn't know it."
tifu-test-02633,"tried to eat a bottle of my nose,"
tifu-test-02634,"i tried to get a guy, got caught my car and ended up the road."
tifu-test-02635,"i tried to get a new car, got stuck up my house."
tifu-test-02636,"i was a lot of my friend, i didn't eat up the first day."
tifu-test-02637,"tried to get a girl, got caught my girlfriend and she was called her phone."
tifu-test-02638,"i tried to make my dad's house, ended up the door."
tifu-test-02639,"went to get a girl, got caught up with my house."
tifu-test-02640,"i tried to get a girl, ended up the bathroom."
tifu-test-02641,"i tried to get a new hair, but i had my own skin."
tifu-test-02642,"i tried to get a train, ended up the bus and got caught my car."
tifu-test-02643,"i tried to get a girl, got drunk and i was sick."
tifu-test-02644,"i tried to get a kid, ended up my friend and got caught out of the hospital."
tifu-test-02645,"i tried to get a toilet, ended up the bathroom and got stuck in my room."
tifu-test-02646,"i was a job of my boss,"
tifu-test-02647,"i tried to get a girl, ended up my head and got caught the first time of front."
tifu-test-02648,"i tried to get a guy, got drunk with my friend and i was not be the game."
tifu-test-02649,"i tried to get a dog, got an cat and i was stuck up my nose."
tifu-test-02650,"i tried to get a small eye, got my nose and ended up the toilet."
tifu-test-02651,"i tried to get a big job, but i'm stuck up the fire."
tifu-test-02652,"i tried to get a shower, got my bathroom and ended up the toilet."
tifu-test-02653,"i went to get a girl, got drunk in my dad's house."
tifu-test-02654,"tried to get a shower, ended up my penis."
tifu-test-02655,"i tried to get a new car, got stuck up my house."
tifu-test-02656,"tried to get a girl, got married with my mom's dad."
tifu-test-02657,"tried to make a girl, ended up my face."
tifu-test-02658,"i was a kid, i didn't know the school."
tifu-test-02659,"i went to get a bathroom and got caught the toilet, ended up my house."
tifu-test-02660,"tried to get a girl, got caught out of my friend."
tifu-test-02661,"i was a lot of my friend, i'm supposed to get an job."
tifu-test-02662,i tried to make my nose.
tifu-test-02663,"tried to get a shower, ended up my bathroom and got caught the toilet."
tifu-test-02664,"i tried to get a kid, but i didn't know it's family."
tifu-test-02665,"i went to get a school, got caught my house and ended up the bathroom."
tifu-test-02666,"i tried to get a guy, got caught my brother's house."
tifu-test-02667,"i tried to get a new phone, ended up the door."
tifu-test-02668,i didn't go to get a few time and ended up the same day.
tifu-test-02669,"i tried to get a girl, got stuck up my friend."
tifu-test-02670,"i tried to get a little friend's family, he was married out of my dad."
tifu-test-02671,"i got drunk in my mom's house, and ended up out of the bathroom."
tifu-test-02672,"i tried to get a guy, but i didn't know it."
tifu-test-02673,"i tried to get a new phone of my car, but i didn't have pay it was lost the same money."
tifu-test-02674,i tried to make a chicken of my house.
tifu-test-02675,"i tried to get a school, ended up my first time of the college."
tifu-test-02676,"i tried to get a new car, but i didn't go out of my life."
tifu-test-02677,"i was a big job, got to get my house."
tifu-test-02678,"i tried to get a kid, got caught my car."
tifu-test-02679,"i was a big job, i didn't be been to get the doctor."
tifu-test-02680,"i tried to get a new girl, i was stuck up my phone."
tifu-test-02681,"i tried to get a new car, got caught up the police."
tifu-test-02682,"i tried to get a guy, i didn't go out of my dad."
tifu-test-02683,"i tried to get a guy, got caught out of my friend."
tifu-test-02684,"i tried to get a kid, got caught my face of the school."
tifu-test-02685,"i tried to get a dog, got caught my neighbor's house."
tifu-test-02686,"i tried to get a girl, ended up my bathroom and i was stuck out of the shower."
tifu-test-02687,"i tried to get a new job, got stuck up my face."
tifu-test-02688,"i tried to get a guy, got caught my girlfriend and i'm not have be an job."
tifu-test-02689,i tried to make a chicken of the first day.
tifu-test-02690,"i got a guy in my car,"
tifu-test-02691,"i told my friend was a girl, i didn't tell me to get the first time."
tifu-test-02692,i tried to get a girl and i didn't know it was my eye.
tifu-test-02693,"i tried to get a new car, got stuck up my house."
tifu-test-02694,"i tried to get a fire, got burnt up my house."
tifu-test-02695,"i tried to get a dog, got stuck up my foot of the road."
tifu-test-02696,"i tried to get a big car, got stuck up the road."
tifu-test-02697,"i tried to get a girl, got stuck up in the door."
tifu-test-02698,"i tried to get a girl with my friend, but i'm fucked up out of the guy."
tifu-test-02699,i tried to get a girl with my girlfriend and i'm fucked up out.
tifu-test-02700,i tried to get a new car and ended up in the road of my face.
tifu-test-02701,"i tried to get a girl, got caught my girlfriend."
tifu-test-02702,"i tried to get a little kid, got caught out of my face."
tifu-test-02703,i tried to get a girl with my girlfriend and she was going out of her boyfriend.
tifu-test-02704,"i was a lot of my friend, i didn't go to get the bathroom."
tifu-test-02705,"i tried to get a little girl, ended up my penis."
tifu-test-02706,"i tried to get a dog, ended up my car."
tifu-test-02707,"tried to get a girl, got caught out of my friend."
tifu-test-02708,"i tried to get a girl, got my car."
tifu-test-02709,"i tried to get a porn, got my penis and ended up the bathroom."
tifu-test-02710,"i tried to get a few job, got caught up my wallet."
tifu-test-02711,"i tried to make my house, i was burnt up the microwave."
tifu-test-02712,"i tried to get a cat dog, and got caught it was going out of the girl."
tifu-test-02713,"i tried to eat a chicken of my mother,"
tifu-test-02714,"i was a joke of my boss, ended up to get the wrong."
tifu-test-02715,"i tried to get a guy, got caught my foot and ended up the bus."
tifu-test-02716,"i tried to get a new computer, ended up the school."
tifu-test-02717,"i tried to make my house, but i was a lot of the fire."
tifu-test-02718,"i tried to get a bag, ended up my house."
tifu-test-02719,"i tried to play a game of the party,"
tifu-test-02720,"i tried to get a shower, ended up my bathroom and got caught the toilet."
tifu-test-02721,"i tried to get a girl with my girlfriend, but i'm supposed out of the date."
tifu-test-02722,"i tried to get a guy, got my car."
tifu-test-02723,"i was a girl, i'm going to get my mother's mom."
tifu-test-02724,"i tried to get a girl, ended up with my friend and i was going out of the school."
tifu-test-02725,"i told my girlfriend, i'm a job and now she didn't know her boyfriend."
tifu-test-02726,"i tried to get a guy, got stuck up my foot."
tifu-test-02727,"tried to get a girl, ended up my friend."
tifu-test-02728,"i tried to get a girl, got drunk with my girlfriend."
tifu-test-02729,"i tried to get a shower, got caught my nose and ended up the water."
tifu-test-02730,"i tried to get a new job, got stuck up the bathroom."
tifu-test-02731,"i tried to make my house and got a shower,"
tifu-test-02732,"i tried to get a girl, got caught up with the hospital."
tifu-test-02733,i tried to get a girl and i was going out of my mom.
tifu-test-02734,"i tried to get a girl, got caught out of my friend."
tifu-test-02735,"tried to get a girl, got caught my mom's house."
tifu-test-02736,"i tried to get a piece of my hand,"
tifu-test-02737,i tried to get a new computer of my phone.
tifu-test-02738,i thought i was a little friend and my mother's family.
tifu-test-02739,"i tried to get my ear, ended up the middle of a lot."
tifu-test-02740,"i tried to get a job, got stuck up my boss."
tifu-test-02741,tried to send a picture.
tifu-test-02742,"i tried to get a party, got caught my house and ended up the bathroom."
tifu-test-02743,"i tried to get a kid, got caught my house."
tifu-test-02744,"i tried to get a kid, got caught my mom's house."
tifu-test-02745,"i got drunk with my girlfriend, ended up out of a girl."
tifu-test-02746,"i tried to get a photo of my phone, ended up the show it was going out."
tifu-test-02747,"tried to get a girl, got my friend's phone."
tifu-test-02748,i tried to get a cat dog and i was been seen it.
tifu-test-02749,"i tried to get a test of my phone, ended up the computer and i didn't be an few hours."
tifu-test-02750,"i tried to get a girl, ended up the door and got caught my boss."
tifu-test-02751,tried to get a shower with my face.
tifu-test-02752,"i went to get a party, got drunk and ended up the hospital."
tifu-test-02753,"i got drunk with my girlfriend, ended up a party."
tifu-test-02754,"i tried to get a guy, got caught my car and i was stuck up the police."
tifu-test-02755,i thought i was a new microwave.
tifu-test-02756,"i tried to get a shower, got my face and ended up the bathroom."
tifu-test-02757,"i tried to get a girl, i was going out of my girlfriend."
tifu-test-02758,"i thought i was going to get a girl, got caught the car."
tifu-test-02759,"i was a girl, i didn't get my mother's hospital."
tifu-test-02760,"i tried to get a bottle, got drunk in the middle of my house."
tifu-test-02761,"i tried to get a dog and got my car,"
tifu-test-02762,"i went to get a school, got stuck up the middle of my foot."
tifu-test-02763,"i tried to get a girl, got caught my mom's school."
tifu-test-02764,"i tried to get a kid, got caught my friend and ended up the police."
tifu-test-02765,"i tried to get a new school, got caught my boss and ended up it was stuck out of the first time."
tifu-test-02766,"i tried to get a cat dog, got caught up my house."
tifu-test-02767,"i was a girl, i didn't know it."
tifu-test-02768,i was a joke of my mom's mother.
tifu-test-02769,"i was a girl, i'm going to go out."
tifu-test-02770,"tried to get a shower, got my mom's house."
tifu-test-02771,"i tried to get a new computer, ended up my laptop."
tifu-test-02772,"i tried to get a girl, i didn't go out of the school."
tifu-test-02773,"i went to get a few day, got stuck up the store of my car."
tifu-test-02774,i tried to get a test of my room and i didn't know it.
tifu-test-02775,i tried to eat my own bread.
tifu-test-02776,"tried to get a new hand, got stuck up my nose."
tifu-test-02777,tried to get a guy with my friend.
tifu-test-02778,"i tried to get a girl, ended up the door and got caught out of my friend."
tifu-test-02779,i tried to be a new computer of my phone.
tifu-test-02780,"i tried to eat a lot of my nose, ended up it was going out."
tifu-test-02781,"i tried to get a kid, got caught my dog and ended up the first day."
tifu-test-02782,"tried to get a girl, got caught up in the bathroom."
tifu-test-02783,"i tried to get a girl, but she was not know it."
tifu-test-02784,i tried to make a fire of my house.
tifu-test-02785,i was a girl in the school and i didn't go to get an class.
tifu-test-02786,"i tried to get a girl, got caught up with my face."
tifu-test-02787,"i was a job of my boss, i didn't know to get the school."
tifu-test-02788,"i got a game of my friend,"
tifu-test-02789,"i was a girl of my friend, i thought it got to get the first day."
tifu-test-02790,"i tried to get a school, got caught my friend and i didn't know it was going out."
tifu-test-02791,"i tried to get a new house, got caught my car."
tifu-test-02792,"tried to get a fire, got stuck up my house."
tifu-test-02793,"i tried to get a new car, ended up my house."
tifu-test-02794,"i was a girl, i didn't get my girlfriend."
tifu-test-02795,"i tried to get a new car, but i was stuck up the road of my bike."
tifu-test-02796,"tried to get a car, ended up my house."
tifu-test-02797,"i was a job of my boss, i'm busy to get the first day."
tifu-test-02798,"i tried to get a new car, got stuck up the road."
tifu-test-02799,"i was a girl, i'm going to make my girlfriend."
tifu-test-02800,"i tried to get a girl, ended up my foot and got caught out of the road."
tifu-test-02801,"i tried to get a new room, got stuck out of the door."
tifu-test-02802,"i was going to get a movie of the party, ended up out."
tifu-test-02803,"i tried to get a new friend's school,"
tifu-test-02804,"i went to get a girl, got caught out of my friend and i was going to go back with the first time."
tifu-test-02805,"i went to get a girl, got caught my friend and ended up the first day."
tifu-test-02806,"i tried to fix my phone, got a new computer and now i didn't get the same hours."
tifu-test-02807,"i was a kid and i'm going to the dog,"
tifu-test-02808,"i tried to get a fire, got burnt my house."
tifu-test-02809,"i tried to fix my finger, got a fire."
tifu-test-02810,"i tried to get a new car, ended up my dad's phone."
tifu-test-02811,"i got a job of my boss, i was been to get an guy."
tifu-test-02812,"i tried to get a new job of my car, got caught it was going out."
tifu-test-02813,"i tried to get a car, got stuck up my boss."
tifu-test-02814,"i tried to get a car, got stuck up my dad's house."
tifu-test-02815,"i tried to get a girl, got drunk in my girlfriend."
tifu-test-02816,"went to get a girl, got drunk with my girlfriend."
tifu-test-02817,"i went to get a little friend, got caught my brother's house."
tifu-test-02818,"i tried to get a doctor, ended up the hospital."
tifu-test-02819,"i tried to get a fire, got caught my house."
tifu-test-02820,"i got drunk in my friend, ended up a shit."
tifu-test-02821,"tried to get a car, got stuck up the road."
tifu-test-02822,i tried to get a wrong of my friend's house.
tifu-test-02823,i was going to get a new ticket for the bus.
tifu-test-02824,"i tried to make my laptop of the toilet, ended up it was a glass."
tifu-test-02825,"i tried to get a new room, got caught it was stuck up the fire."
tifu-test-02826,"i went to get a new job, got stuck up the door and ended out of my foot."
tifu-test-02827,i tried to see my eye and ended up a few day.
tifu-test-02828,"i told a girl, i was going to get an joke."
tifu-test-02829,"went to get a girl, got my girlfriend and i was going out of the date."
tifu-test-02830,"i tried to get a girl, i didn't know my girlfriend."
tifu-test-02831,"i tried to make a chicken,"
tifu-test-02832,i tried to get a picture of my brother's dad.
tifu-test-02833,"i went to get a big job, got caught my car and ended up the hospital."
tifu-test-02834,"i was a job of my boss, i didn't know it."
tifu-test-02835,i went to get a water and got the toilet.
tifu-test-02836,"i tried to get a girl, but i'm going out of my girlfriend."
tifu-test-02837,"i tried to get a girl, got my friend i was going out."
tifu-test-02838,i tried to get a girl with my friend and got caught up the first day.
tifu-test-02839,"i tried to make my room, but i didn't do the bathroom."
tifu-test-02840,"tried to be a girl, ended up my face."
tifu-test-02841,"i went to get a girl, got drunk with my girlfriend."
tifu-test-02842,"i was a chicken of my house, i didn't have be the first day."
tifu-test-02843,"tried to get a girl, got caught up with my penis."
tifu-test-02844,"tried to wash my hair,"
tifu-test-02845,"i tried to get a girl with my girlfriend, got caught out of the first day."
tifu-test-02846,"i went to get a girl, got caught the toilet and ended up my bathroom."
tifu-test-02847,"tried to get a dog, ended up my foot."
tifu-test-02848,"tried to get a girl, got stuck up with my mom's house."
tifu-test-02849,"i tried to get a girl, i didn't go up the hospital."
tifu-test-02850,"i went to get a girl, got caught my mom's house and i was going home."
tifu-test-02851,"i tried to get a picture of my friend, ended up the school."
tifu-test-02852,"i tried to get a fire, got caught my house."
tifu-test-02853,"i didn't know my mom's mother, i'm been a new job."
tifu-test-02854,"i tried to get a new school, i was supposed it's internet."
tifu-test-02855,"i tried to get a girl, ended up my cat and got caught out."
tifu-test-02856,i was a girl of my girlfriend and she had been to make her face.
tifu-test-02857,"i tried to get a new car, got stuck up my car and ended out of the road."
tifu-test-02858,"i went to get a little friend, got caught my parents was supposed it."
tifu-test-02859,i ate my fridge.
tifu-test-02860,"i tried to get a picture of my car, i was stuck up the first time."
tifu-test-02861,"i tried to get a girl, ended up my friend and got caught me."
tifu-test-02862,"i went to get a girl, got caught my friend and ended up the school."
tifu-test-02863,"i tried to get a girl and my car,"
tifu-test-02864,"i tried to get my phone in the school,"
tifu-test-02865,"i tried to get a game of my friend, got stuck up the first time."
tifu-test-02866,"tried to get a girl, got caught up with my house."
tifu-test-02867,"i tried to get a girl, got caught out of my car."
tifu-test-02868,"i tried to get a wrong of my friend, ended up the school."
tifu-test-02869,i was a new job of my phone and i didn't know it.
tifu-test-02870,"tried to get a car, got stuck up the door."
tifu-test-02871,"tried to eat a toilet, ended up my bathroom."
tifu-test-02872,"i tried to get a doctor, ended up my nose and i'm sick in the hospital."
tifu-test-02873,"i tried to get a fire, got caught my nose and i was stuck up with the first day."
tifu-test-02874,"i tried to make a fire, got burnt my house."
tifu-test-02875,"i went to get a girl, got drunk with my girlfriend."
tifu-test-02876,i tried to get my finger and got a big thumb of the first day.
tifu-test-02877,"i was going to get a car, got caught out of the road."
tifu-test-02878,"i tried to get a bike, got caught my car."
tifu-test-02879,"i tried to make a bottle of my house, but i didn't go out it."
tifu-test-02880,"i tried to get a girl, got drunk with my girlfriend."
tifu-test-02881,"i went to get a new car, got caught up for the airport."
tifu-test-02882,"i tried to get a new job, got stuck up my phone."
tifu-test-02883,"i tried to make a bottle of my friend, but i'm stuck up with the first day."
tifu-test-02884,"i got a lot of my head, ended up with the middle time."
tifu-test-02885,"i went to get a girl, got drunk and i was going out of the first time."
tifu-test-02886,"tried to get a girl, ended up with my girlfriend."
tifu-test-02887,"i tried to make my house, ended up the bathroom and got a fire."
tifu-test-02888,tried to take a bottle of my stomach.
tifu-test-02889,"i was a wrong of the school, i didn't go to make my boss."
tifu-test-02890,"tried to get a girl, got caught up with my friend."
tifu-test-02891,"i tried to get a new job, ended up my boss."
tifu-test-02892,i tried to eat a pizza.
tifu-test-02893,"i tried to get a school, got caught my bike and ended up the police."
tifu-test-02894,"i tried to get a car, got caught my head."
tifu-test-02895,"i tried to get a girl, i was stuck up my mom."
tifu-test-02896,"i was a lot of my boss, and got caught the bathroom."
tifu-test-02897,"i tried to get a kid, got my brother's face of the first day."
tifu-test-02898,"i tried to get a shower, ended up my pants."
tifu-test-02899,"i was a girl, i didn't get my mom's phone."
tifu-test-02900,"tried to get a girl, got caught up my car."
tifu-test-02901,"i thought i'm a girl,"
tifu-test-02902,"i tried to make my house,"
tifu-test-02903,"i tried to use a new window, got stuck up my house."
tifu-test-02904,i tried to make a lot of my house.
tifu-test-02905,"went to get a train, got drunk in the bus."
tifu-test-02906,"i tried to get a girl, got drunk in the doctor."
tifu-test-02907,i tried to make a girl and she was like it's face.
tifu-test-02908,"i tried to get a snow and got fire, ended up my house."
tifu-test-02909,"i tried to get a pizza and got my house,"
tifu-test-02910,i tried to get a bottle with my face of the shower.
tifu-test-02911,"i tried to get a girl, got drunk with my brother's house."
tifu-test-02912,"i tried to get a new computer, got stuck up my phone."
tifu-test-02913,"i tried to get a new shirt, ended up my face of the first time."
tifu-test-02914,"i tried to get a girl, got my girlfriend and i was going out of the same job."
tifu-test-02915,"i tried to get a girl, got married with my girlfriend."
tifu-test-02916,"i tried to make a chicken of my house, ended up the floor."
tifu-test-02917,"i tried to get a test of my exam, ended up the school."
tifu-test-02918,i tried to get a few weeks of my friend.
tifu-test-02919,i tried to get a new car and now i was stuck up it.
tifu-test-02920,"i tried to get a new car, got stuck up my head of the road."
tifu-test-02921,"i tried to get a girl, she was going out of my girlfriend."
tifu-test-02922,"went to get drunk with a party, got caught out of my friend."
tifu-test-02923,"i was a shit in my penis, got caught up the hospital."
tifu-test-02924,"i tried to get a glass, got my nose in the floor."
tifu-test-02925,"i tried to make a dog, got caught my house."
tifu-test-02926,"i tried to get a girl, got drunk with my girlfriend and ended up out of the house."
tifu-test-02927,"i tried to get a new computer, and i didn't have be work."
tifu-test-02928,"i went to get a fire, got caught the first day."
tifu-test-02929,"i tried to get a kid, ended up my brother's house."
tifu-test-02930,"tried to get a girl, got caught up with my friend."
tifu-test-02931,"i didn't know my mom's mother,"
tifu-test-02932,"i tried to get a new girl, ended up my friend was the first time."
tifu-test-02933,"got drunk in a bottle, got caught out of my car."
tifu-test-02934,i was a job of my boss.
tifu-test-02935,i went to get a wrong of the first day.
tifu-test-02936,"tried to get a snow, got stuck up my foot."
tifu-test-02937,"i tried to get a bar of my boss, got stuck up the door."
tifu-test-02938,"i was a girl, i didn't know to get the school."
tifu-test-02940,i tried to make a new first day of my face.
tifu-test-02941,"i tried to get a girl with my girlfriend, got caught up her boyfriend."
tifu-test-02942,"i tried to get a few weeks of my job, but i didn't have be going to pay it was an month."
tifu-test-02943,"i tried to get a girl with my girlfriend, she didn't know i was going out."
tifu-test-02944,"tried to get a tree, got caught up my foot."
tifu-test-02945,"tried to take a shower, got caught my house."
tifu-test-02946,"i was a lot of my friend, got caught to get the hospital."
tifu-test-02947,"i was a little friend's dad, i didn't tell my mom and she had been to get the family."
tifu-test-02948,i tried to get a new car and got stuck up it.
tifu-test-02949,"i tried to get a guy, got drunk and ended up my boss."
tifu-test-02950,"i tried to get a shower, ended up my pants and got stuck in the bathroom."
tifu-test-02951,"i tried to get a job, got stuck up my boss."
tifu-test-02952,"i tried to get a girl, got drunk in my friend."
tifu-test-02953,"i tried to get a car, got stuck up the road."
tifu-test-02954,"i tried to make my house, got a lot of the floor."
tifu-test-02955,"i tried to get a girl, got caught my friend and ended up the first day."
tifu-test-02956,"i was a girl, i didn't get my penis."
tifu-test-02957,"i tried to get a new car, got stuck up my garage."
tifu-test-02958,"i was a lot of my boss, got drunk and i'm going to get the same day."
tifu-test-02959,"i tried to get a new computer, got stuck up my phone."
tifu-test-02960,"i tried to get a shower, ended up my phone."
tifu-test-02961,"i tried to get a new house, got caught my room and ended up the door."
tifu-test-02962,"i tried to get a door, ended up the bathroom."
tifu-test-02963,"i tried to get a new friend, ended up my house and now i'm not have be the whole time."
tifu-test-02964,"i tried to get a girl, got drunk with my face of the first day."
tifu-test-02965,"i tried to get a fire, got my house."
tifu-test-02966,"i tried to get a guy, got stuck up my head and ended out of the floor."
tifu-test-02967,"i was a guy in my friend and got caught the bathroom,"
tifu-test-02968,"i tried to get a girl, ended up my girlfriend and she was going out of the party."
tifu-test-02969,"i tried to get a bike and got my car,"
tifu-test-02970,"i tried to get a kid, got caught my head and i was going out of the middle."
tifu-test-02971,i tried to get my nose and i had a new face of the hair.
tifu-test-02972,"i tried to make a pizza,"
tifu-test-02973,i thought i was going to get a new job of the business.
tifu-test-02974,"i was going to get a party, but i didn't know it's family."
tifu-test-02975,"i tried to get a bar of my friend's boss, and i'm not have be an guy."
tifu-test-02976,"i was a girl, i didn't know to get my friend."
tifu-test-02977,"i tried to play a game, got caught the school."
tifu-test-02978,"i tried to get a girl, ended up my mom's family and i'm not have be the same time."
tifu-test-02979,"i was going to get a guy, but i got stuck up my boss."
tifu-test-02980,"i tried to get a girl, got my mom's car."
tifu-test-02981,"i tried to fix my dog, got a fire."
tifu-test-02982,"i tried to get a new phone of my internet,"
tifu-test-02983,"i was a job of my boss, i didn't be been to get the first day."
tifu-test-02984,"i tried to get a few day, ended up my stomach."
tifu-test-02985,"i tried to get a girl, ended up the movie of my phone."
tifu-test-02986,i went to get a big kid and got stuck up my house.
tifu-test-02987,"tried to get a girl, ended up my girlfriend and she was married with her sister."
tifu-test-02988,"tried to get a girl, got caught up with my house."
tifu-test-02989,i tried to make the water of my house.
tifu-test-02990,"i was a lot of my friend, got caught the toilet."
tifu-test-02991,"i tried to get a girl, got caught my car and i was lost the bus."
tifu-test-02992,"i tried to get a new phone, but i was stuck up the computer."
tifu-test-02993,"i tried to make my finger,"
tifu-test-02994,i tried to get a new phone and got stuck up my car.
tifu-test-02995,"i was going to get a shower, ended up my house."
tifu-test-02996,"i tried to get a new car, ended up my house."
tifu-test-02997,"i tried to get a new girl, but i was stuck up my pants."
tifu-test-02998,"i was a girl, i didn't know it to get my friend."
tifu-test-02999,i was a lot of my house.
tifu-test-03000,"i tried to get a little girl, i didn't see my mom's family."
tifu-test-03001,"i tried to get a job, ended up the school."
tifu-test-03002,"i tried to get a guy of my friend, got caught the first time."
tifu-test-03003,"tried to get a girl, got married with my boyfriend's mom."
tifu-test-03004,i tried to get a lot of my eye.
tifu-test-03005,"i was a girl and my dad's mom,"
tifu-test-03006,"i was a girl with my girlfriend, she didn't be her boyfriend."
tifu-test-03007,"i went to get a lot of my foot, got caught up the fire and ended out."
tifu-test-03008,"i tried to get a girl, ended up my girlfriend and got caught the first day."
tifu-test-03009,"i tried to get a kid, but i was going to make the first day."
tifu-test-03010,"i tried to get a guy, got caught my house."
tifu-test-03011,"i tried to get a guy, got caught my friend and ended up the first time of school."
tifu-test-03012,"i tried to fix a new computer of my car, and got stuck up the first time."
tifu-test-03013,"i tried to get a little friend, got caught up my foot and ended out of the train."
tifu-test-03014,"i fucked up my boss and got a guy, now i'm going to get drunk."
tifu-test-03015,"i tried to get a shower, got stuck up my house."
tifu-test-03016,"i got drunk with my girlfriend, she was a girl and i didn't get her mom."
tifu-test-03017,"i tried to get a dog and got my cat,"
tifu-test-03018,"tried to get a girl, got caught up with my girlfriend."
tifu-test-03019,"i tried to get a new job, and got stuck up the mirror."
tifu-test-03020,"i tried to get a dick with my penis,"
tifu-test-03021,"i tried to get my car, got a door and ended up the parking."
tifu-test-03022,"tried to get a shower, got my nose."
tifu-test-03023,"i tried to get a car, but i'm gonna't use the new way."
tifu-test-03024,"i tried to get a party, got drunk with my head and ended up out of the bar."
tifu-test-03025,i tried to get a razor of my nose.
tifu-test-03026,"tried to get a girl, got caught my car."
tifu-test-03027,i tried to get a new computer and i didn't be the phone.
tifu-test-03028,"i tried to get a shit, got caught my car and ended up the bathroom."
tifu-test-03029,"i tried to get a girl, got drunk with my girlfriend."
tifu-test-03030,"i tried to make the house, got a shower of my garage."
tifu-test-03031,"tried to get a girl with my girlfriend, got caught up her mom and ended out of the hospital."
tifu-test-03032,"i tried to get a shower with my penis, ended up in the bathroom."
tifu-test-03033,"i tried to get a guy in my house, ended up the bathroom."
tifu-test-03034,"i tried to get a girl, ended up the school."
tifu-test-03035,"tried to get a shower, got stuck up my foot."
tifu-test-03036,"i tried to get a fire, got caught my car and ended up the road."
tifu-test-03037,"went to get a girl, got drunk and ended up out of the bathroom."
tifu-test-03038,"i tried to get a toilet, ended up the bathroom."
tifu-test-03039,i was going to get a girl and she didn't know her girlfriend.
tifu-test-03040,"i tried to get a new school, got caught my friend and ended up out of the computer."
tifu-test-03041,i tried to get a girl with my friend and she was been the same day.
tifu-test-03042,"i tried to get a big ear, ended up my head of the first time."
tifu-test-03043,"i tried to get a toilet, ended up the bathroom."
tifu-test-03044,"i thought i was a wrong of my friend,"
tifu-test-03045,"i tried to get a girl and got my face,"
tifu-test-03046,"i tried to get a girl, ended up with my girlfriend."
tifu-test-03047,"i was a job of my boss, i didn't know it's work."
tifu-test-03048,"i was a job of my boss, i didn't be the work."
tifu-test-03049,"i was going to get a movie of my girlfriend, i didn't see the first time."
tifu-test-03050,"i tried to get a shower, ended up my bathroom."
tifu-test-03051,i tried to use my nose and got a new hair.
tifu-test-03052,"i was a joke of my friend, i didn't be the school."
tifu-test-03053,"i tried to get a glass, got my nose and ended up the bathroom."
tifu-test-03054,i tried to get a new room.
tifu-test-03055,"i fucked up my friend,"
tifu-test-03056,i was a girl in my friend and i didn't read the school.
tifu-test-03057,"i tried to get a doctor, got an hospital and ended up the few weeks."
tifu-test-03058,"i got a job, i didn't get my car."
tifu-test-03059,"i tried to get a guy, got caught up my nose."
tifu-test-03060,"tried to get a pizza, got drunk with my friend."
tifu-test-03061,i was a lot of my own house and i tried to make the first day.
tifu-test-03062,i thought i was going to get a store of my boss.
tifu-test-03063,i tried to get a dog of my nose.
tifu-test-03064,"i tried to get a car, got caught up the train."
tifu-test-03065,"tried to take a shower,"
tifu-test-03066,i tried to get a picture of my phone.
tifu-test-03067,"i tried to get a new car, but i didn't pay it was going to make my phone."
tifu-test-03068,"tried to get a car, got caught the door in my house."
tifu-test-03069,"i didn't be a few weeks of my nose,"
tifu-test-03070,"i tried to get a lot of my nose, got stuck up the floor."
tifu-test-03071,"i tried to get a new car, got caught the house."
tifu-test-03072,i tried to get a game of my foot and got stuck up the school.
tifu-test-03073,"i tried to get a new car, got drunk and ended up my house."
tifu-test-03074,"i tried to get a new job, got caught my car and i was stuck out of the guy."
tifu-test-03075,"i tried to get a girl, she was going out of my friend."
tifu-test-03076,"i tried to be a shower,"
tifu-test-03077,i was a doctor of the hospital.
tifu-test-03078,"i tried to get a little kid, ended up my arm."
tifu-test-03079,"i tried to make a picture of the school, i was stuck up it."
tifu-test-03080,"i tried to get a girl, got caught my friend and i was going out of the train."
tifu-test-03081,"i tried to get a kid, got caught the road and ended up my head."
tifu-test-03082,"i tried to get a dog, got caught my head of the first day."
tifu-test-03083,"i tried to send a photo of my phone,"
tifu-test-03084,"i tried to get a girl, got caught my friend was the school."
tifu-test-03085,"i tried to get a guy, got caught my friend and ended up the first time."
tifu-test-03086,"i tried to play a new game of my phone, ended up it was not get the whole entire computer."
tifu-test-03087,"i tried to get a girl, ended up my friend and i was going out of the police."
tifu-test-03088,"i tried to get a girl, ended up my house."
tifu-test-03089,"i tried to get a video of the movie, ended up my boss."
tifu-test-03090,"tried to get a job, got caught up with my boss."
tifu-test-03091,"i tried to get a new car, got caught my phone."
tifu-test-03092,"i tried to get a lot of my nose, ended up the first day."
tifu-test-03093,"i was a girl, i didn't know it's mom."
tifu-test-03094,"i tried to get a new room, ended up the door."
tifu-test-03095,"tried to get a girl, ended up my parents was going out of the first day."
tifu-test-03096,i tried to get a bottle of my nose and got stuck up the glass.
tifu-test-03097,"i tried to get a girl with my girlfriend, she was fucked up her boyfriend."
tifu-test-03098,"i tried to get a car, got drunk in the road and ended up my house."
tifu-test-03099,"i tried to get a toilet, ended up the bathroom and got my house."
tifu-test-03100,"i tried to get a girl, i was the school of my friend."
tifu-test-03101,"tried to wash my toilet, got a shower in the bathroom."
tifu-test-03102,"i got a job of my boss, and now i'm stuck up to work."
tifu-test-03103,"i tried to get a girl, got drunk and ended up my boss."
tifu-test-03104,"tried to make my nose, ended up a shower."
tifu-test-03105,"i went to get a girl, got caught my girlfriend and i was going out of her friend."
tifu-test-03106,"i tried to get a girl, got my mom's house."
tifu-test-03107,"tried to be a girl, ended up my foot."
tifu-test-03108,i was a picture of my friend and i didn't know it.
tifu-test-03109,i went to get a shower and got caught my house.
tifu-test-03110,i was a date of my friend's birthday.
tifu-test-03111,"i tried to make a shower and got my house, ended up the bathroom."
tifu-test-03112,"i tried to get a shower, ended up my house."
tifu-test-03113,"i went to get a school, got caught up with my house."
tifu-test-03114,"i was a girl, i didn't read my teacher."
tifu-test-03115,i tried to get a shit and got my house.
tifu-test-03116,"i tried to get a bottle of my head,"
tifu-test-03117,"i tried to get a girl with my girlfriend, ended up the room."
tifu-test-03118,i didn't know i'm my wallet.
tifu-test-03119,i was going to be a movie of the same day.
tifu-test-03120,i tried to get a video of my friend and got caught it was going out.
tifu-test-03121,"i went to get a picture of my friend, got caught out with the first day."
tifu-test-03122,"i tried to get a fire, got burnt up my house."
tifu-test-03123,i tried to be a movie of my mom's house.
tifu-test-03124,"i tried to get a game of my friend, ended up the first time."
tifu-test-03125,"i was a wrong of the school, got to get my boss."
tifu-test-03126,"i tried to get a job, ended up my boss."
tifu-test-03127,"i was a girl and my boss,"
tifu-test-03128,"i tried to get a party in the room, got caught up my house."
tifu-test-03129,i tried to get a bag of my car.
tifu-test-03130,"i tried to get a wrong of my boss, but i didn't be the first time."
tifu-test-03131,"i tried to make my house, ended up a shower."
tifu-test-03132,"i was a joke of my friend,"
tifu-test-03133,"i tried to get a new phone,"
tifu-test-03134,i was a new job and got stuck up my boss.
tifu-test-03135,"i tried to get a new house, got stuck up the first day."
tifu-test-03136,"i tried to get a guy, got caught out of my car."
tifu-test-03137,"i went to get a girl, got my mom's house and i was going out of the first time."
tifu-test-03138,i tried to get a dick and got my penis.
tifu-test-03139,"tried to get a guy, got caught out of the plane."
tifu-test-03140,"i was a lot of my mother's house, i had been to make the first time."
tifu-test-03141,"i tried to get a girl with my friend, but i didn't know it was going out."
tifu-test-03142,"i tried to get a girl, got drunk with my girlfriend and i was going out of her friend."
tifu-test-03143,"tried to get a car, got stuck up with the road."
tifu-test-03144,"went to get a girl, got caught up in the train."
tifu-test-03145,"i tried to get a car in the door, got stuck up my house."
tifu-test-03146,"i was a piss in the toilet and got my bathroom,"
tifu-test-03147,"i tried to get a car, got stuck up the road."
tifu-test-03148,i was a girl in my friend and i'm not have be the first time.
tifu-test-03149,"i was a girl, i didn't know my friend."
tifu-test-03150,"tried to get a girl, ended up my mom's house."
tifu-test-03151,"i tried to get a cat, got my dog and ended up the first day."
tifu-test-03152,"i tried to get a lot of my house, got stuck up the first day."
tifu-test-03153,"i tried to get a girl, i didn't know it was my penis."
tifu-test-03154,"i tried to be a shower,"
tifu-test-03155,i tried to get a girl with my friend and i was going out of the first day.
tifu-test-03156,"i tried to get a car, got caught up the door and ended out of my house."
tifu-test-03157,"i tried to get a new room, ended up my boss's house."
tifu-test-03158,"i went to get a toilet, ended up my pants and got caught the bathroom."
tifu-test-03159,"i was a guy in the police, got caught out of my car and i didn't get to go home."
tifu-test-03160,i was a guy in the school and got caught out of my friend.
tifu-test-03161,"i tried to get a girl, but i'm stuck up my phone."
tifu-test-03162,i tried to get a lot of my stomach.
tifu-test-03163,"i tried to get a new girl, got caught my mom's house."
tifu-test-03164,"i tried to get a new car, ended up my house."
tifu-test-03165,"i tried to get a bottle, got drunk with my friend and ended up out of the bathroom."
tifu-test-03166,i was a dog of my friend and i didn't know it.
tifu-test-03167,"i tried to get a party of my friend, got caught up with the first time."
tifu-test-03168,"i tried to make a shower,"
tifu-test-03169,"i tried to get a picture of my friend, i'm supposed it was going out."
tifu-test-03170,"i tried to get a picture of my friend's brother, i was sent it got out."
tifu-test-03171,"tried to get a girl with my girlfriend, ended up out of her boyfriend."
tifu-test-03172,i fucked up my girlfriend and got a girl.
tifu-test-03173,"i tried to get a girl, got caught my mom's house."
tifu-test-03174,"i went to get a toilet, ended up the bathroom."
tifu-test-03175,"i tried to get a girl, got caught my mom's house."
tifu-test-03176,i was a girl in my friend's boss.
tifu-test-03177,"i tried to get a girl, got drunk with my girlfriend."
tifu-test-03178,"i was a girl, i didn't get the school."
tifu-test-03179,"i tried to get a bar of my boss, got drunk and ended up the first day."
tifu-test-03180,i tried to get a girl.
tifu-test-03181,"i was a joke of my friend,"
tifu-test-03182,"i tried to get a girl with my girlfriend, i was been going out."
tifu-test-03183,"i tried to get a girl, ended up my mom's parents was not have be the first time."
tifu-test-03184,"i tried to get a guy, got caught out of my house."
tifu-test-03185,"i tried to get a guy, got drunk and ended up my face of the same day."
tifu-test-03186,i tried to get a cat dog and got caught my friend's house.
tifu-test-03187,"i tried to get a new car, got stuck up my phone."
tifu-test-03188,"i didn't know i was a wrong,"
tifu-test-03189,"i tried to get a new game, got stuck up my mom was the first day."
tifu-test-03190,"i was a little friend's dad,"
tifu-test-03191,"i tried to get a toilet, ended up the bathroom and got my foot."
tifu-test-03192,"i tried to get a picture of my friend,"
tifu-test-03193,"i left my toilet,"
tifu-test-03194,i went to go out of my house.
tifu-test-03195,"i tried to make the house, got a shower and ended up my room."
tifu-test-03196,"i tried to get a bar with my boss, got stuck up out."
tifu-test-03197,"i tried to play my dad's family and i was a game,"
tifu-test-03198,"tried to get a girl, got caught my friend and ended up the road."
tifu-test-03199,"i tried to get a shit and got my house,"
tifu-test-03200,"i went to get a kid, got drunk and i didn't go out of my dad's house."
tifu-test-03201,"i tried to get a new room, ended up my phone and got stuck out of the whole house."
tifu-test-03202,"i tried to get a new job, got my nose."
tifu-test-03203,"tried to get a shower, ended up my house."
tifu-test-03204,"i tried to get a girl, got drunk with my girlfriend."
tifu-test-03205,"i didn't know i'm my ass,"
tifu-test-03206,i was a room in my mom's house.
tifu-test-03207,"tried to get a job, got caught my girlfriend and she was stuck up her boss."
tifu-test-03208,"i was a lot of my penis, got to get the first day."
tifu-test-03209,"i tried to get a dog, got caught my car and ended up the park."
tifu-test-03210,"i tried to get a fire, got caught the school."
tifu-test-03211,"tried to watch a girl, got my mom's dad."
tifu-test-03212,"i tried to get a kid, got caught my dad's mom and i was stuck up the house."
tifu-test-03213,i tried to get a guy in my house and ended up the gym.
tifu-test-03214,"i was a girl, i didn't know my mother's family."
tifu-test-03215,"i went to get a party, got drunk in the house."
tifu-test-03216,"i was a guy in the girl, got caught out of my boss."
tifu-test-03217,"i tried to get a new computer of my phone, and got stuck up it was not have the same time."
tifu-test-03218,"i tried to make a glass of my finger, got stuck up the floor."
tifu-test-03219,"i was a wrong of my friend, i didn't know it's first time."
tifu-test-03220,"i tried to get a girl, ended up the bathroom and got caught my penis."
tifu-test-03221,"i tried to get a dog, i was scared up my friend."
tifu-test-03222,"i was a girl, i didn't know my dad's family."
tifu-test-03223,"i tried to get a new room, ended up my house."
tifu-test-03224,"i tried to get a girl, got caught my mother's house."
tifu-test-03225,"i tried to get a picture of my friend, ended up the school."
tifu-test-03226,"i tried to get a girl with my face,"
tifu-test-03227,i tried to get a lot of my friend.
tifu-test-03228,"i tried to get a new job, got my car and i didn't know it was going out."
tifu-test-03229,"tried to get a guy, got married with my friend."
tifu-test-03230,"i tried to get a knife, got my finger with the hospital."
tifu-test-03231,"i got a game of the wrong, ended up my boss."
tifu-test-03232,"tried to get a glass, ended up my desk."
tifu-test-03233,"i tried to get a girl, but i was stuck up my mom."
tifu-test-03234,"i was a class of my teacher, i didn't get the school."
tifu-test-03235,"i tried to get a guy, but i didn't know it."
tifu-test-03236,i tried to get a shower in my face of the bathroom.
tifu-test-03237,"i got a lot of my house, ended up to get the bathroom."
tifu-test-03238,"tried to get a shower, got caught my house."
tifu-test-03239,"i tried to get a shower, got stuck up the toilet."
tifu-test-03240,"i tried to get a few day, got stuck up my foot."
tifu-test-03241,"i tried to get a new computer, i was stuck up my phone."
tifu-test-03242,tried to get a wrong of the movie.
tifu-test-03243,i tried to get a lot of the first day.
tifu-test-03244,"i tried to get a girl, ended up my girlfriend."
tifu-test-03245,"i tried to make a shower and got my house, ended up the floor."
tifu-test-03246,"i tried to get a few day, got my head of the first time."
tifu-test-03247,"i tried to get a door, ended up my house."
tifu-test-03248,"i was going to get a girl, got drunk with the party."
tifu-test-03249,"i tried to get a door, ended up the bathroom."
tifu-test-03250,"tried to get a car, got stuck up the road."
tifu-test-03251,i tried to get a new room and ended up my house.
tifu-test-03252,"went to get a girl, got caught up with my girlfriend."
tifu-test-03253,"tried to make a shower, ended up the toilet."
tifu-test-03254,"i tried to get a car, got stuck up the road."
tifu-test-03255,"i tried to get a game of my phone, i didn't have be the first time."
tifu-test-03256,"i tried to get a shit, got my dick and ended up the bathroom."
tifu-test-03257,"i went to get a shit, got drunk and ended up the bathroom."
tifu-test-03258,"i tried to get a picture of my phone,"
tifu-test-03259,"i tried to get a new car, got caught out of the road."
tifu-test-03260,"i was a girl, i'm going to get my mother's mom."
tifu-test-03261,"i tried to get a kid, ended up my car."
tifu-test-03262,"i tried to get a girl, got caught up my girlfriend and i was going out of the dog."
tifu-test-03263,i tried to get a girl and my mom's mother.
tifu-test-03264,"i thought i was going to get a girl, but she didn't know it."
tifu-test-03265,"i tried to get a big kid, i was cut my face."
tifu-test-03266,"i tried to eat my toilet,"
tifu-test-03267,i tried to eat a chicken of the fridge.
tifu-test-03268,"tried to get a girl, got stuck up my house."
tifu-test-03269,"i tried to get a new car, but i'm stuck up my garage."
tifu-test-03270,"i tried to get a new car, got stuck up my house."
tifu-test-03271,"i tried to get a girl, i didn't go out of my mom."
tifu-test-03272,"i tried to get a shit and got my head, ended"
tifu-test-03273,"i was going to get a girl, i got caught up my girlfriend."
tifu-test-03274,"i tried to get a new house, i didn't see my mom's room."
tifu-test-03275,"tried to play a fire, got an game of the train."
tifu-test-03276,"i tried to get a girl, ended up my mom."
tifu-test-03277,"i was a lot of my house and got to get the car, i didn't go out."
tifu-test-03278,"i was a girl, i didn't get my friend."
tifu-test-03279,"i tried to get a girl, but i'm going out of my boss."
tifu-test-03280,"i was a job of my boss, got to be the office."
tifu-test-03281,"i tried to get a new car, got stuck up my phone and ended out of the computer."
tifu-test-03282,"i was a joke of my friend,"
tifu-test-03283,"i tried to get a dog, got caught my cat's house."
tifu-test-03284,"i tried to get a girl, got caught my friend and ended up the first day."
tifu-test-03285,"i tried to get a girl, ended up my car in the bus."
tifu-test-03286,"i tried to get a school, ended up my friend and got caught out of the first time."
tifu-test-03287,"tried to take a toilet, ended up my bathroom."
tifu-test-03288,"i tried to get a girl, i didn't know it was my friend."
tifu-test-03289,"i tried to get a shit, got caught my bathroom and ended up the toilet."
tifu-test-03290,"i tried to get a guy, got stuck up with my finger."
tifu-test-03291,"i tried to get a new job, got caught up my friend and i was going out of the same time."
tifu-test-03292,"i tried to get a new room, ended up out of my house."
tifu-test-03293,"i tried to get a shower, ended up the bathroom and got my toilet."
tifu-test-03294,"i was a wrong of my phone,"
tifu-test-03295,"i was a lot of my car, got stuck up the door."
tifu-test-03296,i tried to get a girl with my girlfriend.
tifu-test-03297,"i tried to get a girl with my friend, but i'm not have be going out of me."
tifu-test-03298,"i went to get a girl, got drunk and ended up my bathroom."
tifu-test-03299,"i went to get a car, got caught my house."
tifu-test-03300,"i tried to get a girl with my girlfriend, she was married up her friend."
tifu-test-03301,"i was a girl in my friend's house,"
tifu-test-03302,i tried to get a doctor.
tifu-test-03303,"i tried to get a girl, i'm my friend and now she didn't know it was going out."
tifu-test-03304,"tried to get a shower, ended up my penis."
tifu-test-03305,"i tried to get my mom's house,"
tifu-test-03306,"tried to be a girl,"
tifu-test-03307,"i tried to get a girl with my girlfriend, she was married up her boyfriend."
tifu-test-03308,"i went to get a bathroom, got caught my house."
tifu-test-03309,i tried to make a lot of my fridge.
tifu-test-03310,"i didn't go to get my house, but i'm not have a few weeks."
tifu-test-03311,"i tried to get a new job, got stuck up my boss."
tifu-test-03312,"i went to get a girl, got caught the bathroom and ended up my house."
tifu-test-03313,i tried to buy a new kid and got my dad's house.
tifu-test-03314,"i tried to get a girl, ended up my friend i was going out."
tifu-test-03315,"i tried to get a wrong, got drunk and i didn't go out of my brother."
tifu-test-03316,"i was a lot of my house, got to get the store."
tifu-test-03317,"i tried to get a shower, ended up my face of the bathroom."
tifu-test-03318,"i tried to get a car, got caught my house."
tifu-test-03319,"i tried to get a cat, got caught my mom's house."
tifu-test-03320,"i tried to get a big job, got stuck up the hospital."
tifu-test-03321,"i tried to get a toilet, but i didn't go out of the bathroom."
tifu-test-03322,"i tried to get a girl, got caught my mom's house."
tifu-test-03323,"i tried to get a new dog, got stuck up my mom's house."
tifu-test-03324,"i tried to get a big job, got caught my head of the hospital."
tifu-test-03325,"i tried to make my hair, got a shower and now i am not have be the face."
tifu-test-03326,"tried to get a girl, ended up my girlfriend."
tifu-test-03327,"i tried to get a new job, got stuck up my boss."
tifu-test-03328,"i tried to get a shower, got caught my bathroom."
tifu-test-03329,"i tried to get a door, ended up the bathroom and got stuck out of my house."
tifu-test-03330,"i was a guy in the school and got caught my head,"
tifu-test-03331,"i told a job of my boss, i didn't know it was going to get the same time."
tifu-test-03332,"i didn't read my teacher, ended up the school."
tifu-test-03333,"i was a girl, i'm my boss."
tifu-test-03334,"i went to get a girl, got caught up with my girlfriend."
tifu-test-03335,"i tried to get a new car, got stuck up my house."
tifu-test-03336,"i tried to get a lot of my nose, ended up the floor."
tifu-test-03337,i tried to get a few year of my mom's school.
tifu-test-03338,"i tried to take a hospital, got my nose and ended up the doctor."
tifu-test-03339,"tried to get a girl, got caught up with the bathroom."
tifu-test-03340,"i went to get a party of my friend, got drunk and ended up the first day."
tifu-test-03341,"i tried to get a dog, got caught my cat of the house."
tifu-test-03342,"i tried to get a shower, ended up my face of the bathroom."
tifu-test-03343,"i tried to get a big eye, ended up my nose."
tifu-test-03344,i tried to get a girl and i was going out my friend.
tifu-test-03345,"tried to get a girl, got caught up with my house."
tifu-test-03346,"i tried to get a plane, got caught my car in the airport."
tifu-test-03347,i was a girl with my girlfriend and she had sex.
tifu-test-03348,"i tried to get a girl, ended up my mom's house."
tifu-test-03349,i didn't eat my stomach.
tifu-test-03350,"i was a girl, i didn't know my boss."
tifu-test-03351,"i got to get a new apartment, ended up my house."
tifu-test-03352,"i tried to get a new job, got my phone and now i'm stuck up the house."
tifu-test-03353,"i was a class of the school, i didn't know it."
tifu-test-03354,"i tried to get a lot of my head, ended up the face."
tifu-test-03355,i tried to get a cat dog and i was caught it's house.
tifu-test-03356,"i tried to get a car, got caught up my house."
tifu-test-03357,"i tried to get a girl, got drunk with my girlfriend."
tifu-test-03358,"i went to get a few day, got caught up the road."
tifu-test-03359,"i was a lot of my boss, i didn't eat it."
tifu-test-03360,"i tried to get a big job, got stuck up my nose."
tifu-test-03361,"i went to get a guy, got caught my friend and ended up the school."
tifu-test-03362,"i tried to get a girl, ended up my gym and got stuck out."
tifu-test-03363,"i tried to get a new friend and got my girlfriend, ended up the first time."
tifu-test-03364,"i thought i was a joke,"
tifu-test-03365,"tried to get a girl, ended up my girlfriend and she was married out of the same year."
tifu-test-03366,"i was going to get a girl, she didn't go out with my girlfriend."
tifu-test-03367,"tried to get a shower, ended up my hair."
tifu-test-03368,"i tried to get a game of my friend, got stuck up the wrong."
tifu-test-03369,"tried to get a girl, ended up my friend was going out."
tifu-test-03370,"i tried to get a guy and got my friend,"
tifu-test-03371,i was a job of my boss and i didn't be the work.
tifu-test-03372,"i tried to get a new job, got stuck up my finger."
tifu-test-03373,"i tried to make a fire, got burnt my house."
tifu-test-03374,"tried to get a girl, ended up out of my friend and i was going to make the first day."
tifu-test-03375,i was going to get a few day.
tifu-test-03376,"i tried to get a kid, got my dad's house."
tifu-test-03377,"i tried to see a girl,"
tifu-test-03378,"i tried to get a girl with my girlfriend, now i'm not have be going out."
tifu-test-03379,"i tried to get a new phone, got caught my girlfriend and i was stuck up with the house."
tifu-test-03380,"i tried to get a girl, got stuck up my girlfriend."
tifu-test-03381,"i tried to get a new car, got stuck up the road."
tifu-test-03382,"i tried to get a new car, got stuck up my house."
tifu-test-03383,"i tried to get a little kid, i was stuck up my mom's dad."
tifu-test-03384,"i tried to get a shit and got my dick,"
tifu-test-03385,i tried to get a doctor and got an dentist.
tifu-test-03386,i tried to make my friend and got a few day.
tifu-test-03387,"i tried to get a dog, got caught up my cat and i was stuck out of the kid."
tifu-test-03388,"i tried to get a pizza, got my house."
tifu-test-03389,"tried to be a girl, ended up out of my girlfriend."
tifu-test-03390,"i tried to get a pizza, got my ass and i had have be the shit."
tifu-test-03391,"tried to make a shower, ended up the bathroom."
tifu-test-03392,"i tried to get a lot of my car, got caught up the road and i was stuck out."
tifu-test-03393,"tried to get a shower, ended up my face of the floor."
tifu-test-03394,"i tried to get a new job, but i was stuck up my mom."
tifu-test-03395,"i tried to get a new job of my friend,"
tifu-test-03396,"tried to buy a gift, got married for the same day."
tifu-test-03397,"i tried to get a new car, got caught up my house."
tifu-test-03398,i was a joke of my friend's party.
tifu-test-03399,"i tried to get a shower, ended up my house."
tifu-test-03400,"i tried to make a fire, got burnt my house."
tifu-test-03401,"i went to get a girl, got drunk in the party of my wedding."
tifu-test-03402,"i tried to make my house, got a lot of the fridge."
tifu-test-03403,"tried to get a shower, ended up my foot."
tifu-test-03404,i was a game of my friend and i got stuck up the party.
tifu-test-03405,"i was going to get a party, but i didn't go out of my car."
tifu-test-03406,"i was a wrong of my teacher, i didn't know it."
tifu-test-03407,i was a guy of my friend's boss.
tifu-test-03408,"i tried to get my dad's house, ended up a few day."
tifu-test-03409,i was a lot of my friend and i didn't go to make the first time.
tifu-test-03410,"i was going to get a girl, but i didn't know it."
tifu-test-03411,"i tried to get a new computer, got stuck up my laptop."
tifu-test-03412,"i tried to get a doctor, got sick and i didn't take the hospital."
tifu-test-03413,"i tried to get a girl, ended up my girlfriend."
tifu-test-03414,"i tried to get a big job, got stuck up my head."
tifu-test-03415,"i tried to get a knife, got my finger and i was stuck up the face."
tifu-test-03416,"i tried to get a bar, got drunk and ended up my car."
tifu-test-03417,"i tried to get a girl, got caught my car and ended up out of the same day."
tifu-test-03418,i was a guy in my brother's room and he didn't see him.
tifu-test-03419,i tried to make a new computer of my house.
tifu-test-03420,"i tried to get a guy, got drunk in the road."
tifu-test-03421,i went to get a wrong of the school and got stuck up my foot.
tifu-test-03422,"tried to clean a toilet, got stuck up the bathroom."
tifu-test-03423,i was a guy in my head and got stuck up with the door.
tifu-test-03424,"i went to get a piss, got drunk and ended up my toilet."
tifu-test-03425,"i tried to get a girl, got caught my friend's car."
tifu-test-03426,i tried to get a new phone and got stuck up my dad's house.
tifu-test-03427,"i was a guy and i'm mad,"
tifu-test-03428,"i tried to get a shower,"
tifu-test-03429,"tried to get a pizza, got my boss."
tifu-test-03430,"tried to get a gym, ended up with my friend."
tifu-test-03431,"tried to get a dog, got stuck up my house."
tifu-test-03432,"i tried to get a new girl, but i was going up the first day."
tifu-test-03433,"i tried to get a girl, got caught my face."
tifu-test-03434,"i tried to get a new job, got caught up my boss."
tifu-test-03435,"i tried to get a job of my boss, got stuck up the business."
tifu-test-03436,i was a shit in my bathroom and ended up the toilet.
tifu-test-03437,"i tried to get a new car, but i was stuck up my girlfriend."
tifu-test-03438,"i tried to get a girl with my girlfriend, but i didn't know it was married."
tifu-test-03439,"i tried to get a new night, got caught my house."
tifu-test-03440,"tried to get a shower, got caught my house."
tifu-test-03441,"i tried to get a bag, got stuck up my mom's hand."
tifu-test-03442,"i got drunk with my boss, i was a new job."
tifu-test-03443,"i tried to get a toilet, ended up the bathroom in my house."
tifu-test-03444,"i was a new job of my boss, and i didn't have be work."
tifu-test-03445,"i was a pissed my bathroom, got to get the toilet."
tifu-test-03446,"i was a little guy,"
tifu-test-03447,"i tried to get a bottle of my house, got drunk in the bathroom and ended up."
tifu-test-03448,"i was a girl, i didn't know it."
tifu-test-03449,i didn't be a professor.
tifu-test-03450,"i tried to get a girl with my girlfriend, ended up the date."
tifu-test-03451,"i was a joke of my friend, i didn't go to get the first time."
tifu-test-03452,"i tried to get a toilet, ended up my bathroom."
tifu-test-03453,"i tried to get a girl, got my mother's house."
tifu-test-03454,"i tried to make my house, got a new tree of the floor."
tifu-test-03455,i thought i was going to be a big job.
tifu-test-03456,"tried to get a hand with my foot,"
tifu-test-03457,"i tried to get a new friend, got caught up with my phone."
tifu-test-03458,i tried to get a job of my boss.
tifu-test-03459,"i drank up a bottle, got drunk in the toilet."
tifu-test-03460,"i tried to get a new car, got caught out of my boss."
tifu-test-03461,i tried to get a new phone.
tifu-test-03462,"i tried to get a guy in the door, ended up my room."
tifu-test-03463,"tried to get a car, got caught up with the road."
tifu-test-03464,"i tried to get a big job, ended up my friend and i was going out of the doctor."
tifu-test-03465,i went to get a new birthday and got caught up my mom's house.
tifu-test-03466,"i tried to get a new phone, but i'm stuck up my car."
tifu-test-03467,i tried to get a pot of my dad's house.
tifu-test-03468,"i was going to get a wrong of my friend, i didn't be the first time."
tifu-test-03469,"i tried to get a girl, but i was going out of my mom's family."
tifu-test-03470,"i tried to get a fire of my house and got caught the tree,"
tifu-test-03471,"went to get a girl, got caught up in the bathroom."
tifu-test-03472,"i tried to get a girl, ended up my face of the bathroom."
tifu-test-03473,"i tried to get a girl, got caught my girlfriend."
tifu-test-03474,"i tried to get a girl, got caught my house."
tifu-test-03475,"i tried to get a new car, ended up the road in my house."
tifu-test-03476,i tried to get a new phone of my internet.
tifu-test-03477,"i tried to get a pizza, got my nose."
tifu-test-03478,"i tried to get a girl, ended up out of my face."
tifu-test-03479,"i went to get a bathroom, got caught my toilet."
tifu-test-03480,"i tried to make a chicken of my house, got caught it was the first day."
tifu-test-03481,i tried to get a girl and got my face of the first day.
tifu-test-03482,"i tried to get a guy, got my car."
tifu-test-03483,"i tried to get a shit, ended up my toilet and got caught the bathroom."
tifu-test-03484,"i tried to get a girl, got drunk with my girlfriend and she was going out of her mom."
tifu-test-03485,"i tried to get a big game, got stuck up my head."
tifu-test-03486,i tried to watch the movie of my porn.
tifu-test-03487,"i was a lot of the toilet,"
tifu-test-03488,"i tried to get a new song, ended up my mom was going to make the same time."
tifu-test-03489,"i tried to get a joke,"
tifu-test-03490,"i tried to get a toilet, ended up my bathroom."
tifu-test-03491,"i tried to get a snow, got stuck up my foot."
tifu-test-03492,"i tried to get a school, i didn't know it was an computer."
tifu-test-03493,"went to get a train, ended up the hospital."
tifu-test-03494,i was a girl of my friend's mom and i'm going to make her mother.
tifu-test-03495,i tried to get a girl with my friend.
tifu-test-03496,"i tried to get a shower, ended up my bathroom."
tifu-test-03497,"i tried to buy my mom's house, i was a new mother."
tifu-test-03498,"i tried to get my dad's house, got a new apartment and ended up the room."
tifu-test-03499,"i tried to make my house, got a fire and ended up the door."
tifu-test-03500,"i tried to get a girl, ended up my face."
tifu-test-03501,"tried to make a shower, ended up the bathroom."
tifu-test-03502,"i was a joke of my friend's dad, i didn't know it."
tifu-test-03503,"i tried to get a new house, and i didn't go out the first time."
tifu-test-03504,"tried to get a car, got caught out of the door."
tifu-test-03505,"i tried to get a guy in my dad's car, got caught up the road."
tifu-test-03506,"tried to get a big bottle, got caught up with the bathroom."
tifu-test-03507,"i was a wrong of my friend, i didn't be been to make the first time."
tifu-test-03508,"i didn't know i'm a girl,"
tifu-test-03509,"i tried to get a girl, ended up the door and got caught my house."
tifu-test-03510,"i tried to get a girl, i'm married with my girlfriend."
tifu-test-03511,"tried to get a shower, got stuck up the bathroom."
tifu-test-03512,"i was a guy in my friend, and i'm not have be the first time."
tifu-test-03513,"i tried to get a new car and got stuck up the school, ended out of my head."
tifu-test-03514,"i was a wrong of my boss, got to be the bar."
tifu-test-03515,i told my friend was a girl and he didn't tell him to get her girlfriend.
tifu-test-03516,"i tried to get a lot of my nose, got caught it was stuck up."
tifu-test-03517,i got a game of my friend and i was going to get the school.
tifu-test-03518,i tried to get my mom's dad and i didn't know it.
tifu-test-03519,"i was a girl, i'm going to get my friend."
tifu-test-03520,"i tried to get a girl, i was going up her mother's eye."
tifu-test-03521,"i tried to make a girl, she was going out of the picture."
tifu-test-03522,"i tried to get a kid, got caught my dad's house."
tifu-test-03523,"i tried to get a girl, ended up the bathroom."
tifu-test-03524,i was a shit in my phone and got to get the bathroom.
tifu-test-03525,"i tried to get a new job, i didn't have be the school."
tifu-test-03526,"i tried to get a girl, got drunk with my girlfriend."
tifu-test-03527,"i was a joke of my friend, i didn't go to get the wrong."
tifu-test-03528,"i tried to get a girl, got caught my friend and now i am going out."
tifu-test-03529,"i tried to get a big car, got caught the hospital."
tifu-test-03530,"went to get a party, got drunk and ended up the door."
tifu-test-03531,"i tried to make a fire, got my hand of the snow."
tifu-test-03532,i tried to make my dad's mom and i was a little brother.
tifu-test-03533,"i tried to get a movie of my friend, but i didn't see the same time."
tifu-test-03534,"tried to get a girl, got married with my girlfriend."
tifu-test-03535,"tried to get a big car, got stuck up my arm."
tifu-test-03536,"i tried to get a new house, ended up my dad's family and got stuck out of the door."
tifu-test-03537,"i was a lot of my house, and got caught the first day."
tifu-test-03538,"i tried to get a new computer,"
tifu-test-03539,"went to get a bar, got drunk and ended up the bus."
tifu-test-03540,"i tried to get a girl, ended up with my girlfriend and got caught it was not have the room."
tifu-test-03541,"i tried to get a school, got caught my teacher and ended up the class."
tifu-test-03542,"i tried to get a big friend, got caught my house."
tifu-test-03543,"i tried to get a few day, ended up the hospital."
tifu-test-03544,"i tried to get a shower, ended up the bathroom."
tifu-test-03545,"i tried to get a girl, got my face of the first day."
tifu-test-03546,"i tried to get a kid, ended up the bathroom."
tifu-test-03547,"i tried to get a girl, got caught up with my friend."
tifu-test-03548,"i tried to get a girl, ended up my girlfriend and got caught out of the first time."
tifu-test-03549,"i tried to get a bottle, got drunk with my friend and ended up the glass."
tifu-test-03550,"tried to get a girl,"
tifu-test-03551,"i tried to get a shower, ended up my face of the bathroom."
tifu-test-03552,"i tried to make a fire of the first day,"
tifu-test-03553,"i tried to get a new car, and got stuck up my house."
tifu-test-03554,"i tried to get a kid, got an shit and ended up my mom's house."
tifu-test-03555,"i was a joke of my friend, i didn't get the school."
tifu-test-03556,"i tried to get a few weeks of my friend, ended up the first day."
tifu-test-03557,"i tried to get a girl with my girlfriend, she was going out."
tifu-test-03558,i was a guy in my car and got to get the road.
tifu-test-03559,"i tried to get a shower, got drunk in the bathroom."
tifu-test-03560,"i tried to get a wrong of my phone, ended up the school."
tifu-test-03561,i tried to get my room and got a new computer.
tifu-test-03562,"i was a girl, i didn't know it's mom."
tifu-test-03563,"i tried to get a new car, got stuck up my boss."
tifu-test-03564,"i tried to get a dog, got caught my cat and ended up the house."
tifu-test-03565,"i tried to get a girl, got my friend's friends."
tifu-test-03566,"tried to make a shower, ended up my face."
tifu-test-03567,"i tried to get a girl,"
tifu-test-03568,"i was a joke of my friend's school,"
tifu-test-03569,"i was a lot of the toilet, ended up my stomach."
tifu-test-03570,i was a lot of my stomach and i didn't get the doctor.
tifu-test-03571,"i tried to get a new house, and got stuck up the first day."
tifu-test-03572,"tried to get a dog, got caught up with my car."
tifu-test-03573,"i was a school, i didn't know my teacher."
tifu-test-03574,"i went to get a girl, got caught up with my house."
tifu-test-03575,i was a guy in my girlfriend.
tifu-test-03576,"i tried to get a girl, got caught the bathroom."
tifu-test-03577,"tried to get a game, got caught up with my friend."
tifu-test-03578,"i tried to get a pisser, got caught up my foot."
tifu-test-03579,"i tried to get a chicken, got caught my house."
tifu-test-03580,i tried to make a chicken of my house.
tifu-test-03581,"i didn't know my mom's house, i'm been a new job."
tifu-test-03582,i didn't know my dad's mom.
tifu-test-03583,"i got drunk in a party, ended up my car."
tifu-test-03584,"i got drunk in my friend, ended up a bar of the car."
tifu-test-03585,"i tried to get a girl, got drunk with my girlfriend."
tifu-test-03586,"i tried to get a guy, got drunk and ended up my friend was going out of the party."
tifu-test-03587,"i tried to get a new house, i was stuck up my mom and ended out of the door."
tifu-test-03588,"i was a girl with my sister's house,"
tifu-test-03589,"i got a fire of my house,"
tifu-test-03590,"i tried to get a little night, ended up my room and got caught it was going to see the first time."
tifu-test-03591,"tried to get a girl, got caught my friend's house."
tifu-test-03592,"i tried to get a girl, i was going out of my mom's house."
tifu-test-03593,i was a girl of my friend's school.
tifu-test-03594,"i was a girl, got caught out of my girlfriend."
tifu-test-03595,"i tried to get a ticket, got caught the bus."
tifu-test-03596,"i tried to get a bar of my car, got stuck up the same day."
tifu-test-03597,"i was going to get a guy, got drunk in the restaurant."
tifu-test-03598,"i was a girl, got caught my boss and i didn't know it."
tifu-test-03599,"got drunk, got a bottle of my friend's house."
tifu-test-03600,"i tried to get a few day, ended up my car."
tifu-test-03601,"tried to get a girl, she was going out of my girlfriend."
tifu-test-03602,"i was a girl and i had my girlfriend,"
tifu-test-03603,"i tried to get a new job, but i was stuck up my boss."
tifu-test-03604,"i tried to get a car, ended up my bike and got caught the road."
tifu-test-03605,i tried to eat my nose.
tifu-test-03606,"tried to get a girl, ended up the bathroom."
tifu-test-03607,"i went to get a girl, got drunk with my friend's house."
tifu-test-03608,"i tried to get a fire, ended up the water in my house."
tifu-test-03609,"i tried to get a girl, got my car and ended up the road."
tifu-test-03610,"i was going to get a few day, got caught up my car."
tifu-test-03611,"tried to get a girl, got caught up with my girlfriend and she didn't tell me."
tifu-test-03612,"i tried to get a school, ended up in the class of my teacher."
tifu-test-03613,"i tried to get a bag of the store, ended up my car."
tifu-test-03614,"i tried to get a car, got caught my dad's house."
tifu-test-03615,i tried to get a test of my mouth.
tifu-test-03616,"i tried to get a new birthday, but i was going out of my family and got married for the same time."
tifu-test-03617,"i thought i was a girl,"
tifu-test-03618,"i fucked up my girlfriend, got a girl."
tifu-test-03619,"i tried to get a girl, got caught my car and ended up the street."
tifu-test-03620,"i got drunk in my house and ended up a shower,"
tifu-test-03621,i was a guy.
tifu-test-03622,"i tried to get a girl, ended up my face of the first day."
tifu-test-03623,"i tried to get a little friend, got stuck up my face of the first time."
tifu-test-03624,"i tried to get a new job, got stuck up my boss."
tifu-test-03625,"i tried to get a game of the park, got caught my friend."
tifu-test-03626,"i went to get a toilet, ended up my bathroom."
tifu-test-03627,"i was going to get a girl, i didn't go out of the bus."
tifu-test-03628,"i tried to get a party of my house, got drunk in the first day."
tifu-test-03629,"i tried to get my mom's house, got a shower and ended up the bathroom."
tifu-test-03630,"i tried to get a new friend and got my brother's house, now i was been the first time of me."
tifu-test-03631,"i was a guy in my boss, got caught the police."
tifu-test-03632,i tried to get my dad's house.
tifu-test-03633,"i was a lot of my house, got stuck up the hospital."
tifu-test-03634,"i tried to get a girl, got caught my car."
tifu-test-03635,i tried to get a girl with my girlfriend.
tifu-test-03636,"i tried to get a lot of the fire, got stuck up my house."
tifu-test-03637,"i tried to get a few school, ended up my teacher and i didn't have be the class."
tifu-test-03638,i was a joke of the girl and i didn't know it.
tifu-test-03639,"i tried to get a lot of my foot, ended up the road."
tifu-test-03640,"i was a girl, i didn't get the school."
tifu-test-03641,"i went to get a car, got caught my house."
tifu-test-03642,"i tried to get a new bus, got caught my car."
tifu-test-03643,"i tried to get a guy, got drunk and ended up my friend."
tifu-test-03644,"i tried to get a lot of the fire, got stuck up it."
tifu-test-03645,"i was a guy and i didn't get my dad,"
tifu-test-03646,i was a guy in my friend and got to get the same day.
tifu-test-03647,"i tried to get a kid, ended up my mom's house."
tifu-test-03648,"i tried to get a shit, got caught my foot and ended up the bathroom."
tifu-test-03649,"i tried to get my friend's house, i was a few weeks."
tifu-test-03650,"i tried to get a guy, ended up my foot and got stuck out of the same time."
tifu-test-03651,"i tried to get a car, got caught my bike and ended up the road."
tifu-test-03652,"i was going to get a girl, ended up the movie of my friend."
tifu-test-03653,"i tried to make my house, got a shower and ended up the room."
tifu-test-03654,"i went to get a girl, got caught my girlfriend and ended up out of the first day."
tifu-test-03655,"i tried to get a dog, ended up the cat."
tifu-test-03656,"i went to get a girl, got caught my friend's school."
tifu-test-03657,"i was a girl, i didn't know it to get the picture."
tifu-test-03658,"i tried to get a car, ended up my head and got stuck out of the door."
tifu-test-03659,"i went to get a new house, got caught up my car and ended out of the door."
tifu-test-03660,"i tried to get a big eye, got my head of the face."
tifu-test-03661,"i went to get a guy, got drunk in my friend."
tifu-test-03662,"i tried to get a new job, got caught up my house."
tifu-test-03663,i got a shit of my pants and ended up in the bathroom.
tifu-test-03664,"i was a chicken of my boss,"
tifu-test-03665,"i tried to get a wrong of my house, ended up the floor."
tifu-test-03666,"i tried to make a fire, got burnt up my house."
tifu-test-03667,i tried to get a new girl and she didn't know it was going out.
tifu-test-03668,i got a new birthday of my phone and i'm supposed to get the date.
tifu-test-03669,"i tried to make my house of the fridge,"
tifu-test-03670,i was a joke of my dad's mom and i didn't know it.
tifu-test-03671,"i tried to get a girl, i was been sick."
tifu-test-03672,"i was going to get a new job, i didn't know it."
tifu-test-03673,"i tried to get a girl, ended up my toilet and got caught the bathroom."
tifu-test-03674,"i was a chicken of my boss,"
tifu-test-03675,"i went to get a girl, got drunk in the bar of my friend."
tifu-test-03676,"i tried to make my house, got a fire in the room."
tifu-test-03677,"i was a girl, got married to get my girlfriend."
tifu-test-03678,"tried to get a girl, got caught my house."
tifu-test-03679,"i tried to get a shower, got my house."
tifu-test-03680,i tried to be a new first day.
tifu-test-03681,"i was drunk in my room and got a shower,"
tifu-test-03682,"i tried to get a pizza, got drunk in the bar."
tifu-test-03683,"i tried to get a new job, ended up my house and got stuck out of the floor."
tifu-test-03684,i got a job of my boss and i was fired up the guy.
tifu-test-03685,"i was a wrong of my friend's house,"
tifu-test-03686,"i tried to get a girl, got caught up my friend and i didn't go out of the house."
tifu-test-03687,"i tried to get a girl, ended up my house."
tifu-test-03688,"i tried to get a girl, ended up the bathroom."
tifu-test-03689,"i tried to get a pizza, i didn't buy my boss."
tifu-test-03690,i was a wrong of the bar.
tifu-test-03691,"i was a guy of my friend and got drunk,"
tifu-test-03692,"i tried to get a guy, but i was stuck up my friend."
tifu-test-03693,"i tried to get a kid, got caught my friend and ended up the school."
tifu-test-03694,"i tried to get a girl, ended up my mom's house."
tifu-test-03695,"i was going to get a girl, i didn't know my girlfriend."
tifu-test-03696,"tried to get a girl, got caught my girlfriend."
tifu-test-03697,"i was a job of my boss, i didn't be the wrong."
tifu-test-03698,"i tried to get a girl, she was going out of my girlfriend."
tifu-test-03699,tried to use a shower with my face of the floor.
tifu-test-03700,"i tried to get a video of my friend, i'm fucked up the internet."
tifu-test-03701,"i tried to get a lot of my foot, got stuck up the floor."
tifu-test-03702,"i tried to get a guy, got caught the party of my friend."
tifu-test-03703,i tried to get a new car and got caught my house.
tifu-test-03704,"i went to get a girl, got my boss and ended up out of the first day."
tifu-test-03705,"i tried to get a new car, got stuck up my house."
tifu-test-03706,"i tried to get a car, got caught my house."
tifu-test-03707,"tried to get a kid, got caught out of my friend."
tifu-test-03708,"i tried to make a fire, got burnt up my house."
tifu-test-03709,"i was going to get a ride, ended up out of the road."
tifu-test-03710,"i tried to get a guy, got caught my friend and i didn't go out of the first time."
tifu-test-03711,"i was a lot of my friend, got drunk and i didn't go to get the bathroom."
tifu-test-03712,"went to get a guy, got caught up with the road."
tifu-test-03713,"i tried to get a game of my friend, i got caught it was going out."
tifu-test-03714,i tried to get a new room and ended up my house.
tifu-test-03715,"i tried to get a shower and got my bathroom, ended up the toilet."
tifu-test-03716,"i tried to get a new computer, got stuck up my car and now i'm not have the same time."
tifu-test-03717,"tried to make my ear, ended up a shower."
tifu-test-03718,"i tried to get a picture of my penis, ended up the first time."
tifu-test-03719,"i went to get a big car, got drunk in the road."
tifu-test-03720,"tried to get a shower, got caught up my foot and ended out of the hospital."
tifu-test-03721,"i tried to get a new job, got caught my phone and ended up the first time."
tifu-test-03722,"i went to get a girl, got caught my house."
tifu-test-03723,"went to get a girl, got caught up with my car."
tifu-test-03724,"i went to get a girl and got my face,"
tifu-test-03725,"i tried to get a guy, got caught my car."
tifu-test-03726,"tried to take a bathroom, ended up my toilet."
tifu-test-03727,"i tried to get a lot of the store, ended up my house."
tifu-test-03728,i tried to get a video of my friend.
tifu-test-03729,"i tried to make a girl with my girlfriend and i had be the bathroom,"
tifu-test-03730,"i tried to get a guy, got my friend and i didn't see the face."
tifu-test-03731,"i tried to get a girl, got caught out of my girlfriend."
tifu-test-03732,"i tried to get a girl, got caught up with my friend."
tifu-test-03733,i went to get a girl and ended up my mom's house.
tifu-test-03734,"i tried to get a new car, but i'm stuck up my dad."
tifu-test-03735,"i went to get a school, got caught up with my teacher."
tifu-test-03736,"tried to get a shower, got stuck up with the floor."
tifu-test-03737,"i tried to get a few weeks of my boss, but i didn't have be the same day."
tifu-test-03738,"i tried to get a new friend's car, but he was stuck up out of my phone."
tifu-test-03739,i tried to make a chicken of my house.
tifu-test-03740,"tried to get a girl, ended up my face of the bathroom."
tifu-test-03741,"i tried to get a shit, ended up the hospital."
tifu-test-03742,tried to get a girl.
tifu-test-03743,i tried to get a new key of my phone.
tifu-test-03744,"i tried to get my car, ended up the door."
tifu-test-03745,"i tried to get a girl, got caught my friend and ended up out of the first day."
tifu-test-03746,"i tried to get a glass, ended up my finger of the floor."
tifu-test-03747,"i tried to get a glass, got stuck up my finger."
tifu-test-03748,"i tried to get a school, got caught my friend and he didn't know it."
tifu-test-03749,"i tried to play a game, got stuck up my brother's house."
tifu-test-03750,"tried to get a shower, got caught my face of the first time."
tifu-test-03751,"i tried to get a hospital, got caught my head of the road."
tifu-test-03752,"i tried to get a girl, ended up the bathroom and i was stuck out of my face."
tifu-test-03753,"tried to get a shower, ended up my room."
tifu-test-03754,"i was drunk with my friend, got a party and i drank up out of the drink."
tifu-test-03755,"i was a girl in my friend's house, i had been to be the room."
tifu-test-03756,"i tried to get a bottle of the glass, got stuck up my house."
tifu-test-03757,"i tried to get a new phone of my car, now i was stuck up the computer."
tifu-test-03758,"tried to get a guy, got caught up with my dick."
tifu-test-03759,i tried to get a girl and i was going out of my mom.
tifu-test-03760,"i tried to get a girl, got drunk with my girlfriend."
tifu-test-03761,"i tried to get a girl, i thought it was going out of my friend."
tifu-test-03762,"i tried to get a new girl, but i was going out of my friend."
tifu-test-03763,"i tried to get a new car, got stuck up my house."
tifu-test-03764,"i tried to get a girl, got drunk with my girlfriend."
tifu-test-03765,"i tried to fix my house, ended up the floor."
tifu-test-03766,"i tried to get a kid and got caught the school, but i didn't go out of my friend."
tifu-test-03767,i was a girl in my friend and i didn't be the school.
tifu-test-03768,"i tried to get a girl, got stuck up my foot."
tifu-test-03769,"i tried to get a girl, got caught my mom's house."
tifu-test-03770,"i tried to get a girl, ended up my house."
tifu-test-03771,"tried to get a pizza, got my boss and ended up the bar."
tifu-test-03772,"i tried to get a wrong of my friend, got caught it was not have the same time."
tifu-test-03773,"i tried to get a girl, ended up my face of the shower."
tifu-test-03774,"i was a girl, i didn't get my girlfriend."
tifu-test-03775,"i tried to get a girl,"
tifu-test-03776,"i tried to get a picture of my mom's computer, i'm stuck up the new phone."
tifu-test-03777,"i tried to get a new car, got caught my house."
tifu-test-03778,i tried to buy a game of my wallet.
tifu-test-03779,"i was a big guy, got stuck to get the party."
tifu-test-03780,"i tried to get a guy, got drunk in my friend."
tifu-test-03781,"i tried to get a new computer, got caught it was my boss."
tifu-test-03782,"i tried to get a shower, ended up my toilet."
tifu-test-03783,"i was a wrong of my friend,"
tifu-test-03784,"i was a lot of my friend, i didn't know it."
tifu-test-03785,"i tried to get a car, got drunk and ended up my house."
tifu-test-03786,i was a guy of my penis.
tifu-test-03787,"i tried to get a car, ended up the road."
tifu-test-03788,"i tried to get a dog, ended up my cat and then i was going out of the door."
tifu-test-03789,"i tried to get a door and got my house, ended up the floor."
tifu-test-03790,"tried to get a fire, got burnt up my house."
tifu-test-03791,"i tried to get a girl, ended up my penis."
tifu-test-03792,i got a game of my friend and i was going to get the field.
tifu-test-03793,"i tried to get a guy, i didn't know it."
tifu-test-03794,"i tried to get clean my house, got a shower."
tifu-test-03795,"i tried to get a girl, got caught out of my girlfriend."
tifu-test-03796,"i tried to get a girl, ended up out of my friend."
tifu-test-03797,"tried to get a girl, ended up the school."
tifu-test-03798,"i tried to get a shower, ended up the bathroom."
tifu-test-03799,"tried to get a girl, got caught up with my hair."
tifu-test-03800,i tried to get a game of the train.
tifu-test-03801,"i tried to get a pizza, ended up out of the toilet."
tifu-test-03802,"tried to get a girl, got caught up with my face."
tifu-test-03803,"i tried to be a new computer of my boss,"
tifu-test-03804,"i tried to get a shower, got my mom's house."
tifu-test-03805,"i was a party of my friend's birthday,"
tifu-test-03806,"i went to get a girl, got caught my girlfriend and i was going out of the same time."
tifu-test-03807,tried to make my nose and got a shower.
tifu-test-03808,"i tried to get a job of my boss, but i didn't know it was going out."
tifu-test-03809,"i tried to get a girl with my penis, ended up out of the first time."
tifu-test-03810,"i tried to get a chicken of the store, but i was stuck up it."
tifu-test-03811,"i tried to make my house, got a lot of the room."
tifu-test-03812,"i tried to take my bathroom, got a shower in the toilet."
tifu-test-03813,"i tried to get a girl, got drunk with my girlfriend and ended up out."
tifu-test-03814,"tried to get a girl, got drunk with my friend's house."
tifu-test-03815,i tried to clean my house and ended up the room.
tifu-test-03816,"i tried to get a girl, got caught out of my friend and ended up the first day."
tifu-test-03817,"went to get a car, got caught out of my friend and ended up the police."
tifu-test-03818,"i fucked up my girlfriend and got a girl,"
tifu-test-03819,"i tried to get a girl with my girlfriend, ended up out of her boyfriend and now i'm married."
tifu-test-03820,"i was a wrong of my boss, got to get an job."
tifu-test-03821,i was a new phone in my room and now i didn't know it.
tifu-test-03822,i tried to get a new face of my eye.
tifu-test-03823,"i tried to get a guy, ended up my car."
tifu-test-03824,"i tried to get a kid, got caught the school."
tifu-test-03825,"i thought i was a lot of my nose,"
tifu-test-03826,"i tried to make a girl, got my nose and ended up out of the bottle."
tifu-test-03827,"i tried to get a girl, ended up my mom's school."
tifu-test-03828,i tried to get a hand of my thumb.
tifu-test-03829,"i tried to get a girl, ended up the door in my house."
tifu-test-03830,i tried to get a dentist and now i didn't know it was not have see my nose.
tifu-test-03831,"i was a job of my boss, and i didn't have be work."
tifu-test-03832,"i tried to get a nose, got my head of the face."
tifu-test-03833,i went to get a shower and got caught my toilet.
tifu-test-03834,"i tried to play a new game, ended up my dad's house."
tifu-test-03835,"i was going to get a job, but i didn't know it."
tifu-test-03836,"i tried to get a school, ended up the class and got caught my teacher."
tifu-test-03837,"i was a girl, i didn't get the party of my friend."
tifu-test-03838,"i tried to get a new house, got caught up with the door."
tifu-test-03839,"i tried to get a girl, got caught up with my girlfriend."
tifu-test-03840,"i tried to get a girl, she didn't know it was going out."
tifu-test-03841,"i went to get a school of my friend, ended up the class."
tifu-test-03842,"i tried to get a new job, got stuck up my boss."
tifu-test-03843,"i tried to get a girl, got my head and ended up in the floor."
tifu-test-03844,"i tried to get a shower, got caught my house."
tifu-test-03845,"tried to get a guy, got caught out of my friend."
tifu-test-03846,"i tried to get a girl, ended up the bathroom and got caught my face."
tifu-test-03847,"i tried to get a new car, ended up the road of my house."
tifu-test-03848,"i tried to get a girl, ended up my face."
tifu-test-03849,"i went to get a car, got caught my house."
tifu-test-03850,"i tried to get a new job, got stuck up out of my car."
tifu-test-03851,"i tried to get a store of the shop, got stuck up in my boss."
tifu-test-03852,"i tried to play a new computer, ended up with my phone."
tifu-test-03853,"tried to take a shower, got my bathroom and ended up the toilet."
tifu-test-03854,"i tried to get a tree of my dog, got stuck up the house."
tifu-test-03855,"i went to get a movie of my mom's family, i was going out."
tifu-test-03856,"i tried to get a girl, ended up my girlfriend."
tifu-test-03857,"tried to get a pizza, got caught my car."
tifu-test-03858,"i tried to get a new house, ended up out of the first time."
tifu-test-03859,"i tried to eat a pizza,"
tifu-test-03860,"i tried to get a car, got caught the road."
tifu-test-03861,i tried to make a freezer and ended up my house.
tifu-test-03862,"i tried to get a girl, got caught up with my girlfriend and i was going out of the house."
tifu-test-03863,"i went to get a little guy, got caught my house."
tifu-test-03864,"i was a joke of my friend, got caught the school."
tifu-test-03865,"i tried to get a job of my boss, got stuck up the first time."
tifu-test-03866,"i tried to get a girl, got my mom's first time."
tifu-test-03867,"i tried to get a test, ended up the school and got caught my teacher."
tifu-test-03868,i was a joke of my friend's dad.
tifu-test-03869,"tried to make a shower, ended up my face of the bathroom."
tifu-test-03870,i tried to use a new computer of my phone.
tifu-test-03871,i was a lot of my friend and i didn't be sleep.
tifu-test-03872,"i tried to get a girl, got caught my girlfriend and she was called her phone."
tifu-test-03873,i tried to get a picture of my mom's family and now i'm going out.
tifu-test-03874,"i went to get a girl, got caught up the road and ended out of my foot."
tifu-test-03875,i tried to get a shit and ended up my bathroom.
tifu-test-03876,"i tried to get a shower, got stuck up my foot."
tifu-test-03877,"tried to get a girl, ended up my friend's teacher."
tifu-test-03878,i was a joke of my friend and i didn't see the movie.
tifu-test-03879,"i tried to get a girl, i didn't know it was my friend."
tifu-test-03880,"i tried to get a drink, got drunk and ended up my bathroom."
tifu-test-03881,"went to get a girl, got caught up with my friend was drunk."
tifu-test-03882,"i tried to get a girl, i was my face of the same day."
tifu-test-03883,"i was a joke of my friend, i didn't be the school."
tifu-test-03884,"i tried to get a new phone, got stuck up my car."
tifu-test-03885,i tried to send my phone and i'm a new email.
tifu-test-03886,"i tried to get a girl, got caught my friend and ended up out of the police."
tifu-test-03887,"i went to get a girl, got caught out of my friend."
tifu-test-03888,"tried to make a party, got sick and ended up the same day."
tifu-test-03889,"i tried to get a party of my parents's family, i was going out."
tifu-test-03890,i got a new job of my boss and i'm supposed to get an wrong.
tifu-test-03891,"i was going to get a girl, got caught my girlfriend and i didn't go out."
tifu-test-03892,"i tried to get a guy, got stuck up my arm."
tifu-test-03893,"i thought i was a girl,"
tifu-test-03894,"i tried to get a chicken of my house, ended up the fridge."
tifu-test-03895,"tried to get a shower, got stuck up the bathroom."
tifu-test-03896,"i was a girl, i didn't know it's school."
tifu-test-03897,"i was a new job, got my boss and i'm supposed to get the first day."
tifu-test-03898,"i tried to read a paper of my computer,"
tifu-test-03899,"i tried to get a girl, got caught my mom's face."
tifu-test-03900,"i tried to get a new car, got stuck up my house."
tifu-test-03901,"i tried to get a new car, got stuck up my house."
tifu-test-03902,"i got a lot of my house, ended up in the floor."
tifu-test-03903,"tried to get a toilet, ended up the bathroom."
tifu-test-03904,"i was a joke of my friend,"
tifu-test-03905,"i tried to get a shower in the toilet,"
tifu-test-03906,"i was a girl, i didn't know to get my boss."
tifu-test-03907,"i tried to make a microwave of the fridge, got stuck up my house."
tifu-test-03908,"i tried to get a shit, ended up my bathroom and got caught the toilet."
tifu-test-03909,"i tried to get a pizza, but i was going out of the bar."
tifu-test-03910,"i tried to get a new room, got stuck up my house and ended out of the door."
tifu-test-03911,"i tried to get a new car, got stuck up my phone."
tifu-test-03912,"i tried to get a girl with my friend, got caught out of the first time."
tifu-test-03913,i was a lot of the bathroom and got to get my toilet.
tifu-test-03914,"i tried to get a job, i didn't know it was an few weeks."
tifu-test-03915,"i was a joke of my friend, got to get the first day."
tifu-test-03916,"i tried to get a few day, ended up my nose."
tifu-test-03917,"i tried to get a girl, ended up my girlfriend."
tifu-test-03918,"i tried to get a new girl, but i was stuck up out of my mom."
tifu-test-03919,"i tried to get a girl, got caught my girlfriend and ended up the car."
tifu-test-03920,"i tried to get a new computer, ended up the room and i was stuck out of my phone."
tifu-test-03921,"i tried to get a doctor of my nose, i was stuck up out."
tifu-test-03922,"tried to get a shower, got stuck up my house."
tifu-test-03923,"tried to make a pizza, ended up my house."
tifu-test-03924,"i was a girl in the bus, got caught out of my car."
tifu-test-03925,"i tried to get a new phone, got stuck up my car."
tifu-test-03926,i was a girl with my girlfriend.
tifu-test-03927,"i tried to get a girl, i didn't know it was going out of my girlfriend."
tifu-test-03928,"tried to get a dog, got caught my mom's house."
tifu-test-03929,"i was a wrong of my friend, i didn't know it."
tifu-test-03930,"i tried to get a new job, got caught out of my boss."
tifu-test-03931,"i tried to get a shower, ended up my bathroom."
tifu-test-03932,i tried to get a lot of my stomach.
tifu-test-03933,"i tried to get a guy, i didn't know it."
tifu-test-03934,"i tried to get a guy, got my friend and i'm stuck up with the school."
tifu-test-03935,"went to get a girl, got caught up with the car."
tifu-test-03936,"i tried to get a girl, i was the same way of my boss."
tifu-test-03937,"i tried to get a toilet and got my bathroom,"
tifu-test-03938,"i tried to get a date of my friend, but i'm going out."
tifu-test-03939,"i tried to get a new car, got stuck up my house."
tifu-test-03940,"i tried to get a car and got drunk,"
tifu-test-03941,"i tried to get a new car,"
tifu-test-03942,i thought i was going to get a new store of my friend.
tifu-test-03943,"i tried to make a fire, i was burnt up my house."
tifu-test-03944,"i tried to get a job of my boss, ended up it was not have be work."
tifu-test-03945,"i went to get a guy, got caught out of my friend."
tifu-test-03946,i was a wrong of my friend's first day.
tifu-test-03947,"tried to get a dog, got caught up the cat of my mom's house."
tifu-test-03948,"tried to get a girl, got caught up with my friend."
tifu-test-03949,"i tried to get a girl, got caught my phone and i'm stuck up the school."
tifu-test-03950,i was a joke of my friend.
tifu-test-03951,"i tried to get a new band, got stuck up my pants."
tifu-test-03952,"i tried to get a shower and got my pants,"
tifu-test-03953,"tried to make a pit, got stuck up my own house."
tifu-test-03954,"i tried to get a piss in the toilet,"
tifu-test-03955,"i tried to get a big car,"
tifu-test-03956,"i tried to get a car, ended up my house."
tifu-test-03957,i went to get a wrong of my room and got stuck up.
tifu-test-03958,"i tried to get a big kid, i was stuck up the doctor."
tifu-test-03959,i tried to get a new nose and got my face of the doctor.
tifu-test-03960,"tried to get a girl, got caught up with my friend."
tifu-test-03961,"i tried to get a kid, got caught the school."
tifu-test-03962,"i tried to fix my finger and got a knife,"
tifu-test-03963,"i tried to play a game, got stuck up my hand."
tifu-test-03964,"i was a wrong of my boss,"
tifu-test-03965,"i went to get a girl, got caught my car and ended up the door."
tifu-test-03966,"i tried to get a lot of my car, ended up the road."
tifu-test-03967,"tried to get a girl, got caught up with my friend."
tifu-test-03968,"i tried to get a guy and got my friend,"
tifu-test-03969,"i was a girl, i didn't know it."
tifu-test-03970,"i tried to get a girl, got caught up my house."
tifu-test-03971,"i tried to get a fire, got caught my brother's house."
tifu-test-03972,"tried to take a toilet, ended up my bathroom."
tifu-test-03973,"went to get a train, got caught up my car."
tifu-test-03974,"tried to get a beach, got caught my foot and ended up the water."
tifu-test-03975,"tried to get a girl, got stuck up with my face."
tifu-test-03976,"went to get a girl, got caught my friend's car."
tifu-test-03977,"got drunk, got a guy in my friend was pissed."
tifu-test-03978,i tried to make a shower with my hair.
tifu-test-03979,"i tried to be a job of my boss, but i'm not have work."
tifu-test-03980,"i tried to get a girl,"
tifu-test-03981,"i tried to make my house, got a fire."
tifu-test-03982,"i tried to get a big job, got stuck up my head."
tifu-test-03983,i tried to get a big friend and got my nose.
tifu-test-03984,"i tried to get a girl, ended up my face of the dog."
tifu-test-03985,i was a girl in my wife's house and i'm married to be the room.
tifu-test-03986,"i tried to fix my phone, now i didn't be a new computer."
tifu-test-03987,"i tried to get a shower, ended up my dick."
tifu-test-03988,"i tried to get a shower, ended up the bathroom and got caught my toilet."
tifu-test-03989,"i tried to get my nose, got a shower and ended up the face."
tifu-test-03990,"i went to get a toilet, ended up the bathroom."
tifu-test-03991,"i was a lot of my head, got stuck up with the road."
tifu-test-03992,"i got a job of my boss, i was supposed to get an few weeks."
tifu-test-03993,i tried to get a new room and ended up my house.
tifu-test-03994,"i tried to get drunk, got a party with my mom's house."
tifu-test-03995,i tried to get a girl with my girlfriend.
tifu-test-03996,"i was a game of my friend,"
tifu-test-03997,"i tried to get a girl, got drunk with my girlfriend and ended up the first day."
tifu-test-03998,tried to buy a gift for my wedding.
tifu-test-03999,"i was a girl in my mom's house,"
tifu-test-04000,"i tried to get a guy, got drunk and ended up my boss."
tifu-test-04001,i was a joke of my friend's boss.
tifu-test-04002,"i tried to get a kid, got my house."
tifu-test-04003,"i was a guy, got caught my car and ended up the police."
tifu-test-04004,"i thought i was a guy,"
tifu-test-04005,i tried to get a few day of my nose.
tifu-test-04006,"i tried to get a party of my nose,"
tifu-test-04007,"i tried to get a room, got caught my house."
tifu-test-04008,"i was a shit of my toilet, got to get the bathroom."
tifu-test-04009,"i tried to get a girl, got drunk with the bar of my friend."
tifu-test-04010,"tried to get a shower, ended up my face."
tifu-test-04011,"i tried to get a girl, ended up my girlfriend and got caught out of the gym."
tifu-test-04012,"tried to get a beach, ended up the road with my foot."
tifu-test-04013,"i got drunk in my friend's house, ended up a party."
tifu-test-04014,"i tried to get a girl, ended up the school."
tifu-test-04015,"i tried to get a truck, got stuck up my car."
tifu-test-04016,"tried to be a girl with my friend,"
tifu-test-04017,"i went to get a party, got drunk and ended up my head."
tifu-test-04018,"i tried to get a girl, got caught my girlfriend and ended up with the bathroom."
tifu-test-04019,"tried to get a shower, got caught my foot and ended up the bathroom."
tifu-test-04020,"i went to get a girl, got drunk with my girlfriend."
tifu-test-04021,"i ate my nose,"
tifu-test-04022,"i tried to get a new friend, i was stuck up my mom's dad."
tifu-test-04023,"i went to get a girl, got married with my girlfriend and ended up out of the hospital."
tifu-test-04024,i tried to get a bag of the car.
tifu-test-04025,"i tried to get a new door, got my house."
tifu-test-04026,i was a lot of my own house.
tifu-test-04027,"i went to get a girl, got caught my friend and ended up the school."
tifu-test-04028,"tried to get a shower, got caught up my phone."
tifu-test-04029,i tried to use a new car of my garage.
tifu-test-04030,"tried to get a shower, got stuck up my foot and ended out of the floor."
tifu-test-04031,"i tried to be a new phone of my computer,"
tifu-test-04032,"i tried to get a school, ended up the class of my teacher."
tifu-test-04033,"i tried to get a car, got caught the road."
tifu-test-04034,"i tried to get a girl, ended up out of my boss."
tifu-test-04035,"i tried to get a girl, ended up my friend and got caught her girlfriend."
tifu-test-04036,"i tried to get a girl, ended up my face of the school."
tifu-test-04037,"i tried to get a new job, got stuck up my boss."
tifu-test-04038,"i tried to get a girl, ended up my friend and i was going out of the first time."
tifu-test-04039,"i tried to get a shit and got my ass, i was stuck up the first day."
tifu-test-04040,"i was a photo of my friend, i'm supposed to get the group."
tifu-test-04041,"i tried to get a car, got caught up my girlfriend and i was stuck out of the door."
tifu-test-04042,"i tried to get a bus, got stuck up my car."
tifu-test-04043,"i tried to get a shit, ended up my nose."
tifu-test-04044,"i tried to get a shower, got drunk with my house."
tifu-test-04045,"i tried to get a girl, ended up my girlfriend and now i am going out of the first time."
tifu-test-04046,"i told a joke of my friend,"
tifu-test-04047,"i tried to get a girl, got caught out of my face and ended up the shower."
tifu-test-04048,"i tried to get a girl, got caught my mom's house."
tifu-test-04049,"i got drunk with a guy, ended up my girlfriend and i was going to get the house."
tifu-test-04050,"i tried to get a job, got my boss and i'm stuck up the wrong."
tifu-test-04051,"i was a pissed my toilet, got to get the bathroom."
tifu-test-04052,i tried to get a girl with my girlfriend.
tifu-test-04053,"i tried to get a girl, got drunk in the house."
tifu-test-04054,"tried to get a girl, got caught up my friend."
tifu-test-04055,tried to get a shower with my house.
tifu-test-04056,"i tried to get a new car, got caught up my house."
tifu-test-04057,"i tried to get a dog and got caught my house,"
tifu-test-04058,"went to get a girl, got caught up with my girlfriend."
tifu-test-04059,"i tried to get a new job, got stuck up my phone."
tifu-test-04060,"tried to get a girl, got caught out of my girlfriend."
tifu-test-04061,"i went to get a road, got caught my foot and ended up the park."
tifu-test-04062,"i tried to get a girl, got caught out of my girlfriend."
tifu-test-04063,"i tried to get a girl, got my friend and i was fucked up the first time."
tifu-test-04064,"tried to get a knife, got my finger with the foot."
tifu-test-04065,"i tried to get a shower, ended up my face and got caught the first day."
tifu-test-04066,"i tried to get a bottle of my nose,"
tifu-test-04067,"i tried to use my nose,"
tifu-test-04068,"i tried to get a girl, ended up my friend and now i'm not know it was going out."
tifu-test-04069,"i tried to get a new job, got stuck up my boss."
tifu-test-04070,"i tried to get a girl, got my mom's house."
tifu-test-04071,i tried to get a water and got my house.
tifu-test-04072,"i tried to get a shower, ended up my bathroom."
tifu-test-04073,"i went to get a bunch of my house, got stuck up the door and ended out."
tifu-test-04074,"tried to get a girl, ended up with my girlfriend."
tifu-test-04075,"i tried to get a piss in the bathroom, ended up my toilet."
tifu-test-04076,"went to get a girl, got caught up with the door and ended out of front."
tifu-test-04077,"i tried to get a girl with my girlfriend, got caught her boyfriend."
tifu-test-04078,i tried to get a new phone and now i was stuck up it.
tifu-test-04079,i was going to get a new birthday.
tifu-test-04080,"went to get a girl, got caught up my car in the airport."
tifu-test-04081,"tried to get a girl, got caught up with my girlfriend."
tifu-test-04082,"i tried to get a girl, ended up the bathroom and got caught my toilet."
tifu-test-04083,"i tried to get a car, got caught up my house."
tifu-test-04084,"i tried to get a big job, got fired up my house."
tifu-test-04085,"tried to make a toilet, ended up my house."
tifu-test-04086,i tried to get a band of my ear.
tifu-test-04087,"i tried to drink with a bottle,"
tifu-test-04088,"i tried to make my house, got a lot of the fire."
tifu-test-04089,"tried to get a movie of my phone, ended up the video."
tifu-test-04090,i was going to get a few weeks of the store.
tifu-test-04091,"tried to get a dog, got caught up my car."
tifu-test-04092,"i tried to get a new house, got stuck up the door."
tifu-test-04093,"i tried to get a picture of my girlfriend, but i was going out with the first time."
tifu-test-04094,"i tried to get a beach, got caught my foot and ended up the shower."
tifu-test-04095,"i tried to get a girl, ended up the school and got caught my phone."
tifu-test-04096,i was a girl with my girlfriend.
tifu-test-04097,"i tried to get a new car, got stuck up the door."
tifu-test-04098,"i tried to get a picture of my room, got stuck up the first time."
tifu-test-04099,"i tried to get a new computer of my phone, i didn't be the internet."
tifu-test-04100,"i tried to get a big room, ended up my face of the floor."
tifu-test-04101,"i tried to get a shower and got my dick,"
tifu-test-04102,"tried to take a bathroom, ended up the door in my house."
tifu-test-04103,"i tried to make a chicken of my stomach, ended up the microwave and i didn't eat it."
tifu-test-04104,"tried to get a room, got caught my house."
tifu-test-04105,"i was a cat in my dog, got caught it's house."
tifu-test-04106,"i tried to get a guy, ended up my foot."
tifu-test-04107,"i tried to get a girl, but i was going out of my friend."
tifu-test-04108,"i tried to get a dog, got caught my house."
tifu-test-04109,"i thought i was a school,"
tifu-test-04110,"i tried to get a guy, got caught my friend."
tifu-test-04111,"i tried to get a bottle, got stuck up my head and ended out of the floor."
tifu-test-04112,"i went to get a dog, got my mom's house."
tifu-test-04113,"i tried to get a girl, got caught my mom's house."
tifu-test-04114,"i tried to get a girl, ended up my mom's house."
tifu-test-04115,"i tried to get a girl, ended up my face of the first day."
tifu-test-04116,"i tried to get a girl, got caught my mom's mother."
tifu-test-04117,"i went to get a girl, got my girlfriend and i didn't go out of her mom."
tifu-test-04118,"i tried to get a picture of my friend,"
tifu-test-04119,"tried to get a girl, got caught my face."
tifu-test-04120,"i tried to get a new tooth and got my nose of the bathroom, now i didn't know it was going out."
tifu-test-04121,i was a girl with my girlfriend and i didn't know it.
tifu-test-04122,"i was a wrong of my teacher, i didn't be the school."
tifu-test-04123,"i tried to get a girl with my friend, i was not have be an guy."
tifu-test-04124,"i tried to get a car, got stuck up my phone."
tifu-test-04125,"i tried to get a girl, but she got caught my girlfriend."
tifu-test-04126,"i went to get a girl, got my girlfriend and i was going out of the bathroom."
tifu-test-04127,i tried to get a girl with my penis.
tifu-test-04128,"i tried to get a lot of my face, got caught the first day."
tifu-test-04129,"i tried to get a nose and got my hair,"
tifu-test-04130,"i tried to get a girl, got caught my girlfriend and she was married with her friend."
tifu-test-04131,"i was a joke of my friend, i'm going to get an girl."
tifu-test-04132,"i tried to get a shower, ended up my face of the bathroom."
tifu-test-04133,i was a new mom's mother and my dad didn't know it.
tifu-test-04134,"i tried to get a bar of my friend, got drunk and i was stuck up out."
tifu-test-04135,"i tried to get a new job, but i didn't know it was going out of my boss."
tifu-test-04136,"i tried to get a ride up my car, ended out of the road."
tifu-test-04137,"i tried to get a game of the first night, got stuck up out."
tifu-test-04138,"i tried to get a shower, ended up the bathroom and got my house."
tifu-test-04139,"i tried to get a shower, ended up my toilet."
tifu-test-04140,"tried to get a room, got caught up in the door and ended out of my house."
tifu-test-04141,"i was a girl, i didn't know it."
tifu-test-04142,i tried to get a shower and got my face of the bathroom.
tifu-test-04143,"i tried to get a girl, but i didn't eat it was sick."
tifu-test-04144,i was a joke of my boss.
tifu-test-04145,"i tried to get a party, got drunk in my house and ended up out of the door."
tifu-test-04146,"tried to get a shower, got caught my house and ended up the bathroom."
tifu-test-04147,"i tried to get a girl, ended up the bathroom."
tifu-test-04148,"i went to get a girl, got drunk in the party of my friend."
tifu-test-04149,i told my friend's family was married.
tifu-test-04150,i was a doctor.
tifu-test-04151,"i thought i was a girl,"
tifu-test-04152,my friend was a joke.
tifu-test-04153,"i tried to get a pizza, got stuck up and ended up it was going to make the same day."
tifu-test-04154,"i tried to get a shower and got my face,"
tifu-test-04155,"i was a wrong in my phone, got caught out of the police."
tifu-test-04156,"i tried to get a water, got drunk with my house."
tifu-test-04157,"i went to get a kid, got caught my brother's house."
tifu-test-04158,"tried to get a guy, got caught the door."
tifu-test-04159,"i tried to get a guy, i'm my boss."
tifu-test-04160,"i was a girl for my girlfriend, she didn't pay her money."
tifu-test-04161,"i tried to get a guy, got caught out of my friend."
tifu-test-04162,i tried to make my nose and i didn't be a lot of the first time.
tifu-test-04163,"tried to get a girl, got caught my friend's house."
tifu-test-04164,"i tried to get a girl with my girlfriend, but she didn't know i'm going out."
tifu-test-04165,"i went to get a girl, got caught my girlfriend and i was going out of the same day."
tifu-test-04166,"i was a girl, i didn't get the school."
tifu-test-04167,"i tried to get a new hair, got my nose."
tifu-test-04168,"i tried to get a little friend, got caught my brother's car."
tifu-test-04169,"i tried to get a doctor, got caught my nose and ended up the hospital."
tifu-test-04170,"i tried to get a girl, got caught my friend and i was the first day."
tifu-test-04171,"i tried to get a picture of my friend's family,"
tifu-test-04172,"i tried to get a girl, got caught my girlfriend and she was going out of the woman."
tifu-test-04173,"i was a girl, i'm going to get drunk with my friend."
tifu-test-04174,i tried to get a new game of my first time.
tifu-test-04175,"i tried to get a fire, got caught my face of the first time."
tifu-test-04176,"i tried to get my nose and ended up a shower,"
tifu-test-04177,i went to get my dad's house and got a few day.
tifu-test-04178,"i tried to make a microwave of my house, i was burnt up the fire."
tifu-test-04179,"i tried to get a school, got stuck up the class of my hand."
tifu-test-04180,"i tried to get a little friend's house, he didn't tell him."
tifu-test-04181,"i tried to get a new car, got stuck up my garage."
tifu-test-04182,"tried to get a beach, ended up my house."
tifu-test-04183,"tried to get a game, got stuck up the field of my hand."
tifu-test-04184,"i got a guy of my friend, i was supposed to get the new job."
tifu-test-04185,"i tried to get a tree of my house, and got caught it was stuck up the park."
tifu-test-04186,"i tried to get a girl, got my mom's mother was an kid."
tifu-test-04187,"i tried to get a kid, got caught my eye."
tifu-test-04188,"i went to get a school, got caught my friend and ended up the first day."
tifu-test-04189,"i tried to get a bottle, got drunk in the shower."
tifu-test-04190,"i tried to get a piss, got caught the bathroom and ended up my toilet."
tifu-test-04191,"tried to get a shower, got stuck up my foot."
tifu-test-04192,"i tried to get a few weeks of my nose, ended up the hospital."
tifu-test-04193,"i tried to get a girl,"
tifu-test-04194,"went to get a girl, ended up my friend was drunk."
tifu-test-04195,"i tried to get a guy, got drunk my car and ended up in the park."
tifu-test-04196,"i tried to get a school, got caught my head and ended up the bathroom."
tifu-test-04197,"i tried to get a bar of my house, got drunk and ended up the first day."
tifu-test-04198,"tried to get a girl, got married with my girlfriend."
tifu-test-04199,i tried to wash my nose and got a shower.
tifu-test-04200,"i tried to get a new car, got stuck up my wallet."
tifu-test-04201,"tried to get a guy, got stuck up the field of my friend."
tifu-test-04202,"i tried to get a girl, got caught the school."
tifu-test-04203,"i tried to get a kid, got stuck up my friend and i was going out of the first time."
tifu-test-04204,"i tried to get a few day, got stuck up my head."
tifu-test-04205,"i tried to make my house and got a fire,"
tifu-test-04206,"i tried to get a girl in the door, got caught my bathroom."
tifu-test-04207,"i was a guy in my boss, got caught to get the door."
tifu-test-04208,i tried to get a girl with my girlfriend.
tifu-test-04209,"i tried to get a knife, ended up my finger and got stuck out of the glass."
tifu-test-04210,"i tried to get a girl, now i'm mad with my friend."
tifu-test-04211,i went to get a big house and got stuck up the door.
tifu-test-04212,"i tried to get a guy, got caught my dad's family and i didn't know it."
tifu-test-04213,"i tried to be a new computer, but i didn't get my laptop."
tifu-test-04214,i tried to get a test of my nose.
tifu-test-04215,tried to get a girl with my girlfriend.
tifu-test-04216,"i tried to get a test of my exam, ended up the school."
tifu-test-04217,i didn't read my friend and i was a professor.
tifu-test-04218,"i tried to get a chicken,"
tifu-test-04219,"i tried to get a bottle, got drunk with the hospital."
tifu-test-04220,"i tried to get a guy, got my penis and i didn't know it."
tifu-test-04221,"i got a job of my boss, and i didn't know it was going to get an new job."
tifu-test-04222,"i tried to get a big finger of my thumb, got stuck up the first time."
tifu-test-04223,"i was going to get a girl, i didn't go out my girlfriend."
tifu-test-04224,i was a guy in my boss.
tifu-test-04225,"i tried to get a fire, got burnt up my house."
tifu-test-04226,"i tried to get a girl with my girlfriend, got caught out of the date."
tifu-test-04227,"i tried to make a water, ended up the toilet and got my house."
tifu-test-04228,"i tried to get a new car, got caught up my phone."
tifu-test-04229,"i tried to get a bar of the bathroom, ended up my room."
tifu-test-04230,"i tried to get a girl, ended up out of my friend and now i'm not have be an job."
tifu-test-04231,"i tried to get a girl, got caught up with my girlfriend and ended out of the party."
tifu-test-04232,"i tried to get a new phone of my car,"
tifu-test-04233,"i tried to get a picture of my friend's girl, i was going out."
tifu-test-04234,"tried to get a girl, got caught up with my girlfriend."
tifu-test-04235,"i tried to get a new hair,"
tifu-test-04236,"i tried to get a girl, got caught my girlfriend and ended up with the house."
tifu-test-04237,"i tried to get a few day, ended up my head and got stuck out of the first time."
tifu-test-04238,"i tried to watch my parents's house, i was a new room."
tifu-test-04239,"i tried to get a door, got caught my house and ended up the police."
tifu-test-04240,"i was a joke of the school, got caught my friend."
tifu-test-04241,"i tried to get my house, got a shower and ended up the bathroom."
tifu-test-04242,"i tried to get a car, got stuck up my house."
tifu-test-04243,"i tried to get a doctor, got my friend and i didn't have the hospital."
tifu-test-04244,"i tried to get a new car, got stuck up the door."
tifu-test-04245,"i tried to get a girl, got caught the police in my car."
tifu-test-04246,"i tried to make my house, i didn't get a few day."
tifu-test-04247,i tried to get a glass and ended up my eye.
tifu-test-04248,"i didn't read my teacher, but i'm going to get a school."
tifu-test-04249,"i got a guy and my boss,"
tifu-test-04250,"i tried to get a shower and ended up my hair, got"
tifu-test-04251,i was a lot of my house and got to get the first day.
tifu-test-04252,i was a job of my dad's boss.
tifu-test-04253,"tried to get a wedding, ended up my family was married."
tifu-test-04254,"i was a lot of my house, got to get the first day."
tifu-test-04255,"i tried to get a girl with my girlfriend, got caught up out of her friend."
tifu-test-04256,"tried to wash my toilet,"
tifu-test-04257,"i tried to get a new laptop, got stuck up my phone."
tifu-test-04258,"i tried to get a girl, she was going out of my friend."
tifu-test-04259,"i was a girl, got caught my friend and i didn't get the school."
tifu-test-04260,"i tried to get a game, got my friend and ended up the first day."
tifu-test-04261,i was a wrong in the door and got caught my house.
tifu-test-04262,"i tried to get a girl, got caught my car and ended up the first day."
tifu-test-04263,"tried to eat a shower, ended up my toilet."
tifu-test-04264,"i tried to get a big foot, got stuck up my head and ended out of the road."
tifu-test-04265,"i tried to get a new video of my dad's family, i was not have the same time."
tifu-test-04266,"i tried to get a girl with my friend, she was going out of her girlfriend."
tifu-test-04267,"i tried to get a big friend and got drunk,"
tifu-test-04268,"i tried to get a guy, got stuck up my friend."
tifu-test-04269,"i was a joke of the girl, ended up my brother's family."
tifu-test-04270,"i tried to get a guy, ended up my friend and got caught him."
tifu-test-04271,"tried to get a shower, got caught my foot."
tifu-test-04272,"i was a fire in my house, got to get the floor."
tifu-test-04273,"i was a dog and got my cat,"
tifu-test-04274,"i tried to get my dad's house,"
tifu-test-04275,"i tried to get a dog of my cat, ended up the doctor."
tifu-test-04276,"tried to get a dog, got caught my arm of the road."
tifu-test-04277,"i went to get a guy, got caught my car."
tifu-test-04278,"i tried to get a girl, got stuck up my car."
tifu-test-04279,"went to get a girl, got drunk with my girlfriend."
tifu-test-04280,"i tried to make my house,"
tifu-test-04281,"i tried to get a bar of my boss, ended up the restaurant."
tifu-test-04282,"i tried to get a new phone, got caught my car."
tifu-test-04283,"i went to get a girl, got caught my girlfriend and ended up the first day."
tifu-test-04284,"tried to get a girl, got caught my girlfriend and she was going to make her life."
tifu-test-04285,"i tried to get a girl, got caught out of my friend."
tifu-test-04286,"i told my brother's father, he was a guy and i'm dad."
tifu-test-04287,"i tried to get a shower, ended up the bathroom."
tifu-test-04288,"tried to get a knife, got caught up with my arm."
tifu-test-04289,"i was a girl, i didn't know my mom's mother."
tifu-test-04290,"i tried to get a new car, got stuck up my phone."
tifu-test-04291,i tried to get a girl with my mom's face of her sister.
tifu-test-04292,"i tried to get a new car, got stuck up my phone."
tifu-test-04293,"i tried to get a girl, got caught my girlfriend."
tifu-test-04294,"i tried to get a guy, ended up for the same day."
tifu-test-04295,i was a girl.
tifu-test-04296,"i tried to get a cat dog, got caught my house."
tifu-test-04297,"i was a girl, i'm going to get my girlfriend."
tifu-test-04298,"i tried to get a few day, ended up my nose."
tifu-test-04299,"i tried to get a bus, got caught my car."
tifu-test-04300,"i tried to get a girl, got caught up with my girlfriend and she was married."
tifu-test-04301,"i tried to get a girl, ended up my face of the door."
tifu-test-04302,"i tried to get a cat dog, ended up my house."
tifu-test-04303,"i tried to get a chicken of my dick, and got caught up the first day."
tifu-test-04304,"i went to get a school, got caught my friend and i didn't go out."
tifu-test-04305,"i went to get a girl, got drunk in the middle of my friend."
tifu-test-04306,"i tried to get a girl with my girlfriend, she was going out."
tifu-test-04307,"i tried to get a dog of my cat,"
tifu-test-04308,"i tried to make a bottle of my coffee, got stuck up the store."
tifu-test-04309,"i tried to get a doctor, i didn't be sick."
tifu-test-04310,i was a guy of my friend.
tifu-test-04311,"i tried to make a new car, got stuck up with the road."
tifu-test-04312,"i tried to get a pizza and got my boss,"
tifu-test-04313,"tried to get a road, got caught my car."
tifu-test-04314,"tried to get a kid, got caught my brother's face."
tifu-test-04315,i tried to get a shower and got my ass.
tifu-test-04316,"i tried to make my house, ended up the toilet."
tifu-test-04317,i got a joke with my friend's brother and he was married out of his dad.
tifu-test-04318,"i tried to get a shower and ended up my face,"
tifu-test-04319,"i tried to get a guy, got caught the car and i was going out of my friend."
tifu-test-04320,"i tried to get a guy, got caught out of the police."
tifu-test-04321,"tried to get a girl, she was married with my friend's family and i didn't tell me."
tifu-test-04322,"i tried to get a dog, i was an cat and my mom's house."
tifu-test-04323,"i tried to get a girl, ended up my face."
tifu-test-04324,"i tried to make a fire, got burnt my house."
tifu-test-04325,"i was a shit in my house, i'm gonna't get the bathroom."
tifu-test-04326,"i tried to get a car, got stuck up my truck."
tifu-test-04327,"tried to get a girl, ended up the door and got stuck out."
tifu-test-04328,"i tried to get a girl, ended up my girlfriend."
tifu-test-04329,"i tried to get a road, got my car."
tifu-test-04330,"i tried to get a new friend's dad, i'm stuck up my mom."
tifu-test-04331,"tried to get a girl, ended up the door and got caught my job."
tifu-test-04332,"i tried to make a pizza, got burnt my house."
tifu-test-04333,"i tried to get a girl, ended up my girlfriend."
tifu-test-04334,"i went to get a girl, got caught my mom's house."
tifu-test-04335,"tried to get a car, got stuck up with the road."
tifu-test-04336,"got drunk, got caught a girl."
tifu-test-04337,i was a girl and i didn't get my girlfriend.
tifu-test-04338,i was a joke of my friend and i didn't know it.
tifu-test-04339,"i tried to get a girl, ended up with my girlfriend."
tifu-test-04340,i tried to get a guy and got stuck up the car.
tifu-test-04341,"i tried to get a new car, got caught my house."
tifu-test-04342,"i tried to get a girl, i didn't read my friend."
tifu-test-04343,"i tried to get a girl, ended up with my friend and i'm not have be the same time."
tifu-test-04344,"i tried to get a girl, got caught the school of my friend."
tifu-test-04345,"i tried to get a girl, got my car and ended up the house."
tifu-test-04346,"tried to get a girl, got caught my friend's party."
tifu-test-04347,"i tried to get a big car, ended up the road of my foot."
tifu-test-04348,"i tried to get a lot of my nose, got stuck up the first day."
tifu-test-04349,"i went to get a girl, but she didn't know it was going out."
tifu-test-04350,"i was a dog,"
tifu-test-04351,"i tried to get a girl, got caught my house."
tifu-test-04352,"i tried to get my house, got a door and ended up the floor."
tifu-test-04353,"i tried to get a guy, got caught my car."
tifu-test-04354,"i was going to get a pizza, but i didn't go out of my house."
tifu-test-04355,i was a lot of my head and got to get the first day.
tifu-test-04356,"i was a girl, i didn't get my girlfriend."
tifu-test-04357,"i tried to get a dog, ended up my house."
tifu-test-04358,"i went to get a girl, got caught my car."
tifu-test-04359,"i was going to get a girl, got drunk in my girlfriend."
tifu-test-04360,"i got drunk with a girl, ended up my girlfriend."
tifu-test-04361,"i tried to get a girl, but i was married up my girlfriend and she didn't know it."
tifu-test-04362,"went to get a girl, got caught up with my house."
tifu-test-04363,"i was a girl, i didn't know my mom's family and she had to tell me."
tifu-test-04364,"i went to get a girl, ended up with the school."
tifu-test-04365,"tried to get a girl, got stuck up with my finger."
tifu-test-04366,"i tried to get a girl, got drunk in the car."
tifu-test-04367,"i tried to make a fire, got burnt my house."
tifu-test-04368,"i tried to get a new job, got stuck up my car."
tifu-test-04369,i tried to use my nose and got a shower.
tifu-test-04370,"i tried to get a girl with my friend, got caught out of the first day."
tifu-test-04371,"tried to get a guy, ended up out of my face."
tifu-test-04372,"i tried to get a guy, got drunk and ended up the police."
tifu-test-04373,i was a little friend's dad and i didn't see my mom.
tifu-test-04374,i was a lot of my house.
tifu-test-04375,i was a girl and my mom's room.
tifu-test-04376,"tried to get a guy, got stuck up my car."
tifu-test-04377,"tried to get a shower, ended up my foot."
tifu-test-04378,"tried to get a girl, got caught my friend and ended up out of the first day."
tifu-test-04379,"i was a door in the garage, ended up my house."
tifu-test-04380,"i tried to get a train, ended up the bus."
tifu-test-04381,i was a picture of my friend's girl.
tifu-test-04382,"i was going to get a new car, got stuck up in the parking."
tifu-test-04383,"i tried to get a new car, got drunk in the bar of my house."
tifu-test-04384,"i tried to get a game, got stuck up my foot."
tifu-test-04385,"i tried to get a car, got stuck up my head."
tifu-test-04386,"i tried to get a girl, ended up my girlfriend and i was stuck out of the first time."
tifu-test-04387,"i tried to get a girl, ended up my girlfriend and got caught out of the first day."
tifu-test-04388,"i tried to make a girl, i didn't read my mom's mother."
tifu-test-04389,"i tried to get a car, got caught my house and ended up the road."
tifu-test-04390,i tried to get a girl with my girlfriend.
tifu-test-04391,"i tried to get a girl, ended up my girlfriend and now i was going out of the first time."
tifu-test-04392,"tried to get a pit, got stuck up my foot."
tifu-test-04393,"i went to get a girl, got drunk with my girlfriend and ended up out."
tifu-test-04394,i went to get a few weeks of my head and ended up the road.
tifu-test-04395,"tried to get a girl, got drunk with my house."
tifu-test-04396,"i tried to get a girl, got drunk with my friend and ended up out of the school."
tifu-test-04397,"i tried to send a picture of my mom's phone,"
tifu-test-04398,"i tried to get a girl with my girlfriend, she was not be her friend."
tifu-test-04399,"i tried to get a girl with my girlfriend, got caught up out of her friend."
tifu-test-04400,"i tried to get a big car, got stuck up my house."
tifu-test-04401,i tried to get a new store of the shop.
tifu-test-04402,"i tried to get a girl with my girlfriend, i was going out of the woman."
tifu-test-04403,"i was a girl, got caught my friend's house."
tifu-test-04404,"i went to get a door and got my car,"
tifu-test-04405,"i tried to get a picture of my house, got stuck up the school."
tifu-test-04406,"i tried to get a new friend's house, got drunk with my boss."
tifu-test-04407,"tried to get a guy, got caught up with the bathroom."
tifu-test-04408,"i tried to get a pizza, but i didn't eat up my mom."
tifu-test-04409,"i tried to get a new computer, but i'm stuck up my phone."
tifu-test-04410,i tried to get a new hair and got my face of the first day.
tifu-test-04411,"i tried to get a guy, ended up my boss."
tifu-test-04412,"i was a girl, i'm my mom's mother."
tifu-test-04413,"i tried to get a few day, got stuck up my head."
tifu-test-04414,"i tried to get a girl with my friend, but she didn't know it was going out."
tifu-test-04415,"i was a lot of my car, got caught up the train."
tifu-test-04416,"i tried to get a girl with my friend, i was going out of the first time."
tifu-test-04417,"tried to get a shower, got stuck up my bathroom."
tifu-test-04418,"i tried to get a fire, got stuck up my face."
tifu-test-04419,"i tried to get a new job, got caught my boss."
tifu-test-04420,i was going to get a girl.
tifu-test-04421,"i tried to get a guy, got drunk with my car and ended up the police."
tifu-test-04422,"i tried to buy my wallet, got a store."
tifu-test-04423,i tried to get a girl with my friend and she was married her girlfriend.
tifu-test-04424,"i tried to get a shower and got my foot,"
tifu-test-04425,"i tried to make a fire, i was burnt up my house."
tifu-test-04426,i was a girl and i didn't go to make my mom's family.
tifu-test-04427,i didn't know i'm my job.
tifu-test-04428,"i tried to get a shower, ended up my toilet."
tifu-test-04429,"i tried to get a water, got stuck up my phone and ended out of the floor."
tifu-test-04430,tried to send my boss.
tifu-test-04431,"i tried to get a guy in the door, got caught my boss."
tifu-test-04432,"i tried to get a new car, got stuck up my garage."
tifu-test-04433,"i tried to get a bottle, got drunk and i'm sick."
tifu-test-04434,i tried to get a guy and got stuck up with the road.
tifu-test-04435,"i went to get a train, got caught the road in my car."
tifu-test-04436,i tried to read a picture of my friend.
tifu-test-04437,"i tried to get a picture of the school, got stuck up my friend."
tifu-test-04438,"i went to get a porn, got drunk with my girlfriend."
tifu-test-04439,"i tried to get a door, got stuck up my house."
tifu-test-04440,"i tried to get a bottle, got my house."
tifu-test-04441,i told my friend i was a guy and he didn't know it.
tifu-test-04442,i tried to get a girl and got an guy in my friend.
tifu-test-04443,"i tried to get a girl, ended up my boss."
tifu-test-04444,"i tried to get a party, got caught out of my friend."
tifu-test-04445,"i tried to get a cat dog, got caught up the house."
tifu-test-04446,"i was going to get a party, got drunk and ended up the girl."
tifu-test-04447,"i tried to get a new friend's house, and got caught it was going out of my brother."
tifu-test-04448,"i tried to get a girl, got drunk with my girlfriend and ended up out of the party."
tifu-test-04449,"tried to get a date with my face, got stuck up."
tifu-test-04450,"tried to get a girl, got drunk with my girlfriend and ended up out of the first day."
tifu-test-04451,"tried to get a shower, ended up my face."
tifu-test-04452,"i tried to get a few day, ended up the hospital."
tifu-test-04453,"i got drunk with a bar of my friend, ended up the party."
tifu-test-04454,"i tried to get a train, got caught up in the bus."
tifu-test-04455,"i tried to get a kid, got caught my face of the shower."
tifu-test-04456,"i tried to clean my bathroom, ended up a shower in the toilet."
tifu-test-04457,"i tried to be a little night, got caught my house."
tifu-test-04458,"i went to get a girl, got caught out of the party."
tifu-test-04459,i was a wrong of my friend and i didn't know it.
tifu-test-04460,"i tried to get a girl, ended up my house."
tifu-test-04461,"i tried to get a lot of my finger, and got stuck up the first time."
tifu-test-04462,"i went to get a few day, got caught up with my car."
tifu-test-04463,i was a lot of my boss.
tifu-test-04464,"i was a girl, i didn't be the school."
tifu-test-04465,"i tried to get a guy, got caught the police of my friend."
tifu-test-04466,"i tried to get a party, got drunk and ended up my dad's house."
tifu-test-04467,"i tried to get a new girl, i was stuck up it."
tifu-test-04468,i tried to make a chicken of my mother's house.
tifu-test-04469,"i tried to use a big water, ended up my nose."
tifu-test-04470,"tried to get a dog, ended up my house."
tifu-test-04471,"i tried to get a guy, got drunk in my friend."
tifu-test-04472,"i tried to get a kid, got my house in the school."
tifu-test-04473,i was a new job of my boss.
tifu-test-04474,"i tried to get a guy, got my friend's boss."
tifu-test-04475,i tried to get a dentist and now i didn't have my nose.
tifu-test-04476,i tried to get a new phone of my ear.
tifu-test-04477,"i tried to get a toilet, ended up my bathroom."
tifu-test-04478,"i tried to get a guy, got an big friend's house."
tifu-test-04479,"i tried to get a girl, got drunk with my friend."
tifu-test-04480,"i tried to get a new car, got stuck up the door."
tifu-test-04481,"i was a game of my friend, got caught the school."
tifu-test-04482,"tried to make a bottle,"
tifu-test-04483,"i was a game of my friend, i didn't be the party."
tifu-test-04484,"i didn't be a job of my exam, ended up the school."
tifu-test-04485,"i was a job of my boss, and i didn't be the new job."
tifu-test-04486,i was a doctor in my friend and i had the hospital.
tifu-test-04487,"i tried to get a new store of my car, got stuck up the first time."
tifu-test-04488,i tried to get a shit.
tifu-test-04489,"i tried to play a game, got stuck up my foot."
tifu-test-04490,"tried to take a shower, ended up my house."
tifu-test-04491,"i tried to get a job, got my phone and now i'm stuck up."
tifu-test-04492,i was a lot of my fridge and i didn't eat it.
tifu-test-04493,"tried to get a shower, got caught my foot."
tifu-test-04494,"i tried to get a guy,"
tifu-test-04495,"tried to get a dog, got caught up my foot of the road."
tifu-test-04496,"i tried to get a new phone of my computer,"
tifu-test-04497,"i told my phone to get a girl, i was called the same number of her mother."
tifu-test-04498,"went to get a party, got drunk with my house."
tifu-test-04499,"i went to get a girl, got caught my girlfriend and i was going out of the first time."
tifu-test-04500,"tried to make a dog, got stuck up the tree."
tifu-test-04501,"i went to get a girl, got drunk and ended up my car."
tifu-test-04502,"i tried to get a car, got stuck up my mom's car."
tifu-test-04503,"i tried to get a shower, got my mom's face."
tifu-test-04504,i tried to use a new car and i didn't do be pay it.
tifu-test-04505,"tried to get a shower, got stuck up the floor."
tifu-test-04506,"i tried to get a car, got drunk and ended up my house."
tifu-test-04507,"i was a job of my boss, and i'm stuck up to get work."
tifu-test-04508,i tried to get a new phone and got stuck up my car.
tifu-test-04509,"i went to get a girl, got caught up with my girlfriend."
tifu-test-04510,"went to get a girl, got caught my girlfriend and ended up the house."
tifu-test-04511,"tried to get a girl, got caught up with the door."
tifu-test-04512,"i tried to get a guy, got drunk and ended up my car."
tifu-test-04513,"tried to get a girl, got caught my penis."
tifu-test-04514,i tried to make a bottle of my house.
tifu-test-04515,"i tried to get a girl, i was been an new room."
tifu-test-04516,i was a picture of my friend's new girl.
tifu-test-04517,"i tried to get a shower, ended up my face of the bathroom."
tifu-test-04518,"tried to get a car, got caught up with the road."
tifu-test-04519,"i tried to get a girl with my girlfriend, she was going out of her friend."
tifu-test-04520,"i tried to get a girl, got drunk with my girlfriend."
tifu-test-04521,"i tried to get a guy, got caught my car."
tifu-test-04522,"went to get a girl, got drunk with my friend."
tifu-test-04523,"i'm a girl,"
tifu-test-04524,"i was a guy, i didn't know my friend."
tifu-test-04525,"i tried to get a new computer, but i was stuck up my phone."
tifu-test-04526,"tried to get a guy, got caught my friend and ended up the house."
tifu-test-04527,"i tried to play a game of my friend, ended up it was going out."
tifu-test-04528,"i tried to get a school, got caught the room and ended up my house."
tifu-test-04529,i was a new phone of my phone and now i'm supposed to call it.
tifu-test-04530,"i tried to get a girl, got caught my girlfriend and ended up the bathroom."
tifu-test-04531,"i tried to get a pizza, got my boss."
tifu-test-04532,"i was a guy, i didn't be the school."
tifu-test-04533,"i tried to get a shower, ended up my toilet."
tifu-test-04534,"tried to get a girl, ended up my friend's house."
tifu-test-04535,"i went to get a girl, got caught up the school."
tifu-test-04536,"i got a job of my boss, and i didn't have get the guy."
tifu-test-04537,"i tried to get a girl, ended up out of my girlfriend."
tifu-test-04538,i was a job of my boss and i didn't know it's work.
tifu-test-04539,"i tried to get a girl, got my girlfriend and ended up the bathroom."
tifu-test-04540,"i tried to get a kid, ended up the bathroom."
tifu-test-04541,"i tried to send my mom's phone,"
tifu-test-04542,"i tried to get a shower and got my room, ended up the bathroom."
tifu-test-04543,"i thought i was a wrong of my boss, and now it didn't know the first time."
tifu-test-04544,"i tried to get a girl, got drunk in my car and ended up the house."
tifu-test-04545,"i tried to get a new job of my boss, and got stuck up the first time."
tifu-test-04546,"i went to get a little day, got caught up with my mom's house."
tifu-test-04547,"i tried to get a dog, got caught my cat and i was going out of the house."
tifu-test-04548,"tried to buy a gift for my wedding, got bought her mom's new birthday."
tifu-test-04549,"i was going to get a girl, she didn't go out of my girlfriend."
tifu-test-04550,"i tried to get a glass, got stuck up the fire."
tifu-test-04551,"got drunk, got a bottle of my house."
tifu-test-04552,"tried to get a big friend, got caught up the hospital."
tifu-test-04553,"i tried to get a shower, ended up my bed with the bathroom."
tifu-test-04554,"tried to get a girl, ended up my friend and got stuck out of the school."
tifu-test-04555,"i tried to get a knife,"
tifu-test-04556,"i tried to fix my laptop, now i'm a new computer."
tifu-test-04557,"i tried to get a guy, got caught out of the bathroom."
tifu-test-04558,"i left my house in the door, ended up a room."
tifu-test-04559,"i tried to get a knife, got stuck up my nose."
tifu-test-04560,"i told a girl, i was going to get an guy."
tifu-test-04561,"i tried to get a shit, got my stomach."
tifu-test-04562,i tried to get a doctor of my nose.
tifu-test-04563,"i tried to get a car, got caught my mom's house."
tifu-test-04564,"i tried to get a girl, got drunk with my girlfriend."
tifu-test-04565,i was a guy of my friend and i didn't know it.
tifu-test-04566,"i was a guy and got my boss, i didn't know it."
tifu-test-04567,i tried to make a new microwave and i was stuck up my house.
tifu-test-04568,"tried to get a door, got stuck up my house."
tifu-test-04569,"tried to get a bathroom, got caught the toilet."
tifu-test-04570,i tried to play a new phone of my boss's house.
tifu-test-04571,"tried to take a shower, ended up my bathroom."
tifu-test-04572,"tried to eat my finger,"
tifu-test-04573,"tried to get a girl, got stuck up with my boss."
tifu-test-04574,"i tried to get a new computer, but it was going out of the first time."
tifu-test-04575,"i was a guy in the door,"
tifu-test-04576,i tried to read a new internet of my cat.
tifu-test-04577,"tried to be a girl, ended up my girlfriend and got caught the bathroom."
tifu-test-04578,"i was a dick and my penis,"
tifu-test-04579,"i got drunk with a girl, ended up my girlfriend."
tifu-test-04580,i tried to get a dentist and got my nose.
tifu-test-04581,"i tried to buy a new laptop, got stuck up my phone."
tifu-test-04582,i was a lot of my friend.
tifu-test-04583,"i tried to get a guy, got drunk in the man."
tifu-test-04584,"tried to get a girl, got caught up with my car."
tifu-test-04585,"i was a gift of my mother's house, i had been supposed to get the same day."
tifu-test-04586,i tried to get a girl and got my friend i was supposed out.
tifu-test-04587,"i tried to get a shit, i didn't be the bathroom."
tifu-test-04588,"i didn't eat my stomach,"
tifu-test-04589,"tried to get a girl with my girlfriend, she was married up her mom's face."
tifu-test-04590,i tried to get a car and got my head of the road.
tifu-test-04591,"i tried to get a girl, got caught up my friend."
tifu-test-04592,"i tried to get a little girl, ended up my face of the hospital."
tifu-test-04593,"i tried to get a dog, got my friend and now i'm stuck up the face."
tifu-test-04594,i was going to get a few weeks of my nose and i'm not have be the hospital.
tifu-test-04595,i tried to get a lot of my house.
tifu-test-04596,i got a gift of my mom's family and i'm married to get her mother.
tifu-test-04597,"i thought i was going to get a new girl, and my friend's first time."
tifu-test-04598,"tried to get a guy, got caught my dick."
tifu-test-04599,"i was a kid, i didn't get my friend."
tifu-test-04600,"i tried to get a new car, got stuck up the road."
tifu-test-04601,"i tried to get a kid, got my dad's mom and i didn't know it."
tifu-test-04602,"i tried to get a guy, got caught the game of my friend."
tifu-test-04603,"i tried to clean my toilet, ended up the bathroom."
tifu-test-04604,"i tried to get a girl, got caught my face of the first day."
tifu-test-04605,"i was a wrong of the bus, got caught up my car."
tifu-test-04606,"i tried to get a girl, got my house."
tifu-test-04607,"i tried to get a guy, got drunk and ended up my boss."
tifu-test-04608,"i tried to get a dog, got caught my car and ended up the park."
tifu-test-04609,i was a wrong of my friend's school and i didn't be the class.
tifu-test-04610,"i tried to get a girl, ended up my girlfriend."
tifu-test-04611,"i got a girl, she was going to get my girlfriend."
tifu-test-04612,"i tried to get a new friend, got caught my girlfriend and i didn't know it was going out of the boss."
tifu-test-04613,"i tried to get a new job, but i'm stuck up my boss."
tifu-test-04614,"i tried to get a guy and got my ass,"
tifu-test-04615,"i went to get a school, got caught the police of my friend and then i was fired up out."
tifu-test-04616,"i tried to get a shower and got my house,"
tifu-test-04617,"i tried to make my house, i was burnt up a fire."
tifu-test-04618,"i tried to get a guy, got caught my car and ended up the road."
tifu-test-04619,"i tried to get a girl,"
tifu-test-04620,"i tried to get a girl with my girlfriend, she was not have be going out of her friend."
tifu-test-04621,"i tried to get a game, got caught my friend."
tifu-test-04622,"i tried to get a girl with my friend, ended up her girlfriend."
tifu-test-04623,"i tried to get a bottle of my house, got stuck up in the bathroom."
tifu-test-04624,"i tried to get a car, got caught out of the road."
tifu-test-04625,"i tried to get a bottle of the store, got stuck up my house."
tifu-test-04626,"tried to get a shower, ended up my nose."
tifu-test-04627,i tried to be a game of the exam.
tifu-test-04628,"i tried to get a girl, got caught my girlfriend."
tifu-test-04629,"i got a lot of my house, ended up in the floor."
tifu-test-04630,"tried to get a girl, ended up my house."
tifu-test-04631,"i tried to get a dog, got caught my cat and ended up the bathroom."
tifu-test-04632,i tried to get a new hair.
tifu-test-04633,"tried to take a shower, got my house."
tifu-test-04634,"i tried to get a school, got caught up in the train."
tifu-test-04635,"i tried to get a kid, got stuck up my friend and ended out of the game."
tifu-test-04636,i tried to get a new computer and i was stuck up my laptop.
tifu-test-04637,"i tried to get a kid, got caught my dad's brother and i was stuck up the door."
tifu-test-04638,"tried to get a girl, ended up my face of the first time."
tifu-test-04639,"i tried to get a girl, ended up my mom's house."
tifu-test-04640,"i tried to get a girl, got caught up my face of the bathroom."
tifu-test-04641,i was a guy in my friend's house.
tifu-test-04642,"i tried to get a new phone and got my car, but i didn't know it was called the same time."
tifu-test-04643,"i tried to get a new job, got stuck up my car."
tifu-test-04644,"tried to get a girl, ended up my car."
tifu-test-04645,"i was a wrong of my teacher, got caught the school."
tifu-test-04646,"i tried to get a girl, got caught up with the fire."
tifu-test-04647,"i tried to buy a new computer, now i didn't get my phone."
tifu-test-04648,"i tried to get a girl, but i'm going out of my girlfriend."
tifu-test-04649,"i tried to get a girl, got drunk my car."
tifu-test-04650,"tried to get a shower, got my nose and ended up the face."
tifu-test-04651,"i tried to get a chicken of my house, ended up the first day."
tifu-test-04652,"i was a lot of the first day, but i didn't have be my own house."
tifu-test-04653,"i tried to get a shower, ended up my face of the toilet."
tifu-test-04654,"i tried to get a girl, got stuck up my pants."
tifu-test-04655,"i tried to get a car,"
tifu-test-04656,"i tried to clean my toilet,"
tifu-test-04657,"i tried to get a school, got caught my friend and ended up out of the first time."
tifu-test-04658,"i tried to get a dick and got my penis,"
tifu-test-04659,"i was a lot of my fridge, i'm not eat it."
tifu-test-04660,"i tried to make a pizza, got my house."
tifu-test-04661,"tried to take a test, ended up my exam."
tifu-test-04662,"i tried to get a girl, got caught my friend of the first time."
tifu-test-04663,i was a guy and my boss.
tifu-test-04664,"i tried to get a new car, but i didn't go out of my house."
tifu-test-04665,"i tried to get a shower and got my bathroom, ended up the toilet."
tifu-test-04666,i tried to get a new job of my boss.
tifu-test-04667,"i tried to get a job, got caught my car and ended up the same time of work."
tifu-test-04668,"i tried to get a girl, got my friend and i was going out of the school."
tifu-test-04669,"i tried to get a shower, got my nose and ended up the bathroom."
tifu-test-04670,"i told my girlfriend, i was a girl and now she didn't tell me."
tifu-test-04671,"tried to get a new car, got stuck up my foot."
tifu-test-04672,"i tried to get a dick, ended up my penis."
tifu-test-04673,"i was a girl, i didn't go to get the doctor."
tifu-test-04674,i tried to get a girl and i'm my friend.
tifu-test-04675,"i was a cat of my dog, i had to get the house."
tifu-test-04676,"i was a picture of my mom's wedding, i'm married to see me."
tifu-test-04677,i tried to check a new computer and now i'm stuck up my laptop.
tifu-test-04678,"tried to get a guy, got caught my friend."
tifu-test-04679,"tried to get a girl, ended up my bathroom."
tifu-test-04680,"i tried to get a guy, ended up my boss and now i'm stuck out of the same day."
tifu-test-04681,i was a guy in my friend and i tried to get an kid.
tifu-test-04682,"i tried to get a girl, ended up with my face of the bathroom."
tifu-test-04683,"tried to get a guy, got caught out of my face."
tifu-test-04684,"i was a joke,"
tifu-test-04685,"i tried to get a new store of the shop, got caught it was stuck up."
tifu-test-04686,"i tried to get a girl, got caught up the school."
tifu-test-04687,"i tried to eat my nose and got a cup,"
tifu-test-04688,"i went to get a shower, ended up the bathroom and got caught my house."
tifu-test-04689,tried to get a picture of my friend's house.
tifu-test-04690,"i tried to get a new car, got caught up the road and ended out of my house."
tifu-test-04691,"i tried to get a girl, got drunk with my girlfriend."
tifu-test-04692,"i tried to get a kid, got my dad's house."
tifu-test-04693,"i tried to get a little job, got stuck up my head."
tifu-test-04694,"i tried to get a new car, got stuck up my house."
tifu-test-04695,"i tried to get a girl, ended up my boss and i was stuck out of the door."
tifu-test-04696,"tried to get a girl, got caught my girlfriend and ended up with the bathroom."
tifu-test-04697,"tried to get a shower,"
tifu-test-04698,"i tried to make a fire, got burnt up my house."
tifu-test-04699,"i tried to get a party, ended up out of my friend."
tifu-test-04700,"i tried to get my house, got a shower with the glass."
tifu-test-04701,"i tried to be a new computer, i didn't know it."
tifu-test-04702,"i was a girl in my teacher, i didn't get the school."
tifu-test-04703,"i was a joke of my friend,"
tifu-test-04704,"i tried to get a guy, ended up my car in the road."
tifu-test-04705,"i got a lot of my mom's house, now i'm not have be going to get the same day."
tifu-test-04706,"i tried to get a guy, got stuck up my arm."
tifu-test-04707,"i tried to get a shower, ended up my bathroom and got caught the toilet."
tifu-test-04708,"i went to get a new house, got caught up the bathroom and ended out of my room."
tifu-test-04709,"tried to get a girl, got caught my face of the first time."
tifu-test-04710,"tried to get a girl, got my girlfriend's house."
tifu-test-04711,"i tried to get a car, got caught my truck and ended up the road."
tifu-test-04712,"i tried to get a girl, got caught my car."
tifu-test-04713,"i was a guy in the car, got caught my house."
tifu-test-04714,i went to get a girl with my girlfriend.
tifu-test-04715,"tried to get a girl, got caught up with the house."
tifu-test-04716,"i tried to get a water, got stuck up my house."
tifu-test-04717,"i tried to get a car, got stuck up my house."
tifu-test-04718,"i got drunk with a party, ended up my friend was going to get the police."
tifu-test-04719,"tried to get a girl, got my friend's friends and now i was supposed it."
tifu-test-04720,"i tried to get a shower, ended up my toilet."
tifu-test-04721,"i tried to get a girl, got caught my friend and ended up the house."
tifu-test-04722,"i tried to get a guy, got caught my friend and now i was stuck up out."
tifu-test-04723,"i was a job of my boss, i didn't know it got to go out."
tifu-test-04724,"tried to take a toilet, ended up my bathroom."
tifu-test-04725,i tried to watch a movie porn.
tifu-test-04726,"tried to get a girl, ended up with my girlfriend."
tifu-test-04727,"i tried to get a shower and got my nose,"
tifu-test-04728,"i was a girl, i didn't know my girlfriend."
tifu-test-04729,"i tried to get a girl with my friend's girlfriend, but i didn't know it was going out."
tifu-test-04730,"i tried to get a guy, got stuck up my head of the first time."
tifu-test-04731,"i tried to get a new house, got stuck up my car and ended out of the door."
tifu-test-04732,"tried to get a glass, got stuck up with the shower."
tifu-test-04733,"tried to be a girl, ended up out of my boss."
tifu-test-04734,i tried to get a shit with my dick.
tifu-test-04735,"i tried to get a girl, got my girlfriend and i'm supposed out of the first friend."
tifu-test-04736,i tried to make my phone and i'm a new job.
tifu-test-04737,i tried to get a little friend and i was been the first time of my friends.
tifu-test-04738,"i tried to get a new job, got stuck up the school."
tifu-test-04739,"i went to get a kid, got caught my mom's house."
tifu-test-04740,i tried to get a cat and my dog's house.
tifu-test-04741,i didn't know i was a few weeks.
tifu-test-04742,"i was going to get a girl, ended up the middle day."
tifu-test-04743,"i went to get a girl, got caught up with my girlfriend."
tifu-test-04744,i tried to play a game of my friend.
tifu-test-04745,"i was going to get a girl, got caught out of my girlfriend."
tifu-test-04746,"i tried to get a new job, ended up out of my boss."
tifu-test-04747,"i tried to get a big job, got caught my friend and ended up the first day."
tifu-test-04748,"i tried to get a girl, got caught my friend and ended up out of the school."
tifu-test-04749,"i was going to get a few day, i didn't know it."
tifu-test-04750,"tried to take a pizza, ended up my stomach."
tifu-test-04751,"i tried to get a shower, got caught my pants."
tifu-test-04752,"i got a guy, i was going to get my boss."
tifu-test-04753,"i tried to get a girl, got drunk with my girlfriend."
tifu-test-04754,"i tried to get a new car, got stuck up the road."
tifu-test-04755,"i went to get a girl, got caught up with the bathroom."
tifu-test-04756,"i tried to get a new car, got stuck up my house."
tifu-test-04757,"went to get a girl, ended up my penis."
tifu-test-04758,"i tried to use a new car, got stuck up my house."
tifu-test-04759,i tried to get a cat of my house.
tifu-test-04760,"i tried to get a few weeks, got stuck up my finger and ended out of the first day."
tifu-test-04761,"i tried to make a new friend's car, ended up the same time of my phone."
tifu-test-04762,"tried to get a car, got caught my car."
tifu-test-04763,"i tried to get a guy, got caught my car and ended up the truck."
tifu-test-04764,i tried to get a picture of my friend and got caught it was an guy.
tifu-test-04765,"i went to get a party, got drunk with my friend and ended up out of the park."
tifu-test-04766,i tried to get a new phone and now i was stuck up my car.
tifu-test-04767,"i tried to get a guy, got caught my brother's house."
tifu-test-04768,"i tried to use my house, ended up the toilet."
tifu-test-04769,"i tried to get a lot of my neck, got stuck up the fire."
tifu-test-04770,"i tried to get a few weeks of my mother, got stuck up with the knife."
tifu-test-04771,"i tried to get a shit, got my toilet and ended up the bathroom."
tifu-test-04772,i tried to get my nose and i was a doctor.
tifu-test-04773,i tried to get a kid and got my dad's house.
tifu-test-04774,"i tried to get a job of my boss, and i'm stuck up the phone."
tifu-test-04775,"i tried to get a new car, got stuck up my girlfriend."
tifu-test-04776,"i tried to get a girl, but i didn't know my girlfriend and got married up with me."
tifu-test-04777,"i tried to get a train, got caught my car and ended up the bus."
tifu-test-04778,"i tried to get a girl, got drunk with my girlfriend."
tifu-test-04779,"i tried to get a girl with my girlfriend, ended up the first day."
tifu-test-04780,"i tried to get a shower, got drunk in the bathroom."
tifu-test-04781,"i tried to get a girl, got caught up with my girlfriend and she was married."
tifu-test-04782,"i tried to get a new school, got my mom's teacher and i was going out of the class."
tifu-test-04783,"i tried to get a new job, but i didn't go out of my life."
tifu-test-04784,"i tried to get a new car, got stuck up my house."
tifu-test-04785,"i was a girl, i didn't get the wrong in my boss."
tifu-test-04786,"i tried to get a little girl, got caught up my head and ended out of the bathroom."
tifu-test-04787,"tried to get a dog, got caught the park."
tifu-test-04788,"i ate a lot of my stomach, ended up in the water."
tifu-test-04789,"i was a guy, i didn't know my friend to get the school."
tifu-test-04790,"i was a kid in my mom's house,"
tifu-test-04791,"i was a lot of my own job, i didn't have be sick."
tifu-test-04792,"i tried to get a car, got stuck up my phone."
tifu-test-04793,"i tried to get a shower, ended up my face."
tifu-test-04794,"i tried to get a picture of my friend, but i was stuck up the first time."
tifu-test-04795,"tried to get a shower, ended up the bathroom."
tifu-test-04796,"i tried to get a girl, got drunk with my girlfriend and ended up the party."
tifu-test-04797,"i tried to get a car, ended up my house and got stuck out of the door."
tifu-test-04798,"i tried to get a job, got my boss and i was stuck up the wrong."
tifu-test-04799,"i tried to get a shit,"
tifu-test-04800,"i tried to get a car, got caught my girlfriend and i'm stuck up the road."
tifu-test-04801,i tried to get a new phone and i didn't know it was going to make my mom.
tifu-test-04802,"i was a new date of my girlfriend, but he didn't know it."
tifu-test-04803,"i tried to get a bike, got caught my foot of the road."
tifu-test-04804,"i tried to get a new computer, ended up my phone of the room."
tifu-test-04805,"i tried to get a knife, got my dad's dog."
tifu-test-04806,"i tried to make my house, got a shower and ended up the bathroom."
tifu-test-04807,"i tried to get a girl, got caught out of the door."
tifu-test-04808,"i tried to get a picture of my mom, i was stuck up the girl."
tifu-test-04809,"i tried to get a few day, ended up my face of the first time."
tifu-test-04810,"i tried to get a guy, i was going out of my brother's dad."
tifu-test-04811,"i tried to get a few school, got caught up my friend and i didn't go out of the first time."
tifu-test-04812,i tried to get a little friend and got stuck up my house.
tifu-test-04813,"i tried to get a girl with my friend, she was going out of the date."
tifu-test-04814,"i tried to get a kid, i didn't eat it."
tifu-test-04815,i didn't know my mother's mom and i was a little day.
tifu-test-04816,"tried to get a girl, ended up my face and got caught the bathroom."
tifu-test-04817,"i tried to get a car, got caught my truck and ended up the road."
tifu-test-04818,"i tried to play my phone, got a new computer and i was fucked up it."
tifu-test-04819,"i tried to get a girl,"
tifu-test-04820,"i tried to get a new computer, got stuck up my laptop."
tifu-test-04821,"i tried to get a girl, got caught my friend and i was going out of the kid."
tifu-test-04822,"i tried to get a shit and got my ass, ended up the bathroom."
tifu-test-04823,"i tried to get a fire, got the school."
tifu-test-04824,"i tried to get a girl, ended up my head of the road."
tifu-test-04825,"i was a lot of my house, got to get the first day."
tifu-test-04826,"i tried to get a big friend's house, got drunk and ended up out of the bathroom."
tifu-test-04827,"i was a wrong of the school, i didn't read my friend."
tifu-test-04828,"i tried to get a girl, got caught out of my friend."
tifu-test-04829,"i tried to get a car, i was stuck up my mother."
tifu-test-04830,"i tried to get a girl, got my boss and ended up out of the new job."
tifu-test-04831,"i tried to get a car, got stuck up my friend and ended out of the road."
tifu-test-04832,"i tried to make my nose, ended up a doctor."
tifu-test-04833,"i tried to make a lot of my house,"
tifu-test-04834,"i went to get a girl, got caught up in the school."
tifu-test-04835,"i tried to get a wrong of the train, and got caught it was going out."
tifu-test-04836,"i tried to make a new computer, got stuck up my house."
tifu-test-04837,"i tried to get a guy with my friend, i'm married up out."
tifu-test-04838,"i tried to get a kid, got stuck up my foot."
tifu-test-04839,"i got drunk with my friends and ended up a party,"
tifu-test-04840,"i tried to get a girl, got caught my girlfriend and i was going out of the first time."
tifu-test-04841,"went to get a party, got drunk with my friend's house."
tifu-test-04842,"i tried to get a dick, ended up my penis."
tifu-test-04843,"i tried to get a dog, ended up my cat and i was going out of the house."
tifu-test-04844,"tried to take a shower, got caught up with the bathroom."
tifu-test-04845,"i tried to get a bike, got stuck up my car."
tifu-test-04846,"i was a girl, i'm my girlfriend and she didn't know it."
tifu-test-04847,"i tried to take a cat dog, ended up the bathroom."
tifu-test-04848,"i was a job of my friend's boss, and i'm going to make the restaurant."
tifu-test-04849,"tried to make a shower, got my face of the bathroom."
tifu-test-04850,"i tried to make a pizza,"
tifu-test-04851,"i'm a girl,"
tifu-test-04852,"tried to get a dog, got caught my foot and ended up the floor."
tifu-test-04853,"i tried to get a guy, got drunk with my friend and ended up out of the party."
tifu-test-04854,"i was a big girl, ended up the middle of my room."
tifu-test-04855,"tried to make a girl,"
tifu-test-04856,"i tried to buy a gift of my car, but i didn't get the same money."
tifu-test-04857,"i tried to get a dog of my cat, and got stuck up the tree."
tifu-test-04858,"i tried to make my friend's house, got a few day."
tifu-test-04859,"tried to get a girl,"
tifu-test-04860,"i tried to get a girl, got an school and ended up my teacher."
tifu-test-04861,"i tried to get a new car, got stuck up my house."
tifu-test-04862,"i tried to get a girl, i didn't know it."
tifu-test-04863,"i tried to get a girl with my girlfriend, she was going out her phone."
tifu-test-04864,"i tried to get a girl, ended up the bus."
tifu-test-04865,"i was a girl with my girlfriend, i didn't go to get the date."
tifu-test-04866,"i tried to get a guy, got caught my friend."
tifu-test-04867,"i tried to get a wrong, ended up the door."
tifu-test-04868,"i tried to get a doctor, got sick and now i didn't take the hospital."
tifu-test-04869,"i went to get a girl, got drunk with my girlfriend and ended up the first time of front."
tifu-test-04870,"i tried to get a tree of my grandparents, and got stuck up the house."
tifu-test-04871,"tried to make a shower, ended up my house."
tifu-test-04872,i tried to get a picture of my friend.
tifu-test-04873,i'm a picture of my friend.
tifu-test-04874,"i tried to get a shower with my bathroom,"
tifu-test-04875,"i tried to get a girl, ended up my house."
tifu-test-04876,"i tried to get a car, got caught my friend and i was stuck up the road."
tifu-test-04877,"i tried to make my house and got a fire,"
tifu-test-04878,"i was going to get a girl, got drunk with the party of my friend."
tifu-test-04879,"i tried to get a car, got stuck up my truck."
tifu-test-04880,"i was a girl, got caught my girlfriend and she didn't get her boyfriend."
tifu-test-04881,"i tried to get a bike, got stuck up my car."
tifu-test-04882,"tried to get a girl, ended up my house."
tifu-test-04883,"i tried to get a new car, got stuck up my car."
tifu-test-04884,"tried to get a cat, got caught my car."
tifu-test-04885,"i tried to get a lot of my nose, ended up the bathroom."
tifu-test-04886,"tried to fix a fire, got stuck up the ground."
tifu-test-04887,"i tried to make a fire, got my head of the floor."
tifu-test-04888,"i tried to get a game of my first time, got stuck up the second year."
tifu-test-04889,i tried to get a girl.
tifu-test-04890,i didn't know my friend's school.
tifu-test-04891,"i tried to get a new car, but i'm stuck up my phone."
tifu-test-04892,"i tried to get a new phone of my car, now i'm stuck up the computer."
tifu-test-04893,"tried to be a dog, ended up the floor of my foot."
tifu-test-04894,"i tried to make a fire, got burnt my house."
tifu-test-04895,"i tried to get a road of the park, got stuck up my foot."
tifu-test-04896,i tried to get a ticket for the flight and got lost my wallet.
tifu-test-04897,"i went to get a school, got caught my car and ended up out of the house."
tifu-test-04898,"i was a job of my boss, got caught it had to get the first day."
tifu-test-04899,"i tried to get a girl, got my mom's house."
tifu-test-04900,"went to get a party, got drunk and ended up out of the theater."
tifu-test-04901,"i tried to get a new house, got stuck up my car."
tifu-test-04902,"i tried to get a class of my exam, ended up the school."
tifu-test-04903,"i tried to be a job of my boss,"
tifu-test-04904,"i tried to get a bike, got my car in the road."
tifu-test-04905,"i tried to get a shower, ended up my ear."
tifu-test-04906,"i tried to get a guy and got my head,"
tifu-test-04907,"i tried to get a guy, got caught my boss."
tifu-test-04908,"i tried to get a guy, got caught the police."
tifu-test-04909,"i tried to get a new room, ended up the door and got caught my house."
tifu-test-04910,"tried to get a nose, got my face of the hand."
tifu-test-04911,"i was going to get a girl, but i didn't know it."
tifu-test-04912,"i tried to get a girl, got caught my girlfriend and she was going out of her friend."
tifu-test-04913,"i tried to get a new job of my friend,"
tifu-test-04914,"tried to get a guy, got stuck up my foot."
tifu-test-04915,"i tried to get a big girl, she didn't be the first day."
tifu-test-04916,"i tried to get a new apartment, got caught my house."
tifu-test-04917,"i tried to get a big friend, got stuck up the fire."
tifu-test-04918,i tried to get a new job of the first time.
tifu-test-04919,"i tried to get a shower, ended up my face of the bathroom."
tifu-test-04920,"i tried to get a girl, ended up my friend was drunk."
tifu-test-04921,"i tried to get a cat, got caught my dog and i was stuck up the first day."
tifu-test-04922,"i tried to get a car, ended up my bike and got stuck out of the road."
tifu-test-04923,"tried to get a girl, got stuck up my friend."
tifu-test-04924,"i was going to get a girl, but i didn't know it."
tifu-test-04925,"i tried to get a new dog, ended up my house."
tifu-test-04926,"i tried to get a girl, ended up my girlfriend."
tifu-test-04927,"i tried to get a shower and got my house,"
tifu-test-04928,"i was a lot of my house, got to make the fire."
tifu-test-04929,"i tried to watch a girl, she was going out of my phone."
tifu-test-04930,"i tried to get a girl, ended up my girlfriend and got caught the bathroom."
tifu-test-04931,"i tried to make a fire, got burnt my house of the floor."
tifu-test-04932,"i tried to get a girl, got caught up with my friend."
tifu-test-04933,i tried to get a shit and got drunk with my face of the bathroom.
tifu-test-04934,"i tried to get a new phone, i didn't know it was not have be the same time."
tifu-test-04935,"i tried to get a girl, ended up with my girlfriend."
tifu-test-04936,"i tried to get a wrong of my friend,"
tifu-test-04937,"tried to get a girl, got drunk with my face of the house."
tifu-test-04938,"i tried to get a shower, got my house."
tifu-test-04939,"tried to get a guy, got caught up with the game."
tifu-test-04940,"i tried to get a big friend, ended up the party of my house."
tifu-test-04941,i tried to get a shower with my house.
tifu-test-04942,"i was a big kid, got to get my dad's house."
tifu-test-04943,"i got a doctor in my nose,"
tifu-test-04944,"i tried to make a picture of my girl, but i was not have be the same time."
tifu-test-04945,"tried to take a shower, ended up my house."
tifu-test-04946,"i tried to get a new car, ended up my car."
tifu-test-04947,"i was a girl, got drunk with my girlfriend."
tifu-test-04948,"tried to take a toilet, ended up my bathroom."
tifu-test-04949,"tried to get a dog, got caught up the house."
tifu-test-04950,tried to get a gift of my mother's birthday.
tifu-test-04951,"i was a girl, i didn't know my girlfriend."
tifu-test-04952,i was a new job of my boss.
tifu-test-04953,"i tried to get a guy, he didn't know it was my dad."
tifu-test-04954,"i tried to make a chicken of my fridge,"
tifu-test-04955,"i tried to get a new computer, got caught the school."
tifu-test-04956,"i tried to get a new car, got caught my phone."
tifu-test-04957,"i tried to get a party with my house, got stuck up the door."
tifu-test-04958,i was a lot of my house and i didn't be the night.
tifu-test-04959,"i tried to eat my house, got a fire."
tifu-test-04960,i was a joke of my friend's school.
tifu-test-04961,i tried to get a guy of my friend's face.
tifu-test-04962,"i tried to get a chicken of my stomach, ended up the first day."
tifu-test-04963,"i tried to get a big room, ended up my house."
tifu-test-04964,"i tried to get a chicken of my boss, ended up the first day."
tifu-test-04965,i was a job of my boss.
tifu-test-04966,"i tried to get a shower, got my bathroom and ended up the toilet."
tifu-test-04967,"i tried to get a girl, got caught my girlfriend and she was lost her house."
tifu-test-04968,"i tried to get a new car, got caught up my house."
tifu-test-04969,"i tried to play a game of my friend, ended up the first time."
tifu-test-04970,"i tried to get a girl, ended up my girlfriend and i was going out of the first time."
tifu-test-04971,"i got drunk with my friend's house,"
tifu-test-04972,i didn't know i'm a new friend.
tifu-test-04973,"i tried to get a dentist, ended up my nose in the bathroom."
tifu-test-04974,"i tried to get a dog and my car,"
tifu-test-04975,i was a guy to get my boss.
tifu-test-04976,"i tried to get a girl with my friend, she was going out of her girlfriend."
tifu-test-04977,"i tried to get a girl, got caught my house."
tifu-test-04978,"i tried to get a girl, got caught my mom's house."
tifu-test-04979,"i was a girl, i didn't know it had been sick."
tifu-test-04980,"i got drunk in my house,"
tifu-test-04981,i was a game of my friend's school.
tifu-test-04982,"i didn't be a wrong of my friend,"
tifu-test-04983,"i tried to get a shit, got my nose and i was stuck up the toilet."
tifu-test-04984,"i tried to get a new phone, got stuck up my dad's house."
tifu-test-04985,i was a lot of my friend and i had be the hospital.
tifu-test-04986,"i tried to get a girl,"
tifu-test-04987,"i tried to get a girl, got drunk with my friend and i was going out of the first day."
tifu-test-04988,"i tried to get a girl with my friend's date, i'm not have be going out."
tifu-test-04989,"went to get a girl, got drunk with my girlfriend."
tifu-test-04990,"i tried to get a new car, got stuck up the road."
tifu-test-04991,"i didn't read my friend, i was a professor and he got to get the school."
tifu-test-04992,i didn't know my brother's mom and i'm not have a little birthday.
tifu-test-04993,i tried to eat my mom's house.
tifu-test-04994,"i tried to get a girl with my girlfriend, ended up out of the date."
tifu-test-04995,"i went to get a girl, got caught up in the school."
tifu-test-04996,"i tried to get a girl, ended up my girlfriend and got an woman."
tifu-test-04997,"i tried to get a new laptop and got my own house,"
tifu-test-04998,"i tried to read the wrong of my computer, ended up it was a library."
tifu-test-04999,"i tried to get a guy, got caught up with the police and ended out of my house."
tifu-test-05000,"i tried to make a fire of my house,"
tifu-test-05001,"tried to get a beach, got caught up with the road."
tifu-test-05002,"i tried to get a girl, got caught my house."
tifu-test-05003,"i was a big girl, i'm my boss."
tifu-test-05004,"i tried to get a girl, got caught my car."
tifu-test-05005,"i tried to get a car, i'm stuck up my own house."
tifu-test-05006,i didn't know i'm a new job.
tifu-test-05007,"i tried to get a shower and got my house, ended up the floor."
tifu-test-05008,"i tried to get a guy, got stuck up with my head and ended out of the foot."
tifu-test-05009,"i tried to get a guy, got caught my friend and now i was stuck up the police."
tifu-test-05010,"i tried to get a girl, got drunk in the school."
tifu-test-05011,"i tried to get a new room, ended up my house."
tifu-test-05012,"i was going to get a kid, but i didn't go out of my mom."
tifu-test-05013,"i went to get a girl, ended up my house."
tifu-test-05014,"tried to get a girl, got caught my house."
tifu-test-05015,"i tried to get a toilet, got caught my bathroom."
tifu-test-05016,"i tried to make a fire, ended up my house."
tifu-test-05017,"i tried to get a pizza,"
tifu-test-05018,"i tried to get a girl, ended up with my girlfriend."
tifu-test-05019,"i tried to make my house, got a new room of the couch."
tifu-test-05020,i was a girl in my friend and she had to get her face.
tifu-test-05021,"i tried to play a girl, i was going out of my mom's mother."
tifu-test-05022,"i tried to get a lot of my nose, got stuck up the bathroom."
tifu-test-05023,i was a lot of my boss.
tifu-test-05024,"i tried to get a girl, got caught my girlfriend."
tifu-test-05025,"i tried to get a new computer, and i didn't have the first time."
tifu-test-05026,"tried to get a guy, got caught up with the hospital."
tifu-test-05027,i tried to get a new computer and got stuck up my car.
tifu-test-05028,"i tried to get a girl, got caught my girlfriend and i was going out of the kid."
tifu-test-05029,i was a girl.
tifu-test-05030,"i tried to get a girl, got caught my girlfriend."
tifu-test-05031,"i was a guy for my boss, i didn't get the pizza."
tifu-test-05032,i tried to make a lot of my house.
tifu-test-05033,"i tried to get a shit, i didn't eat up my house."
tifu-test-05034,"i tried to get a toilet, ended up my bathroom."
tifu-test-05035,"i tried to get a girl, got caught my friend and ended up the school."
tifu-test-05036,"tried to get a road, got stuck up my foot."
tifu-test-05037,"i tried to get a girl and got my mom's bed,"
tifu-test-05038,"i tried to get a new house, got caught up out of the door."
tifu-test-05039,"i tried to get a girl, got caught my head."
tifu-test-05040,"i tried to get a guy, got caught my friend."
tifu-test-05041,"i tried to get a joke of my friend, ended up the doctor."
tifu-test-05042,i tried to get a new birthday and got my mom's house.
tifu-test-05043,"i tried to get a girl with my girlfriend, but she was going out."
tifu-test-05044,"i tried to get a toilet, got caught the bathroom and ended up my foot."
tifu-test-05045,"i tried to get a dog, got caught my car and ended up the road."
tifu-test-05046,i was a lot of my house.
tifu-test-05047,"i tried to get a car, got stuck up my head."
tifu-test-05048,"i tried to get a girl, got caught it was the house."
tifu-test-05049,"i went to get a big job, got stuck up my foot."
tifu-test-05050,"i tried to get a new job of my boss,"
tifu-test-05051,"i tried to get a shower, ended up my face."
tifu-test-05052,"i tried to get a new job, ended up my boss."
tifu-test-05053,"got drunk, got a big car and ended up my head of the road."
tifu-test-05054,"i tried to get a new car, got stuck up my house."
tifu-test-05055,"i tried to get a few day, got stuck up my house."
tifu-test-05056,"i tried to make a pizza, got drunk with my house."
tifu-test-05057,"tried to get a car, got caught the door in my house."
tifu-test-05058,"i tried to get a car, got caught out of the road."
tifu-test-05059,"i tried to get a new car, got my house."
tifu-test-05060,"i tried to get a new computer, got stuck up my phone."
tifu-test-05061,"i went to get a wrong of my house, ended up the bathroom."
tifu-test-05062,"i tried to get a school, got caught my friend in the class."
tifu-test-05063,"i tried to get a dick and got my nose, ended up the floor."
tifu-test-05064,"i tried to get a girl, ended up out of my friend and got caught it was going to tell me."
tifu-test-05065,"i tried to get a new car, but i didn't know it."
tifu-test-05066,"i tried to get a girl, ended up my girlfriend."
tifu-test-05067,"i went to get a car, got stuck up in the road of my foot."
tifu-test-05068,"i tried to get a shower, got stuck up my house."
tifu-test-05069,"tried to get a wrong of my friend, ended up the first time."
tifu-test-05070,"i tried to get a girl, ended up my teacher was stuck in the school."
tifu-test-05071,"i was a wrong of my pants,"
tifu-test-05072,"i tried to get a new job, got stuck up my house and ended out of the door."
tifu-test-05073,"i tried to get a girl, got caught my girlfriend."
tifu-test-05074,"i tried to get a game, got stuck up for the ticket."
tifu-test-05075,"i went to get a toilet, ended up my bathroom."
tifu-test-05076,"i tried to get a shower, ended up my toilet."
tifu-test-05077,"tried to get a girl, ended up my arm and got caught the water."
tifu-test-05078,"i was a guy in the school, got to get my boss."
tifu-test-05079,"i tried to get a girl, got drunk with my face of the first day."
tifu-test-05080,i was a chicken of my dog and i didn't eat it.
tifu-test-05081,"i tried to get a new job, got caught the door."
tifu-test-05082,"i tried to get a picture of my friend,"
tifu-test-05083,"i tried to get a new phone, but i was stuck up my boss."
tifu-test-05084,"i tried to get a girl, got drunk in the party of my mom's house."
tifu-test-05085,"went to get a bathroom, got caught up in the toilet."
tifu-test-05086,"tried to get a car, got caught up the police."
tifu-test-05087,"tried to make my hand of the sun,"
tifu-test-05088,"i tried to get a knife, i was cut my finger of the hand."
tifu-test-05089,"tried to get a cat dog, ended up my car."
tifu-test-05090,"tried to get a girl, got caught up with my girlfriend."
tifu-test-05091,"tried to get a girl, got drunk with my girlfriend and ended up out of the party."
tifu-test-05092,"tried to get a girl, ended up with my friend."
tifu-test-05093,"i went to get a toilet, ended up my bathroom and got caught the hospital."
tifu-test-05094,"tried to get a girl, got stuck up with the door."
tifu-test-05095,"tried to get a girl, got caught my house."
tifu-test-05096,"tried to make a girl, ended up my mother's house."
tifu-test-05097,i didn't know my mom's house.
tifu-test-05098,"i tried to get a lot of my face, got stuck up with the sun."
tifu-test-05099,"i tried to get a new job, and got caught up my car."
tifu-test-05100,"i went to get a girl, got caught my car and i was going out of the train."
tifu-test-05101,"i tried to get a car, got stuck up the road and ended out of my bike."
tifu-test-05102,"tried to wash my toilet,"
tifu-test-05103,i tried to get a bag of my house.
tifu-test-05104,"i tried to get a car, got stuck up my head."
tifu-test-05105,"i tried to get a new friend, got drunk with my car."
tifu-test-05106,"i tried to get a new job, got stuck up with the first time."
tifu-test-05107,"i tried to get a new car, got stuck up my dad's school."
tifu-test-05108,"i tried to make a new computer, i was stuck up the fire."
tifu-test-05109,"i tried to get a school, ended up my friend and got caught out of the class."
tifu-test-05110,"went to get a bathroom, got caught my house."
tifu-test-05111,"i tried to get a girl, got caught out of my girlfriend."
tifu-test-05112,"i tried to get a few weeks, got stuck up my head of the hospital."
tifu-test-05113,"i went to get a new door, got stuck up my car."
tifu-test-05114,i told my friend i was a guy and now he didn't know it.
tifu-test-05115,"i tried to get a new car, got stuck up my dad's house."
tifu-test-05116,"i tried to pay a plane, got an flight of the airport."
tifu-test-05117,"i tried to get a new car, i'm not have pay it."
tifu-test-05118,"i tried to eat my dog, i was a cat cats and it's house."
tifu-test-05119,"i fucked up my girlfriend and got a girl,"
tifu-test-05120,"i went to get a girl, got caught up my friend and ended out."
tifu-test-05121,i went to get a shower and got my mom's house.
tifu-test-05122,"i tried to make my car,"
tifu-test-05123,"i tried to get a shower, ended up my face of the floor."
tifu-test-05124,i tried to get a bar of my car.
tifu-test-05125,"i tried to get a new phone, i didn't be the first time."
tifu-test-05126,"i tried to get a new car, ended up my phone."
tifu-test-05127,"i tried to get a new ear, got stuck up my phone."
tifu-test-05128,"tried to make a fridge, ended up my house."
tifu-test-05129,"tried to take a bottle of my toilet,"
tifu-test-05130,"i went to get a bathroom, ended up my toilet."
tifu-test-05131,"i tried to get a girl, ended up my face of the first day."
tifu-test-05132,i tried to send my dad's computer and i'm a guy.
tifu-test-05133,"i tried to get a new job, got drunk in my boss."
tifu-test-05134,"i tried to be a wrong of my phone,"
tifu-test-05135,"i tried to get a new car, ended up out of my phone."
tifu-test-05136,"tried to make a glass, got stuck up my finger with the hole."
tifu-test-05137,"i tried to get a kid and got my dad's house,"
tifu-test-05138,"i tried to get a new car, got caught the door and ended up my house."
tifu-test-05139,"i tried to get a kid, got caught my car and ended up out of the house."
tifu-test-05140,"i tried to get a girl, ended up the room."
tifu-test-05141,i tried to get a pizza and got my house.
tifu-test-05142,i tried to make my nose.
tifu-test-05143,"i went to get a few day, got caught up my house."
tifu-test-05144,"i went to get a new car, got stuck up my house."
tifu-test-05145,"i tried to get a class of my friend, but i didn't know it was not have be the professor."
tifu-test-05146,"i tried to get a party of my friend,"
tifu-test-05147,"tried to get a girl, ended up my face of the bathroom."
tifu-test-05148,"tried to get a guy, got caught out of my friend."
tifu-test-05149,"i went to get a big car, got caught my house and ended up the bathroom."
tifu-test-05150,"i tried to get a new job, got my boss."
tifu-test-05151,i was a lot of my friend and i didn't go to make the first time.
tifu-test-05152,"i tried to get a girl, got caught my mom's house."
tifu-test-05153,"i tried to get a little kid, i'm be the first day."
tifu-test-05154,"i was a lot of my car, got to make it's house."
tifu-test-05155,"i tried to get a new job, got stuck up my nose and ended out of the first time."
tifu-test-05156,"i tried to get a shower and got my face,"
tifu-test-05157,"i was a girl with my girlfriend, she didn't get her boyfriend."
tifu-test-05158,"i was a little kid, i didn't get my mom's house."
tifu-test-05159,"i tried to get a guy, got caught my phone."
tifu-test-05160,"i tried to get a few day, ended up my finger of the first time."
tifu-test-05161,i tried to get a car and got stuck up my bus.
tifu-test-05162,i tried to make a bottle of my coffee.
tifu-test-05163,"i tried to get a new store of the shop, got stuck up my boss."
tifu-test-05164,i was a lot of my doctor and i didn't take the hospital.
tifu-test-05165,"i tried to make a pizza, got drunk with my house."
tifu-test-05166,"went to get a guy, got caught up with the street and ended out of front."
tifu-test-05167,"i tried to get a shower, ended up my house."
tifu-test-05168,"i tried to get a shit, ended up out of the hospital."
tifu-test-05169,"i was a girl and i didn't know it,"
tifu-test-05170,"i was going to get a new friend, but i didn't know it."
tifu-test-05171,i was a job of my boss.
tifu-test-05172,"tried to get a train, got caught up the road."
tifu-test-05173,i tried to get a car and got stuck up the road.
tifu-test-05174,"i thought i'm a big friend's family,"
tifu-test-05175,"i tried to get a fire and got the hospital,"
tifu-test-05176,"i tried to get a new car, got stuck up my head of the road."
tifu-test-05177,"i tried to get a guy, got caught my house."
tifu-test-05178,"i was going to get a girl and ended up the school,"
tifu-test-05179,"i tried to get a shower, got stuck up my foot."
tifu-test-05180,"i tried to buy my car, got a few weeks."
tifu-test-05181,"i tried to get a big dog, got caught my nose and ended up the hospital."
tifu-test-05182,"i was a joke of my friend, i didn't go to get the first time."
tifu-test-05183,"i tried to get a girl, ended up the bathroom and got caught my house."
tifu-test-05184,"i got drunk with my friend's house, ended up a party and now i was sick."
tifu-test-05185,i was a joke of my boss.
tifu-test-05186,i was a girl with my girlfriend and she didn't know it.
tifu-test-05187,"i tried to get a doctor, got an hospital."
tifu-test-05188,i was a guy in my friend's house.
tifu-test-05189,i didn't know my mom.
tifu-test-05190,"i was going to get a new car, but i'm stuck up my mom's house."
tifu-test-05191,"i tried to get a girl, ended up the door in my house."
tifu-test-05192,"i tried to get a car, got caught up my house."
tifu-test-05193,"i tried to get a guy in the bathroom, ended up my toilet."
tifu-test-05194,"i thought i was a girl,"
tifu-test-05195,i got drunk with my friend's house.
tifu-test-05196,"i tried to get a party, got drunk with my girlfriend and ended up out of the first night."
tifu-test-05197,"i tried to get a girl with my friend, i didn't go out of the first time."
tifu-test-05198,"i tried to get a new phone, got stuck up the computer."
tifu-test-05199,"i tried to get a girl, got my phone."
tifu-test-05200,"i tried to get a guy, got caught my car."
tifu-test-05201,"i tried to get a door, got stuck up the house."
tifu-test-05202,i was a job of my boss.
tifu-test-05203,i tried to make a fire and got burnt up my house.
tifu-test-05204,"i didn't go to get a school, but i was going out of my job."
tifu-test-05205,"i tried to get a dog, got caught my house."
tifu-test-05206,"i was going to buy a kid, but i'm not get the kids."
tifu-test-05207,"i was a ride to get my car,"
tifu-test-05208,"tried to get a train, got caught up my foot."
tifu-test-05209,"i tried to get a few weeks, got caught my head of the hospital."
tifu-test-05210,"i tried to get a girl, ended up my friend and i didn't know it was going out of the school."
tifu-test-05211,"i got a new job of my boss, i was stuck to get an guy."
tifu-test-05212,"tried to eat my coffee, drank up a bottle."
tifu-test-05213,"i tried to play my dad's house, i was a new brother."
tifu-test-05214,"i tried to get a girl, ended up my house."
tifu-test-05215,"tried to read a book of the paper, got out."
tifu-test-05216,"i tried to get a girl, got stuck up my mother's house."
tifu-test-05217,"i tried to get a girl, got caught my girlfriend."
tifu-test-05218,i was a new job of my boss.
tifu-test-05219,"i tried to get a new computer, ended up my boss and got stuck out of the school."
tifu-test-05220,"i tried to get a girl, ended up my mom's house."
tifu-test-05221,"i tried to get a girl, ended up my girlfriend."
tifu-test-05222,i tried to get a new internet of my phone.
tifu-test-05223,"i got drunk in my friend and ended up a drink,"
tifu-test-05224,i was a joke of my friend and i didn't know it.
tifu-test-05225,"i tried to get a new friend, got caught up my house."
tifu-test-05226,"i tried to get a new car, ended up my house."
tifu-test-05227,i didn't know my mom's school.
tifu-test-05228,"i went to get a big friend, ended up the first day."
tifu-test-05229,"i tried to get a new car, got stuck up my wallet."
tifu-test-05230,"i tried to get a girl, got caught my car and ended up the police."
tifu-test-05231,i tried to get a new computer and i didn't be my phone.
tifu-test-05232,"went to get a girl, got drunk in the car."
tifu-test-05233,"i tried to get a picture of my friend's phone, i was stuck up out."
tifu-test-05234,i was a girl of my friend's party and i had been seen her face.
tifu-test-05235,"i was a job of my boss, i didn't be been to get the same time."
tifu-test-05236,"i told a girl, i was my friend's girlfriend."
tifu-test-05237,"i tried to get a girl, got stuck up my face."
tifu-test-05238,"i was a job of my boss, and i didn't be the new office."
tifu-test-05239,"i tried to get a girl and got caught the car, ended up my house."
tifu-test-05240,"tried to get a girl, got caught my girlfriend's house."
tifu-test-05241,"i tried to get a girl, ended up my face."
tifu-test-05242,"i was a game of my friend, got caught the field."
tifu-test-05243,"i tried to get a guy, ended up my car and got caught out of front."
tifu-test-05244,"i tried to get a big friend, ended up with my boyfriend's house."
tifu-test-05245,"i tried to get a test of my nose,"
tifu-test-05246,"i tried to wash my house, got a shower and ended up the floor."
tifu-test-05247,"i was a joke of my friend, i didn't know it."
tifu-test-05248,"i tried to get a kid, got stuck up my dad's house."
tifu-test-05249,"i tried to get a girl, got caught my friend and i was stuck out of the first time."
tifu-test-05250,i didn't pay my wallet and i was a new job.
tifu-test-05251,"i was a job of my boss, and i'm stuck up to get work."
tifu-test-05252,"i tried to get a new friend, got caught it was the police."
tifu-test-05253,"tried to make a girl, ended up my mom's house."
tifu-test-05254,"i tried to get a job, got my boss and i didn't know it."
tifu-test-05255,"i tried to get a girl, got drunk with my girlfriend."
tifu-test-05256,"i tried to get a shower, ended up my bathroom."
tifu-test-05257,"i tried to make a girl, ended up my house."
tifu-test-05258,"i tried to get a few day, got caught my house and i was stuck up with the door."
tifu-test-05259,"i tried to get a girl, got drunk with my car."
tifu-test-05260,i tried to get a guy.
tifu-test-05261,"went to get a girl, got married with my girlfriend."
tifu-test-05262,"tried to get a girl, ended up my penis."
tifu-test-05263,"i tried to get a new girl, got caught up with my boss."
tifu-test-05264,"tried to get a girl, ended up my bathroom."
tifu-test-05265,"i was a girl of my girlfriend,"
tifu-test-05266,"i tried to get a girl, got caught my friend and ended up out of the school."
tifu-test-05267,"i tried to make my mom's house, i was a little day."
tifu-test-05268,"i tried to get a new friend, got my friends and i was stuck up the first time."
tifu-test-05269,"i tried to get a doctor, got an hospital."
tifu-test-05270,"i tried to get a job of my boss, got stuck up the first day."
tifu-test-05271,i was a joke of my boss.
tifu-test-05272,"i tried to get a girl with my girlfriend, she was going out of the date."
tifu-test-05273,"i went to get a girl, got caught my girlfriend and she was going out of the same day."
tifu-test-05274,i tried to get a girl.
tifu-test-05275,i was a lot of my house.
tifu-test-05276,"tried to get a shower, ended up my nose."
tifu-test-05277,"tried to take a bottle of my hand,"
tifu-test-05278,"i tried to get a dick, got my penis."
tifu-test-05279,"i tried to get a girl, got caught up with my girlfriend."
tifu-test-05280,"tried to get a bar, ended up the door."
tifu-test-05281,"i tried to get a shower,"
tifu-test-05282,"i tried to get a guy, got caught the party."
tifu-test-05283,"i tried to get a picture of my friend, i was an girl."
tifu-test-05284,"i tried to get a girl, i didn't eat up my mom."
tifu-test-05285,"i tried to get a shower, got caught my bathroom and ended up the toilet."
tifu-test-05286,"tried to get a shower, ended up my nose."
tifu-test-05287,"i tried to get a new phone, i was stuck up my mom's internet."
tifu-test-05288,"i tried to get a girl, ended up the hospital."
tifu-test-05289,"tried to get a girl, ended up my car."
tifu-test-05290,"i tried to get a girl with my friend, got caught out of the party."
tifu-test-05291,i was going to get a room and got my house.
tifu-test-05292,"i tried to get a red hair,"
tifu-test-05293,"i was a bottle of my nose,"
tifu-test-05294,"i drank my friend and got drunk,"
tifu-test-05295,"tried to get a little dog, got caught up my foot."
tifu-test-05296,"i tried to get a girl, ended up my boss and got caught the first day."
tifu-test-05297,"tried to get a shower, ended up my nose."
tifu-test-05298,"i tried to get a fire, got burnt my house."
tifu-test-05299,"i tried to get a shower, ended up my house."
tifu-test-05300,"i tried to play my computer, ended up a new game of the internet."
tifu-test-05301,i tried to get a new room and got stuck up my house.
tifu-test-05302,"i tried to get a girl, ended up my girlfriend and i was going out of the first time."
tifu-test-05303,"i tried to get a few day, got stuck up my head of the road."
tifu-test-05304,"i tried to get a girl, ended up my face of the school."
tifu-test-05305,"i tried to get a school, got caught up my friend and ended out of the police."
tifu-test-05306,i tried to make my eye.
tifu-test-05307,"i tried to get a guy, got caught out of my boss."
tifu-test-05308,"i tried to get a class of my teacher, got caught the school."
tifu-test-05309,"i tried to get a girl, got caught my friend and she was going out of her girlfriend."
tifu-test-05310,"i tried to get a girl, got caught my mom's house."
tifu-test-05311,"i tried to get a girl, got caught up my car."
tifu-test-05312,"i was a guy,"
tifu-test-05313,"i tried to get a shit, got stuck up my nose."
tifu-test-05314,"i tried to get a car, got caught my head of the road."
tifu-test-05315,"i tried to get a new computer, got stuck up my phone."
tifu-test-05316,"i tried to get a car, got stuck up my car."
tifu-test-05317,"i tried to get a cat dog, ended up my house."
tifu-test-05318,"i tried to get a guy in the bathroom, ended up out of my toilet."
tifu-test-05319,"i was a wrong of my boss, i'm supposed to get an class."
tifu-test-05320,"tried to get a girl, got stabbed up my head of the hospital."
tifu-test-05321,"i tried to get a fire and got burnt my house,"
tifu-test-05322,"tried to get a door, got locked out of my house."
tifu-test-05323,"i tried to be a wrong of the door, ended up my house."
tifu-test-05324,"i tried to get a test, ended up my exam."
tifu-test-05325,"i tried to get a school, got caught my teacher."
tifu-test-05326,"i thought i'm a girl,"
tifu-test-05327,"i tried to get a girl, got drunk with the bar of my boss."
tifu-test-05328,"i tried to get a car, got caught my house."
tifu-test-05329,i tried to get a girl.
tifu-test-05330,"tried to get a girl, got sick and ended up my friend."
tifu-test-05331,"i tried to get a fire, got caught my house."
tifu-test-05332,"i tried to get my house, got a new room and ended up out of the floor."
tifu-test-05333,"i tried to get a girl, ended up the hospital."
tifu-test-05334,"i went to get a girl, got drunk with my girlfriend."
tifu-test-05335,"i tried to get a girl, got my friend."
tifu-test-05336,"i tried to get a girl with my girlfriend, but i didn't know it was married."
tifu-test-05337,"tried to get a big friend, ended up my nose."
tifu-test-05338,"i tried to buy a new computer, but i was stuck up my laptop."
tifu-test-05339,"i tried to get a girl and got my nose,"
tifu-test-05340,"i tried to get a pizza, but i didn't know it was going to make the store."
tifu-test-05341,i tried to get a girl.
tifu-test-05342,"i tried to get a girl, but i didn't know it."
tifu-test-05343,i told my girlfriend and i'm married to get a girl.
tifu-test-05344,"i tried to get a guy, ended up my face of the room."
tifu-test-05345,"tried to get a cat dog, got caught up my car."
tifu-test-05346,"i tried to get a new job, but i didn't go out of my friend."
tifu-test-05347,tried to watch a movie of my friend and
tifu-test-05348,"i tried to play a little friend, got stuck up the gun."
tifu-test-05349,"tried to get a car, got stuck up the road."
tifu-test-05350,"i tried to get a car, got stuck up my house."
tifu-test-05351,"i went to get a bus, got caught up in the train."
tifu-test-05352,"tried to get a bike, got stuck up my car."
tifu-test-05353,"i was a new job of my phone, i didn't be called the first day."
tifu-test-05354,"i tried to get a cat dog, got caught my nose and ended up the bathroom."
tifu-test-05355,i got a joke of my friend.
tifu-test-05356,"i didn't know i'm my phone,"
tifu-test-05357,"tried to get a kid, got stuck up my brother."
tifu-test-05358,i was a wrong of my mother.
tifu-test-05359,"i went to get a girl, got caught my friend and ended up the house."
tifu-test-05360,"i tried to get a girl, got drunk with my girlfriend and ended up out."
tifu-test-05361,"i tried to get a girl, she was going out of my girlfriend."
tifu-test-05362,"i tried to get a doctor, ended up my nose."
tifu-test-05363,"tried to get a shower, ended up my house."
tifu-test-05364,"i tried to get a girl with my friend's date, i'm not know it."
tifu-test-05365,"tried to get a girl, ended up out of my girlfriend."
tifu-test-05366,"i went to get a girl, got drunk and ended up my girlfriend."
tifu-test-05367,i was a joke of my friend and i didn't have be the movie.
tifu-test-05368,"i tried to get a girl with my girlfriend, she was going out."
tifu-test-05369,i tried to make my face of the first day.
tifu-test-05370,"i tried to get a wrong of my foot, ended up the road."
tifu-test-05371,i tried to get a new girl and got drunk in the bathroom.
tifu-test-05372,"i tried to get a guy, got caught out of my friend."
tifu-test-05373,"i was a wrong, i didn't get the bus."
tifu-test-05374,"i went to get a girl, got caught my car and ended up the school."
tifu-test-05375,"i was going to get a car, ended up my house."
tifu-test-05376,i tried to get a girl.
tifu-test-05377,"i tried to get a girl, got caught my dad's family."
tifu-test-05378,"tried to get a pit, ended up my foot."
tifu-test-05379,"tried to get a girl, got caught my friend and ended up out of the first day."
tifu-test-05380,"tried to get a beach, got caught my foot."
tifu-test-05381,"i tried to get a girl, ended up my girlfriend and got drunk."
tifu-test-05382,"tried to get a pit, got stuck up my foot."
tifu-test-05383,"i was a wrong of my friend,"
tifu-test-05384,i tried to play my new computer and now i didn't get a big game.
tifu-test-05385,"i tried to get a new ticket, got caught up and ended out of the bus."
tifu-test-05386,"i was a guy in the girl, got caught my boss."
tifu-test-05387,"i tried to get a guy, got caught my boss."
tifu-test-05388,"i was a guy, got drunk and i didn't go to get the party."
tifu-test-05389,"i tried to get a new car, got stuck up the store."
tifu-test-05390,i tried to get a girl and got my girlfriend.
tifu-test-05391,i was a kid in the school.
tifu-test-05392,"i went to get a girl, got caught up with my friend and i was going out of the first time."
tifu-test-05393,"i tried to get a girl, ended up my girlfriend."
tifu-test-05394,"tried to get a shower, ended up my house."
tifu-test-05395,"i was a new job of my boss, and now i'm stuck up the computer."
tifu-test-05396,"i tried to get a girl, got my friend and i was going out of the police."
tifu-test-05397,"i tried to make a shower,"
tifu-test-05398,i was going to get a few weeks of my mother's mom.
tifu-test-05399,"i got a wrong of my friend,"
tifu-test-05400,"i tried to get a girl, got caught out of my girlfriend and ended up with the door."
tifu-test-05401,"i tried to get a new car, got caught up the bus."
tifu-test-05402,"i tried to get a girl, i was an little kid in my mother's family."
tifu-test-05403,"i tried to get a shit, ended up the toilet."
tifu-test-05404,"i tried to get a new car, ended up my phone."
tifu-test-05405,"i tried to get a new computer, got stuck up my phone and now i didn't use it."
tifu-test-05406,"i tried to get a new car, got caught it was burnt my nose."
tifu-test-05407,"i tried to get a new girl, ended up my house."
tifu-test-05408,"i tried to get a dog, but i was going out of the cat."
tifu-test-05409,"i was a guy in my friend's room,"
tifu-test-05410,"tried to get a road, ended up my face and got stuck out of the floor."
tifu-test-05411,i tried to get a guy and got my car.
tifu-test-05412,"i tried to buy a new car, now i'm stuck up it was going to get the same job."
tifu-test-05413,"i tried to get a room, got my bedroom and ended up the bathroom."
tifu-test-05414,"i tried to get a girl, ended up with my girlfriend."
tifu-test-05415,"i tried to get a new car, got caught up the road."
tifu-test-05416,"i tried to get a car, got caught up the hospital."
tifu-test-05417,"i was a guy of my friend,"
tifu-test-05418,"i tried to get a fire, got caught my house."
tifu-test-05419,i tried to get a party of my wedding.
tifu-test-05420,"i tried to get a door, got my house."
tifu-test-05421,"i tried to get a big friend, got caught my friends and i was going out of the party."
tifu-test-05422,i got a joke of my friend.
tifu-test-05423,"i tried to get a girl, got drunk with my car."
tifu-test-05424,"tried to get a doctor, got caught up my nose."
tifu-test-05425,"i told a girl with my girlfriend, she was going to tell me."
tifu-test-05426,"i tried to make a shower, ended up my house."
tifu-test-05427,"i tried to get a new car, got stuck up out of the road."
tifu-test-05428,i tried to get a car.
tifu-test-05429,"tried to get a shower, ended up my nose and got stuck out of the floor."
tifu-test-05430,"i tried to get a girl, ended up my face."
tifu-test-05431,"i tried to get a job, got stuck up my ass."
tifu-test-05432,"i went to get a job, got my boss and i didn't go out of the room."
tifu-test-05433,"i tried to make my phone, i'm a new computer and now she was stuck up it."
tifu-test-05434,"i tried to get a girl, ended up my girlfriend and i was stuck out of the phone."
tifu-test-05435,"i tried to get a dentist, ended up my nose."
tifu-test-05436,"i tried to get a new job, got stuck up my boss."
tifu-test-05437,i tried to get a guy with my head of the face.
tifu-test-05438,"i tried to get a car, got stuck up my car."
tifu-test-05439,i was a joke of my friend's dad.
tifu-test-05440,"i tried to get a new car, got stuck up my boss."
tifu-test-05441,"i tried to get a girl, got stuck up the door."
tifu-test-05442,"i tried to get a guy, got my friend's house."
tifu-test-05443,"i went to get a girl, got caught my house."
tifu-test-05444,i went to get a movie of my boss.
tifu-test-05445,"i tried to get a new phone, i was called my friend and now she didn't know it."
tifu-test-05446,"i tried to get a guy, ended up my pants and got caught out of the shower."
tifu-test-05447,"i tried to get a new house, got caught up the room."
tifu-test-05448,"i tried to get a new computer, but i'm stuck up my phone."
tifu-test-05449,"i tried to get a toilet, ended up my bathroom."
tifu-test-05450,"i tried to get a girl, got stuck up my foot."
tifu-test-05451,"i tried to get a car, got caught out of my girlfriend."
tifu-test-05452,"tried to get a shower, got stuck up my phone."
tifu-test-05453,"i tried to get a girl, ended up my girlfriend."
tifu-test-05454,"i tried to get a big job, ended up the fire."
tifu-test-05455,"i tried to get a guy, got caught my boss."
tifu-test-05456,"i tried to get a car, got caught my car and ended up the road."
tifu-test-05457,"i got a job of my boss, i didn't be fired up to work."
tifu-test-05458,"i tried to get a toilet, ended up my bathroom."
tifu-test-05459,"i tried to get a few girl, got stuck up the first time of my eye."
tifu-test-05460,"i tried to get a new car, got stuck up the road."
tifu-test-05461,"i tried to get a pizza and got my head, but i was stuck up it."
tifu-test-05462,"i tried to get a new car, got fired up my boss and ended out of the phone."
tifu-test-05463,"i tried to get a girl, ended up out of my friend."
tifu-test-05464,"i was a new job of my boss, i didn't be the first time."
tifu-test-05465,"tried to get a girl, got caught up with my foot."
tifu-test-05466,"tried to get a girl, ended up my friend was the door."
tifu-test-05467,"i tried to eat a cat, i was stuck up my house."
tifu-test-05468,"i was a cat of my dog, i didn't be the house."
tifu-test-05469,"i tried to get a big house, and got caught it was the fire."
tifu-test-05470,"tried to get a beach, ended up my foot and got caught the door."
tifu-test-05471,"i tried to get a kid, got caught the door and ended up my house."
tifu-test-05472,"i tried to get a job, got caught my boss and ended up the doctor."
tifu-test-05473,"i got a new job and i was stuck to get the door,  "
tifu-test-05474,"i went to get a girl, got caught up with my face."
tifu-test-05475,"tried to be a test, ended up the exam."
tifu-test-05476,"i tried to get a kid, got caught my mom's house."
tifu-test-05477,"tried to get a girl, got caught up with my girlfriend."
tifu-test-05478,"i tried to get a girl with my girlfriend, she was married up her boyfriend."
tifu-test-05479,"i tried to get a hospital, got caught up my house."
tifu-test-05480,"tried to get a girl, got drunk with my friend."
tifu-test-05481,"i tried to get a guy, got caught my face and i was going out of the foot."
tifu-test-05482,"i tried to fix my laptop, now i didn't be a computer."
tifu-test-05483,"i tried to fix my computer, ended up a new laptop."
tifu-test-05484,"i tried to make a new laptop, got stuck up the floor of my house."
tifu-test-05485,"i tried to get a girl with my girlfriend, she was going out of her friend."
tifu-test-05486,"i tried to get a girl, ended up my friend and i was going out of the first time."
tifu-test-05487,"i tried to make my mom's house,"
tifu-test-05488,i went to get a party of my car and got caught it was the house.
tifu-test-05489,"i tried to get a kid, ended up my nose."
tifu-test-05490,"i tried to get a girl, ended up my girlfriend."
tifu-test-05491,"i thought i was a guy's brother friend and he had my dad,"
tifu-test-05492,"i tried to get a guy, but i didn't know it was going out."
tifu-test-05493,"i tried to get a room, got caught the bathroom and ended up my house."
tifu-test-05494,"i was a guy in my friend's boss, and i'm not have be going to make me."
tifu-test-05495,"i tried to get a shit, ended up my house."
tifu-test-05496,i was a lot of my house.
tifu-test-05497,"tried to get a snow, got caught up my foot."
tifu-test-05498,"i tried to get a guy, got caught out of my car."
tifu-test-05499,"i tried to get a guy, ended up the bus and got stuck out of front."
tifu-test-05500,"i tried to get a few day, ended up my nose and got caught out of the hospital."
tifu-test-05501,i told a job of my boss.
tifu-test-05502,i tried to fix a new computer and now i didn't use it.
tifu-test-05503,"i tried to get a girl, got my girlfriend and i was fucked up the phone."
tifu-test-05504,"i got drunk,"
tifu-test-05505,"i tried to get a girl, got my phone and now i'm going out of the new boss."
tifu-test-05506,"i tried to get a girl, got my head and ended up out of the face."
tifu-test-05507,"i tried to make a chicken of the microwave, ended up my own house."
tifu-test-05508,"i tried to get a shower and got caught my house, ended up the bathroom."
tifu-test-05509,"i tried to make a pizza, but i ate up the freezer."
tifu-test-05510,"i tried to get a girl, got caught my girlfriend and now i was going out of her mom."
tifu-test-05511,i was a guy in my friend's room and now i had been seen the whole house.
tifu-test-05512,"tried to get a girl, ended up my girlfriend."
tifu-test-05513,i was a game of my friend and i'm been to be the first time.
tifu-test-05514,"i tried to get a girl, got drunk in the toilet."
tifu-test-05515,"i tried to get a girl, i was scared up my mom's dad."
tifu-test-05516,"tried to get a shower, ended up the bathroom and got caught my foot."
tifu-test-05517,"i was a guy in the door, got caught my house."
tifu-test-05518,"i tried to get a shower and got my nose,"
tifu-test-05519,"i tried to get a toilet, ended up my bathroom and got stuck the floor."
tifu-test-05520,"i tried to get a girl, got drunk with my girlfriend."
tifu-test-05521,"i tried to get a car, got stuck up my car."
tifu-test-05522,"i tried to get a pizza, got drunk and ended up my friend."
tifu-test-05523,"i tried to get a girl, ended up my face."
tifu-test-05524,"i was a new job of my boss, and got stuck up the room."
tifu-test-05525,"i tried to make the bathroom,"
tifu-test-05526,"i tried to get a new car, got stuck up the store."
tifu-test-05527,"i got a lot of my car, ended up in the road."
tifu-test-05528,"i went to get a lot of my house, ended up the bathroom."
tifu-test-05529,"i thought i'm a girl, she was going to get my girlfriend."
tifu-test-05530,"i tried to get a doctor, got caught my nose and ended up the hospital."
tifu-test-05531,"tried to get a girl, got caught out of the police."
tifu-test-05532,i was a guy in my friend and got caught to get the school.
tifu-test-05533,"i went to get a school, got drunk and ended up my friend."
tifu-test-05534,"i tried to get a girl, got caught my friend."
tifu-test-05535,i was a girl in my friend and i didn't get the same day.
tifu-test-05536,i tried to get a picture of my friend's family and now i didn't know it was going out.
tifu-test-05537,"i went to get a shower, got stuck up my pants."
tifu-test-05538,"i tried to get a train, got caught the road in my friend."
tifu-test-05539,"i tried to use my hair and got a shower, ended up the face."
tifu-test-05540,"i tried to get a new car, got stuck up the road."
tifu-test-05541,"i tried to get a kid, ended up my house."
tifu-test-05542,"i tried to get a guy, got stuck up my boss."
tifu-test-05543,"i tried to get a girl, got caught my friend's school."
tifu-test-05544,"i was going to get a new job, got stuck up my boss."
tifu-test-05545,"i went to get my house, got a party in the bathroom."
tifu-test-05546,"i tried to get a new car, ended up the door."
tifu-test-05547,"i tried to get a guy, got caught the train."
tifu-test-05548,"i tried to get a bus, got caught up in the airport."
tifu-test-05549,i tried to make a chicken of my face.
tifu-test-05550,"i tried to get a guy, i'm my face."
tifu-test-05551,"i tried to get a girl, ended up my girlfriend."
tifu-test-05552,i was a wrong of my friend and i didn't know it.
tifu-test-05553,i was going to get a girl.
tifu-test-05554,i was a guy in my friend and got caught the road.
tifu-test-05555,"i tried to get a school, got caught my teacher and ended up the first time of me."
tifu-test-05556,"i tried to get a new car, got caught my head of the road."
tifu-test-05557,"i was going to get a girl, i'm married up my girlfriend."
tifu-test-05558,"i tried to get a bus, got caught up in the train."
tifu-test-05559,"i tried to get a pizza, ended up the first day."
tifu-test-05560,"tried to take a shower, got caught up with my house."
tifu-test-05561,"i tried to get a store of my house, ended up the floor."
tifu-test-05562,"i tried to show my friend's school, i was a porn."
tifu-test-05563,"i tried to get a new job, got stuck up the same day."
tifu-test-05564,"tried to make a glass, got stuck up my hand."
tifu-test-05565,"i was going to get a new birthday, i'm supposed out of my phone."
tifu-test-05566,"i tried to make my house and got a fire,"
tifu-test-05567,"i got drunk in my friend and ended up a party,"
tifu-test-05568,"tried to get a guy, got caught up with my friend."
tifu-test-05569,"i was a new job of my boss,"
tifu-test-05570,"i tried to get a girl, i was going out of my friend."
tifu-test-05571,i was a cat in my house and got caught up the room.
tifu-test-05572,"i tried to get a girl, got drunk in the middle of my friend."
tifu-test-05573,"i tried to get a new friend, i was supposed it's friends."
tifu-test-05574,"i was a girl, i'm going to get my mother's family."
tifu-test-05575,"i was a girl, i didn't know it's school."
tifu-test-05576,"i ate a lot of my house,"
tifu-test-05577,i was a guy of my friend and got to get the wrong.
tifu-test-05578,"i tried to get a game, got stuck up my dad's hand."
tifu-test-05579,"i told a joke of my friend's boss, i was supposed to tell it."
tifu-test-05580,"tried to get a girl, got caught my friend's house."
tifu-test-05581,"i tried to get a prank, ended up my friend's house."
tifu-test-05582,"i tried to pay a job, got my car and i didn't know it was not have the same money."
tifu-test-05583,"i tried to get a new room, ended up my house."
tifu-test-05584,"i tried to get a dog, got caught my house."
tifu-test-05585,i tried to get a bottle of my house.
tifu-test-05586,"i tried to get a picture of my laptop, ended up the computer."
tifu-test-05587,"i tried to get a joke, got my friend was an school."
tifu-test-05588,"i tried to get a big kid, got caught my head of the first day."
tifu-test-05589,"i tried to get a new car, got stuck up the road."
tifu-test-05590,"i tried to get a big job, got caught my head of the first time."
tifu-test-05591,"i was going to get a bus, got caught the car."
tifu-test-05592,"tried to get a guy, got caught out of the door."
tifu-test-05593,"i tried to get a car, got stuck up my foot."
tifu-test-05594,"i tried to get a middle of my foot and ended up the floor,"
tifu-test-05595,"i tried to get a new apartment, but i was stuck up the first time."
tifu-test-05596,"i was a wrong of my boss, i didn't go to get the first day."
tifu-test-05597,"i tried to get a girl, but i didn't know it was going out of my mother."
tifu-test-05598,"went to get a girl, got drunk in the bathroom and ended up my house."
tifu-test-05599,"i tried to get a few day, got stuck up my house and i was going out of the first time."
tifu-test-05600,"i tried to get a girl, got caught up with my mom's family."
tifu-test-05601,i was a kid in my friend's house.
tifu-test-05602,"i didn't be a hospital, i had have get the doctor."
tifu-test-05603,"i tried to get a chicken of my nose, got caught the fire."
tifu-test-05604,"i was a girl, i didn't know it."
tifu-test-05605,"i was a joke of my dad's brother, i didn't know it."
tifu-test-05606,"i tried to get a car, got stuck up the road."
tifu-test-05607,"i tried to get a girl, but i didn't know it."
tifu-test-05608,"i tried to get a shower, got my face of the hair."
tifu-test-05609,"tried to make a freezer, ended up my house."
tifu-test-05610,"i got a lot of my foot, ended up in the school."
tifu-test-05611,"i was a lot of my house, got stuck up in the bathroom."
tifu-test-05612,"tried to get a dog and got my house,"
tifu-test-05613,"i was a guy, i didn't get my boss."
tifu-test-05614,"i tried to get a doctor, i didn't go out of my hand."
tifu-test-05615,"tried to get a guy, got caught up with the police."
tifu-test-05616,i was a lot of my friend and now i'm not have be going to make me.
tifu-test-05617,"i tried to get a fire and got caught my house, ended up the floor."
tifu-test-05618,i tried to be a wrong of my phone.
tifu-test-05619,i told my friend was a girl.
tifu-test-05620,"i tried to get a guy with my friend, i'm married up out of me."
tifu-test-05621,"i tried to get a girl, got caught my face of the fire."
tifu-test-05622,"tried to get a girl, got drunk with my girlfriend."
tifu-test-05623,"tried to get a shower, got stuck up in the bathroom."
tifu-test-05624,"tried to get a girl, got caught up my foot and ended out of the school."
tifu-test-05625,"tried to make a roof, got burnt up my house."
tifu-test-05626,"tried to get a car, got stuck up the door."
tifu-test-05627,"tried to get a girl, got caught out of the first time."
tifu-test-05628,i'm a dog in the bathroom.
tifu-test-05629,"tried to get a girl, got my penis."
tifu-test-05630,"i tried to get a girl with my vagina,"
tifu-test-05631,"i went to get a toilet, ended up the bathroom."
tifu-test-05632,"i was a girl of my girlfriend, i had been to get the first day."
tifu-test-05633,i tried to get a girl with my girlfriend.
tifu-test-05634,"i tried to get a car, got stuck up my house."
tifu-test-05635,"i tried to get a dick, ended up my penis."
tifu-test-05636,"tried to get a beach, got stuck up the fire."
tifu-test-05637,"i tried to get a new friend, i was stuck up my boss and got caught it's computer."
tifu-test-05638,"i was a new phone, i didn't be the fire."
tifu-test-05639,"i ate a lot of my stomach, ended up in the toilet."
tifu-test-05640,"i tried to get a new laptop, got stuck up my phone."
tifu-test-05641,"i tried to get a girl, ended up my friend and got drunk."
tifu-test-05642,"i tried to get a new phone, got stuck up my friend."
tifu-test-05643,"tried to get a cat, got caught up my house."
tifu-test-05644,"i tried to get a girl with my girlfriend, now i didn't know it."
tifu-test-05645,"i tried to get a girl, ended up my friend and i was going out of the first time."
tifu-test-05646,"i tried to get a girl, got caught my friend."
tifu-test-05647,i tried to get a girl with my friend.
tifu-test-05648,"i tried to get a shower, got caught my car and ended up the bathroom."
tifu-test-05649,"tried to be a girl, ended up my face."
tifu-test-05650,"tried to get a shower, ended up my face of the bathroom."
tifu-test-05651,"i was going to get a school, i didn't know my teacher."
tifu-test-05652,"i tried to get a new girl, got my girlfriend and i was stuck up it."
tifu-test-05653,"i tried to make my thumb of the shower,"
tifu-test-05654,i was a guy in my friend and got caught out of the party.
tifu-test-05655,"tried to get a bike, got stuck up my car."
tifu-test-05656,"i tried to get a new computer of my laptop, but i didn't know it was the file."
tifu-test-05657,"i tried to get a girl, but i didn't know her girlfriend."
tifu-test-05658,"tried to get a car, ended up the road."
tifu-test-05659,"tried to make a knife, got stuck up my thumb."
tifu-test-05660,"i tried to get a new car, ended up my house."
tifu-test-05661,i tried to get a dog and i was stuck up my nose.
tifu-test-05662,"i tried to get a new house, got caught the door."
tifu-test-05663,"i tried to get a wrong of the door, ended up my car."
tifu-test-05664,"i tried to get a girl, ended up my girlfriend."
tifu-test-05665,i tried to be a new phone and now i didn't know it.
tifu-test-05666,"i was going to get a girl, i didn't know it."
tifu-test-05667,"i tried to get a little dog, i was stuck up my nose."
tifu-test-05668,"tried to get a girl, got caught out of my mom's house."
tifu-test-05669,"i tried to get a shower, but i didn't go out of my foot."
tifu-test-05670,"i tried to get a new house, got stuck up the room."
tifu-test-05671,"i tried to get a new dog, got stuck up my car."
tifu-test-05672,i was a girl in the door.
tifu-test-05673,"i tried to get a girl, but i'm going out of my friend."
tifu-test-05674,"i tried to get a door, got stuck up my house."
tifu-test-05675,i was a guy in my friend and got to get the room.
tifu-test-05676,i tried to get a girl with my friend and got caught it was the first time.
tifu-test-05677,i tried to get a new job of my boss.
tifu-test-05678,"i tried to get a shower, got stuck up my house."
tifu-test-05679,"tried to get a girl, got caught my house."
tifu-test-05680,i tried to get a bottle of my car.
tifu-test-05681,"tried to get a shower, ended up the bathroom."
tifu-test-05682,"i tried to get a new job of my car, but i'm not have be going out."
tifu-test-05683,i tried to get a new job of my friend.
tifu-test-05684,"i tried to get a game, got stuck up with my hand."
tifu-test-05685,"i tried to get a new school, got caught my room and ended up the night."
tifu-test-05686,i tried to get a lot of my head.
tifu-test-05687,"i tried to get a shower, ended up my house."
tifu-test-05688,"i was a party with my friend's house, i had been drunk."
tifu-test-05689,"i tried to get a picture of my friend, i was sent it's phone."
tifu-test-05690,"i was a wrong of my teacher, got caught the school."
tifu-test-05691,"i tried to get a new room, ended up my house."
tifu-test-05692,"tried to get a guy, ended up my friend's house."
tifu-test-05693,"i tried to get a guy, got stuck up my head."
tifu-test-05694,"i tried to get a job of my boss, and i'm stuck up out."
tifu-test-05695,"i tried to get a bus, got caught my car."
tifu-test-05696,"i tried to make my house, got a shower and ended up the floor."
tifu-test-05697,"i tried to get a pizza, ended up my friend and got caught the first time of front."
tifu-test-05698,"i tried to get a cat dog, got caught my house."
tifu-test-05699,"i went to get a girl, got drunk with my girlfriend."
tifu-test-05700,"i tried to make a fire, got burnt my house."
tifu-test-05701,"i was a wrong of my boss, got caught to get the school."
tifu-test-05702,i was a job of my boss and i didn't be the business.
tifu-test-05703,"i was a job, i'm my boss."
tifu-test-05704,"i tried to get a little kid, got my mom's house and now i didn't know it."
tifu-test-05705,"i tried to get a room, got my house and ended up the door."
tifu-test-05706,"i tried to get a car, ended up my house."
tifu-test-05707,"i tried to get a big dog, got my nose and now i'm not have go out of the first time."
tifu-test-05708,"my friend was a girl, i'm my girlfriend and now she didn't know it."
tifu-test-05709,i tried to make a pizza and got my house.
tifu-test-05710,"i tried to get a friend, i'm married with my friends."
tifu-test-05711,"i tried to get a big girl, ended up my phone."
tifu-test-05712,"i tried to get a guy, got stuck up my head and ended out of the foot."
tifu-test-05713,"i tried to get a guy, ended up my boss and got stuck out of the bathroom."
tifu-test-05714,"i tried to get a bottle of my nose, ended up the bathroom."
tifu-test-05715,"i tried to make my mom's house, i was a lot of the fridge."
tifu-test-05716,i tried to play my dad's father.
tifu-test-05717,"i got a lot of my house,"
tifu-test-05718,"i tried to get a road, got caught my car and ended up the park."
tifu-test-05719,"i tried to get a hospital, ended up my knee and got sick."
tifu-test-05720,"i tried to get a girl, got drunk with my friend."
tifu-test-05721,"i was a job of my boss, got caught to get an guy."
tifu-test-05722,"i went to get a school, got caught up in the gym."
tifu-test-05723,"i was a girl, i didn't get my girlfriend."
tifu-test-05724,"i was a chicken of my house, i had been to make the first day."
tifu-test-05725,i was a girl.
tifu-test-05726,"i tried to eat my nose, got a fire and ended up the water."
tifu-test-05727,"went to get a train, got caught up with the police of my car."
tifu-test-05728,"i went to get a girl, got caught my girlfriend and ended up the first day."
tifu-test-05729,"i tried to get a girl,"
tifu-test-05730,"i tried to get a new room, i was stuck up my phone."
tifu-test-05731,"i tried to get a water, got caught the bathroom and ended up with my house."
tifu-test-05732,i was a shower in my room and ended up the bathroom.
tifu-test-05733,"tried to get a party, got caught up with my wedding."
tifu-test-05734,"i was a dog of my cat, i tried to get the tree."
tifu-test-05735,"i tried to get a new phone, i didn't know it was going out."
tifu-test-05736,"i tried to eat my house, i ate up a chicken."
tifu-test-05737,"i got drunk in my car and ended up a bottle,"
tifu-test-05738,"i tried to get a bike, got stuck up my car."
tifu-test-05739,"tried to get a girl, got stuck up with my phone."
tifu-test-05740,"i tried to play a game, got stuck up my friend."
tifu-test-05741,"tried to get a girl, got caught up my foot."
tifu-test-05742,"i tried to get a new girl, i didn't know it was going out."
tifu-test-05743,"i went to get a girl, got caught out of my friend."
tifu-test-05744,"got drunk, got a shit and ended up my house."
tifu-test-05745,"tried to get a party, got my house."
tifu-test-05746,i tried to get a chicken of my house.
tifu-test-05747,tried to send my phone.
tifu-test-05748,"i tried to get a girl, got caught up with my friend."
tifu-test-05749,"i didn't be a car,"
tifu-test-05750,"i tried to get a girl, got drunk with my girlfriend."
tifu-test-05751,"i tried to get a girl, ended up my house."
tifu-test-05752,"tried to get a girl, got caught up with my face of the first day."
tifu-test-05753,"i got drunk with my house and ended up a shit,"
tifu-test-05754,"i went to get a shower and got my house, ended up the bathroom."
tifu-test-05755,"i tried to get a girl with my sister's house and she was married,"
tifu-test-05756,"i tried to get a girl, ended up my friend's school."
tifu-test-05757,"i tried to get a new car, got stuck up my house."
tifu-test-05758,"i got a lot of my friend, ended up with the first day."
tifu-test-05759,"i tried to get a shower, got stuck up my phone."
tifu-test-05760,"i was a new phone, got my boss and i'm busy to get the job."
tifu-test-05761,"i was a lot of my nose, i didn't get the hospital."
tifu-test-05762,"i tried to get a girl, got caught the bathroom."
tifu-test-05763,"i tried to get a kid, got caught my dad's house."
tifu-test-05764,"i tried to fix my computer, i didn't be a new internet of the same time."
tifu-test-05765,"i tried to get a kid, got caught my face of the school."
tifu-test-05766,"i tried to get a job, got my mom's money."
tifu-test-05767,"i tried to get a girl, got caught up with my house."
tifu-test-05768,"i went to get a girl, got caught my girlfriend and she was going out."
tifu-test-05769,"i was a wrong of the school, i didn't know it."
tifu-test-05770,"i went to get a girl, got caught my car and ended up out of the police."
tifu-test-05771,"i tried to get a new car, got stuck up my garage."
tifu-test-05772,"i tried to get a toilet, ended up my bathroom."
tifu-test-05773,"i tried to get a new house, ended up the door."
tifu-test-05774,"i tried to get a new friend's mom, but i didn't know it."
tifu-test-05775,"i tried to get a kid, got caught my dad's house."
tifu-test-05776,i tried to get a game of my friend and i was going out with the first time.
tifu-test-05777,"i tried to make my boss,"
tifu-test-05778,"i tried to get a doctor, got drunk in the hospital."
tifu-test-05779,"i tried to get a little girl, got caught my face of the first day."
tifu-test-05780,i was a picture of my parents's family and i'm going to see it.
tifu-test-05781,"i tried to get a girl, ended up my gym."
tifu-test-05782,"i was a guy in my friend's house, he didn't know it."
tifu-test-05783,"i was going to get a car, got caught out of the road."
tifu-test-05784,"i tried to make a fire of my house,"
tifu-test-05785,"tried to get a girl, got drunk with my friend."
tifu-test-05786,"i tried to get a girl with my girlfriend, but she was going out of the date."
tifu-test-05787,"i tried to get a shower and got my pants,"
tifu-test-05788,"tried to be a guy, ended up out of my phone."
tifu-test-05789,"tried to get a girl, got stuck up with my face."
tifu-test-05790,"i told a girl, i was going to tell me."
tifu-test-05791,"tried to get a dentist, ended up my nose."
tifu-test-05792,"i went to get a school, got caught my friend."
tifu-test-05793,"i tried to eat my house and got a shower,"
tifu-test-05794,"i tried to get a new room, ended up my house and i was stuck in the floor."
tifu-test-05795,"i tried to play my friend, got a party of the game."
tifu-test-05796,"i tried to sleep with my bedroom, ended up a shower."
tifu-test-05797,"i tried to get a girl, ended up my friend was an school."
tifu-test-05798,"i tried to get a new car, got caught up the road and ended out of my house."
tifu-test-05799,i tried to be a job of my boss.
tifu-test-05800,"i was going to get a bus, got caught the school."
tifu-test-05801,"i tried to get a new job of my boss, and got stuck up the first time."
tifu-test-05802,"i tried to make a fire, got burnt up my house."
tifu-test-05803,"i tried to get a shower,"
tifu-test-05804,i was a lot of my car.
tifu-test-05805,"tried to get a knife, got cut my finger with the razor."
tifu-test-05806,"i tried to get a new camera, i didn't have go out of the same time."
tifu-test-05807,"i tried to get a little brother, got caught my dad's house."
tifu-test-05808,"i tried to get a girl, ended up my penis."
tifu-test-05809,"i was a guy, i didn't know it's name."
tifu-test-05810,"i tried to get a guy, got drunk and i was going out of my friend."
tifu-test-05811,"tried to get a girl, ended up out of my boss."
tifu-test-05812,"i got drunk in my house, ended up on the bathroom."
tifu-test-05813,"i tried to get a new car, got stuck up my house."
tifu-test-05814,i tried to make a bottle of my house.
tifu-test-05815,"i tried to get a girl,"
tifu-test-05816,"i tried to get a girl, ended up my girlfriend and i was going out of the first time."
tifu-test-05817,"i tried to get a picture of my phone, i was stuck up the first time."
tifu-test-05818,"i went to get a girl, got drunk with my girlfriend."
tifu-test-05819,"i tried to get a new friend, got caught up with my boss."
tifu-test-05820,"i went to get a new job, got caught up in the car."
tifu-test-05821,"i went to get a toilet, ended up my bathroom."
tifu-test-05822,"tried to get a road, got caught my car and ended up the train."
tifu-test-05823,"i was a lot of my house, got to get fire."
tifu-test-05824,"i tried to get a girl, got drunk with my girlfriend and ended up out."
tifu-test-05825,"i tried to get a girl, got caught out of my girlfriend."
tifu-test-05826,"i tried to get a new band of my ear, got stuck up the first time."
tifu-test-05827,"i tried to get a girl, got drunk with my girlfriend."
tifu-test-05828,"i fucked up my phone,"
tifu-test-05829,"i was a girl, got caught my girlfriend and i had been to get the first day."
tifu-test-05830,"tried to get a shower, ended up my house."
tifu-test-05831,"i tried to eat a pizza, ended up my house."
tifu-test-05832,"i was a girl, i'm going to get my girlfriend."
tifu-test-05833,"i tried to get a girl, got caught my car and ended up the bus."
tifu-test-05834,"i tried to get a new job, got my phone and ended up it was stuck out."
tifu-test-05835,"i went to get a guy, got caught out of my friend."
tifu-test-05836,"went to get a pool, got caught my house."
tifu-test-05837,"i tried to get a new phone of my boss, she was stuck up her mom."
tifu-test-05838,"i went to get a new car, got caught up my house and ended out of the bathroom."
tifu-test-05839,i tried to get a new computer and i didn't be my car.
tifu-test-05840,"i tried to get a bottle of my nose,"
tifu-test-05841,"i tried to get a new car, got caught up my house."
tifu-test-05842,"tried to get a shower, ended up my penis."
tifu-test-05843,i tried to get a little friend's family and i'm my mother was going to make the party.
tifu-test-05844,"tried to get a car, got caught my house."
tifu-test-05845,"i tried to use a fire of my face,"
tifu-test-05846,"i tried to get a new phone, got stuck up my car."
tifu-test-05847,i tried to make a fire of my house.
tifu-test-05848,"i was a girl, i"
tifu-test-05849,"i tried to get a new school, got caught up with my house."
tifu-test-05850,"i went to get a girl, got caught out of the school."
tifu-test-05851,"i tried to get a school, got caught my friend and ended up the police."
tifu-test-05852,"i tried to get a toilet, got caught my bathroom and ended up the floor."
tifu-test-05853,"i tried to get a new friend, i didn't know it was going out of my boss."
tifu-test-05854,"i was a guy, i didn't get the doctor."
tifu-test-05855,"i tried to get a girl, got an porn and ended up out of my internet."
tifu-test-05856,"i tried to get a car, got stuck up my friend and ended out of the road."
tifu-test-05857,"tried to get a doctor, got my nose with the hospital."
tifu-test-05858,"tried to get a girl, got caught up with my girlfriend."
tifu-test-05859,"i thought i was a wrong of my ass,"
tifu-test-05860,"i tried to get a dog and got my house, i was stuck up the cat."
tifu-test-05861,"i tried to get a car, got caught my house."
tifu-test-05862,"i tried to get a train, ended up the door and got caught my house."
tifu-test-05863,"i was a guy in my boss, got caught it's house."
tifu-test-05864,"i tried to get a girl with my friend's mom, she was going out of her sister."
tifu-test-05865,"i went to get a new door, got stuck up the bathroom."
tifu-test-05866,"tried to get a girl, got caught up with my girlfriend."
tifu-test-05867,"i tried to get my dog,"
tifu-test-05868,"i was a wrong of my school, got caught to get the first day."
tifu-test-05869,i was a lot of my house.
tifu-test-05870,"i was going to get a movie of the party, got drunk and ended up out."
tifu-test-05871,"tried to make a shower, ended up the bathroom and got my toilet."
tifu-test-05872,"i tried to get a big dog, got caught my house."
tifu-test-05873,"i tried to get a girl with my friend, i was going out of the first time."
tifu-test-05874,i was a lot of my nose and i didn't get the hospital.
tifu-test-05875,"i tried to get a new job, but i was going out of my boss."
tifu-test-05876,i tried to get a shit and ended up my toilet.
tifu-test-05877,"tried to take a shower, ended up my nose."
tifu-test-05878,i tried to play a new laptop and got my phone.
tifu-test-05879,i thought i was going to get a game.
tifu-test-05880,"i tried to get a kid, got caught my house."
tifu-test-05881,"i was a joke of my friend, i didn't be the same time."
tifu-test-05882,"i tried to get a kid, ended up my dad's house."
tifu-test-05883,"i was going to get a shower, ended up my house."
tifu-test-05884,"i tried to get a bottle of my nose, got caught it was drunk."
tifu-test-05885,"tried to get a shower, ended up my bathroom."
tifu-test-05886,"i was a joke of my friend, i didn't know it."
tifu-test-05887,"i tried to get a girl, got caught my friend."
tifu-test-05888,tried to be a movie of my face and ended up the middle night.
tifu-test-05889,i tried to be a new phone and i didn't get my own house.
tifu-test-05890,"tried to play a new girl, ended up the door."
tifu-test-05891,"tried to get a cat, got caught up my house."
tifu-test-05892,"tried to get a girl, got caught up my face of the first day."
tifu-test-05893,"i tried to get a girl, got drunk with my girlfriend."
tifu-test-05894,"i tried to get a new car, got stuck up my house."
tifu-test-05895,i was a joke of my friend and i didn't be the doctor.
tifu-test-05896,"i tried to make a fire and got my house,"
tifu-test-05897,"tried to get a shower, ended up the bathroom and got caught my house."
tifu-test-05898,"tried to make a shower,"
tifu-test-05899,"i was a girl, i didn't know my girlfriend."
tifu-test-05900,"i tried to get the door, got a lot of my house."
tifu-test-05901,"tried to get a girl, ended up out of my friend."
tifu-test-05902,"i was a guy in my dad's father, i didn't know it to get the school."
tifu-test-05903,"i was a lot of my boss, but i didn't be the coffee."
tifu-test-05904,"tried to get a beach, got caught my foot."
tifu-test-05905,"tried to get a glass, got stuck up my head."
tifu-test-05906,"i tried to get a guy, got drunk in my friend."
tifu-test-05907,"i tried to use a new car, ended up my car."
tifu-test-05908,i tried to get a picture of my friend's face.
tifu-test-05909,"i tried to make my house, got a shower and ended up the bathroom."
tifu-test-05910,"i thought i was a big friend's house,"
tifu-test-05911,"i went to get a girl, got caught my girlfriend and she was going out of her friend."
tifu-test-05912,"i tried to get a girl with my friend's girlfriend,"
tifu-test-05913,"i tried to get a girl, i'm my girlfriend and she didn't know her friend."
tifu-test-05914,i tried to eat a big dog and got caught my house.
tifu-test-05915,i tried to get a girl and got my mom's house.
tifu-test-05916,"i tried to get a girl, got my mom's house."
tifu-test-05917,"i tried to get a girl, but i was been an few day."
tifu-test-05918,"i tried to get a car, ended up my car and got stuck out of the road."
tifu-test-05919,"i tried to get a water, got my house."
tifu-test-05920,i tried to get a pizza and got my house.
tifu-test-05921,"i tried to get a girl, got caught my girlfriend and i was going out of the first time."
tifu-test-05922,"i told my friend was a job, i had been to get the doctor."
tifu-test-05923,"i tried to get a game of my friend, got stuck up the arm."
tifu-test-05924,"i tried to get a job, got fired up my boss."
tifu-test-05925,i was drunk with my friend and got a girl.
tifu-test-05926,"went to get a girl, got drunk with my friend."
tifu-test-05927,"i tried to get a guy, got my dad's mom and ended up out of the same time."
tifu-test-05928,"i tried to get a house, got caught my car and ended up the floor."
tifu-test-05929,"i tried to get a car, got stuck up the road."
tifu-test-05930,"i tried to make a fire, got burnt up my house."
tifu-test-05931,"i tried to make my house, ended up a lot of the fridge."
tifu-test-05932,"i tried to get a guy, got my car and i didn't go out of the police."
tifu-test-05933,"i was a new job of my boss, i didn't be an interview."
tifu-test-05934,"i tried to get a girl with my friend,"
tifu-test-05935,"i tried to get a guy, got caught my car."
tifu-test-05936,"i was a wrong of my friend, i didn't get the school."
tifu-test-05937,"tried to make a shower, ended up the bathroom and got out of my house."
tifu-test-05938,"i tried to get a little dog, got stuck up my arm."
tifu-test-05939,"i went to get a new friend, got caught the door and ended up my house."
tifu-test-05940,"i was a girl, i didn't know it's school."
tifu-test-05941,"i tried to get a bike, got stuck up my car."
tifu-test-05942,"i was a girl,"
tifu-test-05943,"i tried to get a guy, got caught my friend and ended up out of the first day."
tifu-test-05944,"i tried to get a girl, ended up my head of the hospital."
tifu-test-05945,"tried to get a shower, ended up my face of the bathroom."
tifu-test-05946,"i tried to make a pizza, got my friend's house."
tifu-test-05947,"i tried to get a bike, got stuck up my car."
tifu-test-05948,"i tried to get a shower, ended up my head of the floor."
tifu-test-05949,i tried to get a girl with my girlfriend.
tifu-test-05950,"i tried to get a job of my boss, ended up the first day."
tifu-test-05951,"i tried to get a new car, got stuck up my finger."
tifu-test-05952,i tried to get my mom's house and i was a new mother.
tifu-test-05953,"i tried to get a new job of my boss, ended up the first day."
tifu-test-05954,"i tried to get a girl, i was stuck up my car."
tifu-test-05955,"i tried to get a bottle,"
tifu-test-05956,"i tried to get a girl, got caught out of my car and ended up the police."
tifu-test-05957,"i tried to get a fire, got caught my house."
tifu-test-05958,"i tried to get a shower, ended up my bathroom."
tifu-test-05959,"i told a girl, i was going to go out of my friend."
tifu-test-05960,i was a cat of my dog.
tifu-test-05961,i was a friend of my dad's brother.
tifu-test-05962,"i was a wrong of my friend,"
tifu-test-05963,"i tried to make my house,"
tifu-test-05964,"tried to get a roof, got stuck up the door and ended out of my house."
tifu-test-05965,"i tried to get a bike, got stuck up my car."
tifu-test-05966,"i was a guy in my boss, got caught the door and i'm stuck up."
tifu-test-05967,"i tried to get a new door, ended up my car and got stuck out of the floor."
tifu-test-05968,i didn't be a wrong of my house.
tifu-test-05969,"i tried to get a girl, ended up my face of the first day."
tifu-test-05970,i tried to get a guy and got my friend's boss.
tifu-test-05971,"i tried to get a girl,"
tifu-test-05972,"i tried to get a lot of my house, ended up the first day."
tifu-test-05973,"i got drunk in my friend and ended up a party,"
tifu-test-05974,i tried to get a new room and ended up my laptop.
tifu-test-05975,i tried to get my face of a test.
tifu-test-05976,"i tried to get a shower and got my toilet,"
tifu-test-05977,"i tried to get a bottle of my nose,"
tifu-test-05978,"i went to get a girl, got caught up with my friend and i was going out of the same time."
tifu-test-05979,"i tried to get a new job, i didn't know it was going out of my mom."
tifu-test-05980,"i tried to get a girl, got drunk with my girlfriend."
tifu-test-05981,"tried to get a girl, got married with my girlfriend."
tifu-test-05982,"i tried to get a girl with my girlfriend, but she was going out of her friend."
tifu-test-05983,"i tried to get a new car, got stuck up my garage."
tifu-test-05984,"tried to get a exam, ended up my teacher."
tifu-test-05985,"i tried to get a big dog, got stuck up my finger of the first time."
tifu-test-05986,i tried to get a new job of my dentist.
tifu-test-05987,"tried to get a shower, ended up my face of the floor."
tifu-test-05988,i told my friend's brother and i was been a few day.
tifu-test-05989,"i tried to get a bathroom, got caught my house."
tifu-test-05990,"i tried to get a guy, got caught my car and ended up out of the street."
tifu-test-05991,"i tried to get a shit and got drunk,"
tifu-test-05992,"i tried to get a girl, ended up my face of the first time."
tifu-test-05993,"tried to get a shower, ended up the bathroom."
tifu-test-05994,"i tried to get a shit, got caught my house and ended up the bathroom."
tifu-test-05995,i was a guy in the road and got caught out of my car.
tifu-test-05996,"i was a joke of my friend,"
tifu-test-05997,"i tried to get a girl, ended up my hair."
tifu-test-05998,"i tried to get a party of my house, ended up the first day."
tifu-test-05999,i was a picture of my friend's new date.
tifu-test-06000,"i was a girl in my friend, i had to get the first day."
tifu-test-06001,"i tried to make a fire, got burnt up my house."
tifu-test-06002,"tried to get a girl, ended up my face of the shower."
tifu-test-06003,i tried to get my car and got a new apartment.
tifu-test-06004,"i was going to get a party with my friend, got drunk up out of the first day."
tifu-test-06005,"i tried to get a new job of my phone, and got stuck up the first time."
tifu-test-06006,i tried to get a shit of the toilet.
tifu-test-06007,"tried to get a girl, ended up my face of the foot."
tifu-test-06008,"i tried to buy a new store of my car, got stuck up it was going out."
tifu-test-06009,"tried to get a cat, got caught up my brother's house."
tifu-test-06010,"i tried to get a girl, ended up with the bathroom."
tifu-test-06011,i tried to get a new job of my boss.
tifu-test-06012,"i tried to get a new job, ended up my school."
tifu-test-06013,"i tried to get a girl with my friend, got caught out of the first time."
tifu-test-06014,"i tried to get a wrong of my phone, ended up the first time i didn't be an few hours."
tifu-test-06015,"i tried to get a new job, got caught my girlfriend and i was going out of the same day."
tifu-test-06016,"i tried to get a guy, ended up my boss and i was not have be the house."
tifu-test-06017,"i thought i was going to get a school, ended up my teacher."
tifu-test-06018,"tried to eat my bathroom,"
tifu-test-06019,"tried to make a shower, got stuck up my house."
tifu-test-06020,"i was going to get a party, but i didn't know it."
tifu-test-06021,"i was a wrong of my school,"
tifu-test-06022,"i tried to make a fire, got burnt my house."
tifu-test-06023,"i tried to get a shower, ended up my bathroom and got caught the toilet."
tifu-test-06024,"i tried to get a job, got caught my car."
tifu-test-06025,tried to get a new car.
tifu-test-06026,"i tried to get a snow, got stuck up my foot."
tifu-test-06027,"i tried to get a few school, got caught up the front of my friend."
tifu-test-06028,i tried to make my friend's face.
tifu-test-06029,"i tried to get a new car, got stuck up my house."
tifu-test-06030,"i tried to get a girl, got caught my car."
tifu-test-06031,"i tried to get a kid, got my brother's house."
tifu-test-06032,i tried to get a girl.
tifu-test-06033,"i was a job of my boss, and i'm supposed to be working."
tifu-test-06034,"i tried to get a car, got caught my house."
tifu-test-06035,"i tried to get a lot of my friend, ended up the first time."
tifu-test-06036,"tried to get a girl, ended up my nose."
tifu-test-06037,"i tried to get a game of my friend, ended up the first time."
tifu-test-06038,"i thought i was going to get a new job, and ended up my car."
tifu-test-06039,"i tried to get a big car, got stuck up my head."
tifu-test-06040,"i tried to get a glass, got stuck up my finger."
tifu-test-06041,"tried to get a girl, got caught up my face."
tifu-test-06042,"i was a big job and got my boss,"
tifu-test-06043,"i tried to get a car, got caught my phone."
tifu-test-06044,"i tried to get a big finger and got my nose, ended up out of the foot."
tifu-test-06045,"tried to get a dog, got caught my cat and ended up the house."
tifu-test-06046,"i tried to make a pot of the fire,"
tifu-test-06047,"i tried to use a new computer, got stuck up the fire and now i was fired it's house."
tifu-test-06048,"i went to get a shower and got caught my house, ended up with the floor."
tifu-test-06049,"tried to get a knife, got stuck up my finger."
tifu-test-06050,"i tried to make a fire, got burnt up my house."
tifu-test-06051,"i tried to get a kid, got caught my dad's mom."
tifu-test-06052,"i tried to get a dog, got caught my nose."
tifu-test-06053,"i tried to get a little kid, got stuck up the middle of my nose."
tifu-test-06054,"i was a kid in my mom's mother,"
tifu-test-06055,i tried to get a kid and got my dad's face of the dog.
tifu-test-06056,"tried to get a girl, got caught her girlfriend."
tifu-test-06057,"i tried to be a girl, i was been an new job."
tifu-test-06058,"i tried to get a girl, i didn't go out of my girlfriend."
tifu-test-06059,"i went to get a car, got caught my house."
tifu-test-06060,"i tried to get a new phone, but i was stuck up my toilet."
tifu-test-06061,"tried to take a shower, ended up my bathroom."
tifu-test-06062,"tried to eat a bottle, ended up my bathroom."
tifu-test-06063,"i tried to get a school, ended up my teacher and got caught the exam."
tifu-test-06064,"tried to take a shower, ended up my house."
tifu-test-06065,"i tried to get a movie of my friend, ended up the same night."
tifu-test-06066,"i tried to get a new school, got stuck up my teacher."
tifu-test-06067,"i was a joke of my friend, got caught it is going to get the first day."
tifu-test-06068,"i tried to get a girl, got caught my car and ended up the police."
tifu-test-06069,"tried to eat a cat, ended up with the freezer."
tifu-test-06070,"i didn't read my friend's school,"
tifu-test-06071,"i tried to get a girl, ended up my bathroom and got caught the toilet."
tifu-test-06072,"i was a job, i didn't get my boss."
tifu-test-06073,"i tried to get a picture of my friend, got caught the school."
tifu-test-06074,"tried to make a shower, ended up my bathroom."
tifu-test-06075,"i tried to get a new job, got caught my car."
tifu-test-06076,"i tried to get a girl, i'm married with my girlfriend."
tifu-test-06077,"i tried to get a shower, got my house and ended up the bathroom."
tifu-test-06078,"i tried to get a girl, got caught my friend and ended up out of the bathroom."
tifu-test-06079,"i got a girl, i was going to get drunk with my friend."
tifu-test-06080,"went to get a girl, got caught up with the bathroom."
tifu-test-06081,"i tried to get a big job, got stuck up my car."
tifu-test-06082,"i tried to get a guy, got caught my car and ended up the road."
tifu-test-06083,"i got a lot of my car, ended up in the toilet."
tifu-test-06084,"i tried to get a guy, got caught my friend and i was killed it."
tifu-test-06085,"i tried to make my house, got a shower and ended up the bathroom."
tifu-test-06086,i told my girlfriend's dad was a girl.
tifu-test-06087,"tried to get a shower, ended up my penis."
tifu-test-06088,"i tried to make a fire, got burnt my house."
tifu-test-06089,"i tried to get a new house, ended up out of the room."
tifu-test-06090,i tried to get a shower in my face of the school.
tifu-test-06091,"i'm a girl,"
tifu-test-06092,i tried to get a bag of my car.
tifu-test-06093,"i tried to get a door in my house, ended up the room."
tifu-test-06094,"i tried to get a girl, got drunk with my girlfriend."
tifu-test-06095,"i tried to get a glass, ended up my desk."
tifu-test-06096,"tried to get a store of the fridge, got stuck up with my boss."
tifu-test-06097,"i didn't get a exam, ended up my school."
tifu-test-06098,"i tried to get a girl, got caught my car and ended up the police."
tifu-test-06099,"i tried to get a new phone, got fired up my boss."
tifu-test-06100,"tried to make a girl with my girlfriend,"
tifu-test-06101,"i was a lot of my car, ended up in the bar."
tifu-test-06102,"i was a girl and my dad's mom, i"
tifu-test-06103,"i went to get a party, got caught out of my friend."
tifu-test-06104,"tried to take my house,"
tifu-test-06105,i tried to get a new car and got caught my wallet.
tifu-test-06106,"i tried to get a new car, got an bike and i'm stuck up the same job."
tifu-test-06107,"i tried to get a shower, ended up my house."
tifu-test-06108,"i tried to get a car in the door, got caught my house."
tifu-test-06109,"i tried to get a drink, got drunk and ended up my nose."
tifu-test-06110,"i tried to get a girl, got caught my mom's family and now i was going out."
tifu-test-06111,"tried to get a girl, ended up with my girlfriend."
tifu-test-06112,i was a guy in my boss and i didn't be the job.
tifu-test-06113,"i tried to get a new car, got stuck up my boss and ended out of the door."
tifu-test-06114,"i tried to get a new dog of my nose, i was stuck up the doctor."
tifu-test-06115,"i tried to get a girl, got caught up my friend."
tifu-test-06116,"i tried to get a new house, got stuck up the door."
tifu-test-06117,"tried to read a post of my friend,"
tifu-test-06118,"i tried to get a toilet, got caught my bathroom and ended up the floor."
tifu-test-06119,"i tried to get a car, got stuck up my house."
tifu-test-06120,"i tried to get a girl, got drunk in the bar of my girlfriend."
tifu-test-06121,"i thought i was a girl,"
tifu-test-06122,"i tried to get a girl, i was going out of my friend."
tifu-test-06123,"tried to get a big finger, got stuck up my face of the foot."
tifu-test-06124,"i tried to get a girl, ended up my face."
tifu-test-06125,"i tried to get a big game, got stuck up my head."
tifu-test-06126,"i tried to get a new job, got stuck up the same time of my house."
tifu-test-06127,"i tried to get a girl, got caught my friend and ended up out of the hospital."
tifu-test-06128,"i tried to get a girl, ended up my house."
tifu-test-06129,"i was going to get a girl, she didn't go out of my girlfriend."
tifu-test-06130,"went to get a train, got stuck up the door and ended out of my foot."
tifu-test-06131,i was a guy in my friend and he had to get the bar of his boss.
tifu-test-06132,i was a new computer of my phone and now i didn't have be it.
tifu-test-06133,"i tried to get a kid, got caught my dad's house."
tifu-test-06134,i tried to play my mom's dad.
tifu-test-06135,"tried to play a game, got caught up with my friend."
tifu-test-06136,i tried to be a computer of my phone.
tifu-test-06137,"i tried to get a bar in the door, got caught my house."
tifu-test-06138,"i told my dad's mom, she was a girl."
tifu-test-06139,"i was a guy in the kid, he got caught him to go out of my brother."
tifu-test-06140,"tried to get a dog, got stuck up my foot."
tifu-test-06141,"i tried to get a car, ended up in the road."
tifu-test-06142,"i tried to get a girl, got caught my girlfriend and ended up the house."
tifu-test-06143,"i tried to get a bunch of the train, got stuck up my head."
tifu-test-06144,"i tried to get a girl, got caught up with my friend."
tifu-test-06145,"i tried to get a guy, ended up my nose."
tifu-test-06146,i tried to get a girl with my friend.
tifu-test-06147,"i was a joke of my friend, i got to get the first day."
tifu-test-06148,"i got a lot of my head,"
tifu-test-06149,i was a wrong of the first day.
tifu-test-06150,"i tried to get a guy with my friend, i'm stuck up the first time."
tifu-test-06151,"tried to get a shower, ended up my dick."
tifu-test-06152,"i tried to get a new phone, ended up my ear."
tifu-test-06153,"i tried to get a girl, got caught up my friend and ended out of the first day."
tifu-test-06154,"tried to get a girl, got caught up with my girlfriend."
tifu-test-06155,"i tried to get a bar of my boss, got stuck up the microwave."
tifu-test-06156,"i tried to get a shower,"
tifu-test-06157,"i tried to make my house, got a shower and ended up the bathroom."
tifu-test-06158,"i tried to get a new band of my room, ended up the first time."
tifu-test-06159,"i tried to get my room,"
tifu-test-06160,"i tried to make my microwave,"
tifu-test-06161,"i tried to get a girl, got my friend and ended up out of the first day."
tifu-test-06162,"i tried to get a guy, got caught my head and ended up with the foot."
tifu-test-06163,i was a joke of my friend and i didn't know it.
tifu-test-06164,"tried to take a shower, ended up my house."
tifu-test-06165,"i tried to get a new car, got stuck up my mom's house."
tifu-test-06166,i tried to get a girl with my friend and i was scared up out.
tifu-test-06167,"i tried to get a party, got drunk with my house."
tifu-test-06168,"i got drunk in my friend, ended up a bathroom and now i was pissed out of the room."
tifu-test-06169,"i tried to get a new room, ended up my mom's house."
tifu-test-06170,"i went to get a girl, ended up my girlfriend and got caught the bathroom."
tifu-test-06171,"i tried to get a kid, got caught up the school."
tifu-test-06172,"i was a joke of my brother's family,"
tifu-test-06173,"i tried to get a lot of my head, got stuck up the fire."
tifu-test-06174,"tried to get a road, got caught my car."
tifu-test-06175,"i tried to get a new car, got stuck up the door."
tifu-test-06176,"i told my friend was a date, i didn't know it."
tifu-test-06177,"i didn't know i was a school,"
tifu-test-06178,i tried to get a new car.
tifu-test-06179,"i tried to get a job, ended up my boss."
tifu-test-06180,"i tried to get a few day of my nose, i didn't take the first time."
tifu-test-06181,"i was a guy of my brother's house,"
tifu-test-06182,"i went to get a girl, got caught up with my girlfriend."
tifu-test-06183,"i tried to get a dentist and got my nose, ended up the doctor."
tifu-test-06184,"i tried to get a few day, got caught up my foot."
tifu-test-06185,"i was a joke of my phone and i didn't be the wrong,"
tifu-test-06186,"tried to be a girl, ended up my house."
tifu-test-06187,"tried to make a girl,"
tifu-test-06188,"i tried to get a new school, got caught my friend and i was stuck up in the class."
tifu-test-06189,"tried to pick a dog,"
tifu-test-06190,"i went to get a girl, got caught up with the party and ended out of my foot."
tifu-test-06191,"i tried to get a new car, got caught the store of my wallet."
tifu-test-06192,"i was drunk with my girlfriend, got a party."
tifu-test-06193,"tried to get a new car, got stuck up the road."
tifu-test-06194,"i tried to get a class of the school,"
tifu-test-06195,"i tried to get a new car, got stuck up the road."
tifu-test-06196,"i tried to get a big job, ended up my boss."
tifu-test-06197,i tried to play my dad's computer and now i didn't get a new laptop.
tifu-test-06198,"i tried to get a lot of my nose, ended up the snow."
tifu-test-06199,"i tried to get a wrong of my house, got caught the bathroom and ended up in school."
tifu-test-06200,"i tried to make a big house, and got caught it was fired up the floor."
tifu-test-06201,"i told a guy, got caught my friend and i didn't get the doctor."
tifu-test-06202,"i tried to get a girl, got drunk in my house."
tifu-test-06203,"i went to make a shower, ended up my house."
tifu-test-06204,"tried to get a shower, got stuck up the toilet."
tifu-test-06205,"i tried to get a kid, got caught my friend's house."
tifu-test-06206,"i didn't read my teacher, i was a school."
tifu-test-06207,"i tried to get a girl, got drunk and ended up my friends."
tifu-test-06208,i got a game of the picture and but he didn't know it.
tifu-test-06209,"i tried to get a girl, got caught my mother's house."
tifu-test-06210,"i tried to make the toilet, got a shower and ended up my bathroom."
tifu-test-06211,"tried to play a band of the song, got stuck up it was playing."
tifu-test-06212,"i tried to get a new friend and got my car,"
tifu-test-06213,"tried to eat a dog, ended up the cat and got caught it."
tifu-test-06214,"i tried to get a shower, got my penis and ended up the bathroom."
tifu-test-06215,"i tried to get a girl, got drunk with my girlfriend."
tifu-test-06216,"i tried to get a girl, i'm married with my brother's dad."
tifu-test-06217,"i tried to get a girl, i was going out of my girlfriend."
tifu-test-06218,"i tried to get a girl, but i'm going out of my girlfriend."
tifu-test-06219,"i tried to get a girl, ended up my girlfriend and i was going out of the same time."
tifu-test-06220,"i got a job of my boss, i didn't have get pay the same day."
tifu-test-06221,"tried to make a picture of my friend, i was going to get the first time."
tifu-test-06222,i tried to get a picture of my dad's family.
tifu-test-06223,"i tried to get a bottle,"
tifu-test-06224,"i tried to get a girl, got my mom's house."
tifu-test-06225,"i tried to get a little kid, got caught up my foot."
tifu-test-06226,"i tried to get a new room, got drunk in the door and ended up my house."
tifu-test-06227,i tried to get a few day.
tifu-test-06228,i tried to get a shit and got my ass.
tifu-test-06229,"i tried to get a few school, i didn't have be the whole entire teacher."
tifu-test-06230,"tried to take a shower, ended up my toilet and got the bathroom."
tifu-test-06231,"i was a girl, i didn't know my mother's mom."
tifu-test-06232,"i tried to get a school, got caught my boss."
tifu-test-06233,"i tried to get a job and got my boss,"
tifu-test-06234,"i tried to get a new car, got caught it was going out of the police."
tifu-test-06235,"tried to take a shower, ended up my house."
tifu-test-06236,"i tried to eat a cat, ended up my nose."
tifu-test-06237,"i tried to get a bottle of my nose and got drunk,"
tifu-test-06238,"i tried to get a fire, got my ass of the first day."
tifu-test-06239,"i tried to get a bike and got caught my car, ended up the police."
tifu-test-06240,"i tried to get a girl, got caught up with my girlfriend."
tifu-test-06241,"i tried to eat my house,"
tifu-test-06242,"i tried to get a game, got stuck up my head of the hospital."
tifu-test-06243,"i tried to get a girl, ended up my friend and i was stuck out of the guy."
tifu-test-06244,"i tried to get a girl, ended up my boss."
tifu-test-06245,"i tried to get a girl, got caught my head."
tifu-test-06246,"i tried to eat my nose, got a lot of the first day."
tifu-test-06247,"i tried to get a plane, got stuck up my car."
tifu-test-06248,"tried to get a girl, got caught up my car."
tifu-test-06249,"tried to get a girl, got drunk with my friend."
tifu-test-06250,"i tried to get a doctor, ended up my nose and got caught the hospital."
tifu-test-06251,"i tried to get a shit, got my ass of the toilet."
tifu-test-06252,"tried to get a girl, got stuck up my phone."
tifu-test-06253,"i tried to get a girl, got caught my car."
tifu-test-06254,"i tried to get a girl, got caught up my foot of the road."
tifu-test-06255,"i tried to get a new job, but i didn't know it."
tifu-test-06256,"i tried to get a girl, got caught my friend and i was going out of the first time."
tifu-test-06257,"i tried to get a little dog, ended up my foot."
tifu-test-06258,"i was a girl, i had my mom's house."
tifu-test-06259,i tried to make a fire of my house.
tifu-test-06260,"i tried to get a girl, i was going out of my friend."
tifu-test-06261,"i tried to get a dog, got caught my house."
tifu-test-06262,"i tried to get a shower, got my nose and i'm stuck up the sun."
tifu-test-06263,"i tried to get a girl with my girlfriend, and now i'm going out of the first time."
tifu-test-06264,"i was a girl, i didn't know my friend."
tifu-test-06265,"tried to take a hospital, ended up my nose."
tifu-test-06266,"i tried to get a big kid, got caught the school."
tifu-test-06267,"i tried to get a movie of my mom's family,"
tifu-test-06268,"i went to get a toilet, ended up the bathroom and got caught my house."
tifu-test-06269,i tried to use a new computer and now i didn't get it.
tifu-test-06270,"i was a guy of my friend and i didn't know it,"
tifu-test-06271,"i went to get a room of my house, ended up in the bathroom."
tifu-test-06272,"i tried to get a bike, got stuck up my head and ended out of the road."
tifu-test-06273,"tried to get a shower, got caught my mom's house."
tifu-test-06274,"i tried to get a lot of my friend,"
tifu-test-06275,"i tried to get a new car, ended up my house."
tifu-test-06276,"i tried to get a kid, got caught my car and ended up out of the house."
tifu-test-06277,"i tried to get a big job, ended up my house."
tifu-test-06278,"i tried to get a new finger, got stuck up my thumb and i was not have be the first time."
tifu-test-06279,i tried to get a test of my nose.
tifu-test-06280,"tried to make a girl, ended up my face of the bathroom."
tifu-test-06281,i didn't pay my wallet.
tifu-test-06282,i was going to get a girl.
tifu-test-06283,"i tried to get a girl, ended up my head of the bus."
tifu-test-06284,"tried to get a shower, got my penis and ended up the bathroom."
tifu-test-06285,"i went to get a girl, got caught my house."
tifu-test-06286,"tried to get a shower, got stuck up my face."
tifu-test-06287,"i tried to get a guy, got caught out of the room."
tifu-test-06288,i tried to get a lot of my nose.
tifu-test-06289,"i tried to get a doctor, got my own job and now i'm stuck up the hospital."
tifu-test-06290,"i went to get a girl, got caught up with my friend of the first time."
tifu-test-06291,"tried to get a girl, got stuck up the shower."
tifu-test-06292,"tried to get a girl, ended up my house."
tifu-test-06293,"i was a lot of my boss, got to make the house."
tifu-test-06294,"i tried to get a car, got caught my neighbor's house."
tifu-test-06295,"i was a girl with my friend's girlfriend, i had been to get the guy."
tifu-test-06296,"i thought i was a little friend's brother, he didn't know it."
tifu-test-06297,"i tried to get a girl, got caught my phone."
tifu-test-06298,"tried to get a girl, ended up the hospital."
tifu-test-06299,"i tried to get a job, got stuck up my boss."
tifu-test-06300,"i tried to get a guy, got an few job of my boss."
tifu-test-06301,"tried to be a shower, ended up my room."
tifu-test-06302,"i tried to get a guy, got caught up my car."
tifu-test-06303,i was a lot of my head and got stuck up the road.
tifu-test-06304,"i tried to get a new house, got stuck up my face of the floor."
tifu-test-06305,"i tried to get my dad's house,"
tifu-test-06306,"i was a girl, got drunk with my girlfriend."
tifu-test-06307,"i tried to get a guy, got caught my friend and ended up the first day."
tifu-test-06308,i didn't make my mom's house and i was a shit.
tifu-test-06309,"i was a new date of my phone, now i didn't be the same time."
tifu-test-06310,"i tried to get a shower, ended up my bathroom and got the toilet."
tifu-test-06311,"i went to get a little kid, got caught up my house."
tifu-test-06312,"i tried to get a girl, ended up my penis."
tifu-test-06313,"i tried to get a girl, got caught up with my girlfriend."
tifu-test-06314,i was a picture of my friend's family and he had to be the first time.
tifu-test-06315,"i tried to get a girl with my girlfriend, she was married out of the date."
tifu-test-06316,"tried to get a dog, got caught out of my friend."
tifu-test-06317,"i tried to get a new school, got caught it was not have the whole job."
tifu-test-06318,"i tried to use my penis, got a shit and ended up it was not have get an dick."
tifu-test-06319,i tried to get a toilet and got my nose in the bathroom.
tifu-test-06320,"i tried to get a party, got drunk with my friend and ended up the first day."
tifu-test-06321,i tried to get a new computer of my car.
tifu-test-06322,"i tried to get a guy, got drunk and ended up my room."
tifu-test-06323,"i was a girl, i didn't know it's mom."
tifu-test-06324,"i tried to get a girl, got caught out of my girlfriend."
tifu-test-06325,"i tried to get a girl, got drunk in my face of the room."
tifu-test-06326,"i tried to get a job, got my boss."
tifu-test-06327,"i went to get a school, got caught up the class."
tifu-test-06328,"i tried to get a girl, ended up my head of the bar."
tifu-test-06329,"i tried to get a bunch of my house, ended up the train."
tifu-test-06330,"i tried to get a new car, got caught my house and i was fired up the police."
tifu-test-06331,"i went to get a girl, i was stuck up in the shower."
tifu-test-06332,"i tried to get a girl, got an school and ended up my teacher."
tifu-test-06333,"i was a guy to get my dad's house, he didn't know it."
tifu-test-06334,"i tried to eat my dog, got a cat and ended up the toilet."
tifu-test-06335,"i tried to get a new phone, got stuck up my car."
tifu-test-06336,"i tried to make a fire, got my house."
tifu-test-06337,"i was going to get a few day, but i didn't know it."
tifu-test-06338,"i tried to get a guy, ended up my boss."
tifu-test-06339,"i was a girl, i didn't get my girlfriend."
tifu-test-06340,i tried to play a new phone and ended up my laptop.
tifu-test-06341,"i tried to make my nose, ended up a shower of the face."
tifu-test-06342,"got drunk, got caught my house and ended up out."
tifu-test-06343,"i tried to get a wrong, got stuck up with my foot."
tifu-test-06344,"i tried to make my friend's house, i was a little day."
tifu-test-06345,"i was a guy in the school, got caught my boss and ended up to get an teacher."
tifu-test-06346,i was a guy of my friend's school.
tifu-test-06347,"i got a girl, i was going to get drunk with my girlfriend."
tifu-test-06348,"tried to make a girl, she didn't know her mother's mom."
tifu-test-06349,i was a kid and my brother's dad.
tifu-test-06350,"tried to get a girl, got caught up with my girlfriend."
tifu-test-06351,"i was a game of the first day, got caught up in my own night."
tifu-test-06352,"i told a friend of my girlfriend,"
tifu-test-06353,"i tried to buy a new computer, got stuck up my phone."
tifu-test-06354,"i went to get a kid, got caught my car and i was stuck up the house."
tifu-test-06355,tried to make a girl.
tifu-test-06356,"i was going to get a girl, got caught out of my girlfriend."
tifu-test-06357,"went to get a car, got caught my phone and ended up the police."
tifu-test-06358,"i tried to get a new ticket for the car, got stuck up."
tifu-test-06359,"i was a wrong of the bar, ended up in front."
tifu-test-06360,"i tried to get a girl, got drunk with my car."
tifu-test-06361,"i was a new job, i'm my boss."
tifu-test-06362,"i tried to get a new job, i didn't be the flight."
tifu-test-06363,"i tried to get a dog, got caught my cat and now i am going out of the house."
tifu-test-06364,i tried to get a shower and i didn't go out my face.
tifu-test-06365,i was a guy in my friend and got caught out of the room.
tifu-test-06366,"i was going to get a new car, got caught up my house."
tifu-test-06367,"i tried to get a crawl up my foot, ended out of the park."
tifu-test-06368,"i tried to get a new car, ended up out of the train and got caught my house."
tifu-test-06369,i tried to buy a bunch of my car.
tifu-test-06370,"tried to get a girl, ended up with my girlfriend."
tifu-test-06371,"i tried to get a kid, got my mother's house."
tifu-test-06372,"i told my friend was a girl, i didn't know it."
tifu-test-06373,i tried to get a new phone of my car.
tifu-test-06374,"i went to get a toilet, ended up my bathroom and got caught the floor."
tifu-test-06375,i tried to get a picture of my friend and ended up it was going out.
tifu-test-06376,"i was a wrong of my friend, i didn't get the school."
tifu-test-06377,i didn't know i'm a new job.
tifu-test-06378,"tried to get a trick of my finger, got stuck up the foot."
tifu-test-06379,"tried to get a pizza, ended up the restaurant."
tifu-test-06380,"i tried to get a girl, but i didn't know it."
tifu-test-06381,i was a kid and i didn't know it.
tifu-test-06382,"i went to get a girl, got caught out of my friend."
tifu-test-06383,"i tried to get a girl, i was stuck up my mom and ended out of the first day."
tifu-test-06384,"i tried to get a big dog, got my nose and ended up the first day."
tifu-test-06385,"i tried to get a new car, got caught up with my house."
tifu-test-06386,"i tried to get a shower and got my bathroom,"
tifu-test-06387,"i tried to make my house, i was a microwave in the kitchen."
tifu-test-06388,"i was a job of my boss, i didn't know it."
tifu-test-06389,"i tried to get a bottle, got drunk with my friend and ended up the bathroom."
tifu-test-06390,"i was a kid, i'm my mom's family and now he didn't know it."
tifu-test-06391,"i was a job of my boss, and i didn't get an few weeks."
tifu-test-06392,"i tried to get a girl with my girlfriend, but i was going out of the first day."
tifu-test-06393,"i was a girl, i'm going to get my girlfriend."
tifu-test-06394,"i tried to get a girl, ended up my house."
tifu-test-06395,"i'm a picture of my friend's girl,"
tifu-test-06396,"i tried to get a picture of my friend, but i was going to go out."
tifu-test-06397,"i tried to get a big friend, got caught up my face of the first day."
tifu-test-06398,"i tried to get my house and got a shower,"
tifu-test-06399,"i tried to be a test of my ass,"
tifu-test-06400,"i tried to get a new internet of my phone, and i didn't know it's family."
tifu-test-06401,"i tried to get a chicken, got caught it was an few day."
tifu-test-06402,"tried to get a shower, got caught my penis and ended up the bathroom."
tifu-test-06403,"i tried to get a guy, got caught my friend."
tifu-test-06404,"i tried to make a bottle of my house,"
tifu-test-06405,i tried to make a recipe of my mother's house.
tifu-test-06406,"i tried to get a car, got stuck up my house."
tifu-test-06407,i was a girl with my girlfriend and she didn't be her mom's friend.
tifu-test-06408,"i tried to get a movie of my house, i didn't see the night."
tifu-test-06409,"i tried to get a dog, got caught up my cat and now i'm scared out."
tifu-test-06410,"tried to get a car, got stuck up the road."
tifu-test-06411,"i tried to get a guy, got caught up the hospital."
tifu-test-06412,i tried to get a new finger and got my face of the first day.
tifu-test-06413,"tried to get a dog, got stuck up my car."
tifu-test-06414,"i tried to get a girl, ended up out of my face."
tifu-test-06415,"i tried to get a party, got drunk and ended up my house."
tifu-test-06416,"i tried to get a car, got stuck up the door."
tifu-test-06417,"i was a girl, i didn't know her mother's mom."
tifu-test-06418,"i went to get a hospital and got caught my house, ended up the water."
tifu-test-06419,"i tried to get a picture of my friend, i was stuck up it."
tifu-test-06420,"i tried to get a cat in my house, ended up the floor."
tifu-test-06421,i tried to get a pot of my house.
tifu-test-06422,"i was a room in the door, ended up my house."
tifu-test-06423,"i tried to get a school, got caught my friend and i didn't know it was going out of the first time."
tifu-test-06424,"i was going to get a girl,"
tifu-test-06425,"i tried to get a new room, ended up the fire of my house."
tifu-test-06426,"tried to get a girl, got married with my girlfriend."
tifu-test-06427,"i tried to get a girl, ended up my girlfriend and i was stuck out."
tifu-test-06428,"tried to get a shower, ended up my face of the bathroom."
tifu-test-06429,"i tried to get a picture of the party, ended up my boss."
tifu-test-06430,"i tried to get a girl with my girlfriend, she was going out."
tifu-test-06431,"i told a girl, i was going to go out of my friend."
tifu-test-06432,"i tried to be a dog of my nose,"
tifu-test-06433,"i tried to get a shower, got my bathroom and ended up the toilet."
tifu-test-06434,"i was a job of my boss, i didn't be the work."
tifu-test-06435,"i was a job of my boss, and i'm going to be the office."
tifu-test-06436,"i tried to get a shower, ended up my face."
tifu-test-06437,"tried to get a big ear, ended up my finger."
tifu-test-06438,"i went to get a girl, got caught up with my foot."
tifu-test-06439,"i tried to get a girl, but i didn't know it was going out of my girlfriend."
tifu-test-06440,i tried to get a new computer of my internet.
tifu-test-06441,i was a wrong of my phone.
tifu-test-06442,"i tried to get my car, got a door and ended up the garage."
tifu-test-06443,"i thought i was a little friend's house,  "
tifu-test-06444,"i tried to get a bottle, got drunk and ended up my house."
tifu-test-06445,"i tried to get a little thing, and got stuck up my house."
tifu-test-06446,"i tried to get a girl, got caught my girlfriend and ended up out of the guy."
tifu-test-06447,"i tried to get a girl, got caught my friend and ended up the school."
tifu-test-06448,"i tried to make my car and got a bottle,"
tifu-test-06449,"i tried to wash the toilet,"
tifu-test-06450,"i tried to get a girl, ended up my girlfriend and then i'm not have the same time."
tifu-test-06451,"i tried to make a pizza,"
tifu-test-06452,"i tried to get a girl, she was caught my girlfriend and ended up her friend."
tifu-test-06453,"i tried to get a shower, ended up my bathroom and got caught the toilet."
tifu-test-06454,"went to get a girl, got caught up with my girlfriend and ended out of the house."
tifu-test-06455,"i was a girl, i didn't get my girlfriend."
tifu-test-06456,"i was a lot of my car,"
tifu-test-06457,"i tried to get a big friend, got caught my house."
tifu-test-06458,"tried to get a cat dog, got stuck up my house."
tifu-test-06459,i tried to get a water and got my foot.
tifu-test-06460,"i tried to get a guy, got caught my boss."
tifu-test-06461,"i tried to get a new phone, got stuck up my car."
tifu-test-06462,"i was a game of my friend, got to get the school."
tifu-test-06463,"i tried to get a new school, got caught up my friend."
tifu-test-06464,"i went to get a girl, got married with my mom's mother and i was going out of the family."
tifu-test-06465,i tried to get a kid and got my head of the school.
tifu-test-06466,"i was a job of my boss, got to be the office."
tifu-test-06467,"i tried to get a shit, got my house and ended up the bathroom."
tifu-test-06468,"i tried to eat my house, got a lot of the microwave."
tifu-test-06469,i tried to get a picture of my phone.
tifu-test-06470,i was a girl in my friend and i had to make the school.
tifu-test-06471,"i tried to get a girl, got caught the bathroom and ended up my house."
tifu-test-06472,i tried to watch a video of my phone.
tifu-test-06473,i got a picture of my mom's house.
tifu-test-06474,"tried to get a guy, ended up my head."
tifu-test-06475,"i tried to get a guy, ended up my house."
tifu-test-06476,"i was a girl, i didn't know my girlfriend."
tifu-test-06477,"i tried to get a girl, got caught the school of my friend."
tifu-test-06478,"i was a girl, i didn't know my girlfriend."
tifu-test-06479,"i tried to get a new phone, now i didn't know it was not have the same job."
tifu-test-06480,"i was a lot of the first day, got caught to get an few days."
tifu-test-06481,"i tried to get a new house, ended up my face."
tifu-test-06482,"i didn't get a doctor and got sick, i had have be the hospital."
tifu-test-06483,"i tried to get a new job, got stuck up my face."
tifu-test-06484,"i was going to get a restaurant, ended up in the bathroom."
tifu-test-06485,"i tried to get a door, got my house."
tifu-test-06486,"i tried to get a dog, got my cat's house."
tifu-test-06487,i tried to buy a few weeks of my car.
tifu-test-06488,"tried to make a girl, got my friend's face of the first day."
tifu-test-06489,"tried to get a shower, ended up my penis."
tifu-test-06490,"i tried to get a knife, i didn't know it was cut my eye."
tifu-test-06491,"i was a lot of my friend,"
tifu-test-06492,"i tried to get a girl, ended up my friend and i was going out of the school."
tifu-test-06493,"i tried to get a girl, got caught up with my friend and ended out."
tifu-test-06494,"i tried to get a new phone,"
tifu-test-06495,i was going to get my friend's house.
tifu-test-06496,"tried to get a girl, got caught up with my girlfriend."
tifu-test-06497,"i tried to get a girl, got my mom's mother and now i was going out of the same time."
tifu-test-06498,"i tried to get a new room, ended up the door."
tifu-test-06499,"went to get a girl, got caught out of my friend was drunk."
tifu-test-06500,"i went to go out of my bathroom, ended up the toilet."
tifu-test-06501,i was a hot of my house.
tifu-test-06502,"tried to get a car, got caught the road and ended up my phone."
tifu-test-06503,"i got drunk with my friend's house,"
tifu-test-06504,"i tried to get a few weeks of my car, i didn't know it was going out."
tifu-test-06505,"tried to get a toilet, got stuck up my bathroom."
tifu-test-06506,"i tried to get a chicken, got stuck up my nose."
tifu-test-06507,"i tried to get a girl, got drunk and ended up my car."
tifu-test-06508,i tried to get a guy.
tifu-test-06509,i didn't know i was a new friend's house.
tifu-test-06510,"i was a girl, i didn't get the school."
tifu-test-06511,"i tried to get a girl, got drunk my mom's house."
tifu-test-06512,"i'm a guy,"
tifu-test-06513,"i tried to get a new car, ended up the door."
tifu-test-06514,i was a fire of my house.
tifu-test-06515,"i tried to get a fire, got caught my house."
tifu-test-06516,"i tried to get a bottle of my nose,"
tifu-test-06517,i was a lot of my boss and i didn't know it.
tifu-test-06518,"i tried to get a girl, ended up my house in the bathroom."
tifu-test-06519,"i tried to get a guy, got caught my car and ended up the door."
tifu-test-06520,"i was a guy in the door, got caught out of my house."
tifu-test-06521,i was a guy in the room and got caught out of my house.
tifu-test-06522,"i tried to get a new car, but i'm stuck up my house."
tifu-test-06523,"tried to get a bathroom, ended up the door."
tifu-test-06524,"i got a girl with my friend's phone,"
tifu-test-06525,"i was a lot of my car, got caught up in the bathroom."
tifu-test-06526,"i was drunk with my friend,"
tifu-test-06527,"tried to get a shower, got stuck up my foot."
tifu-test-06528,"i went to get a party, got drunk and ended up the last day."
tifu-test-06529,i tried to read a few time of my first day.
tifu-test-06530,"i tried to get a girl, got drunk with my girlfriend."
tifu-test-06531,"i tried to get a new car, got caught up with my house."
tifu-test-06532,"i was a guy, i'm going to get my boss."
tifu-test-06533,i was a lot of my house.
tifu-test-06534,"i tried to play a girl, got stuck up with my mom."
tifu-test-06535,"i tried to read a test of my friend, i was been the school."
tifu-test-06536,"i tried to get a shower and got my bathroom,"
tifu-test-06537,"i went to get a girl, got caught my house."
tifu-test-06538,"i was a chicken, i ate up my house."
tifu-test-06539,"i was a wrong of the school,"
tifu-test-06540,i tried to make a chicken of my house.
tifu-test-06541,"i tried to get a kid, got stuck up my head."
tifu-test-06542,"i tried to get a new friend's house, got stuck out of my brother."
tifu-test-06543,"i was a girl, got drunk with my friend's house."
tifu-test-06544,"i tried to get my nose and got a shower,"
tifu-test-06545,"i went to get a girl, got drunk with my girlfriend."
tifu-test-06546,"i was going to get a new girl, i didn't know it."
tifu-test-06547,"i was a wrong of the door, ended up my bus."
tifu-test-06548,"i tried to get a ticket for my car, got stuck up out of the game."
tifu-test-06549,"i tried to get a guy, got caught my car."
tifu-test-06550,"i went to get a girl, got caught my house."
tifu-test-06551,"i tried to get a girl, got my nose."
tifu-test-06552,"i was a new day of my car, got stuck up the door."
tifu-test-06553,"i tried to get a girl, i'm my friend and now he was going out of the same time."
tifu-test-06554,i tried to be a guy and he was my penis.
tifu-test-06555,"i tried to get a car, got stuck up my head of the road."
tifu-test-06556,"i tried to get a car, got caught my dad's house."
tifu-test-06557,"i tried to get a pizza,"
tifu-test-06558,"i tried to get a new job, i was fired up my phone."
tifu-test-06559,"i was a joke of my friend,"
tifu-test-06560,"tried to get a shower, ended up the bathroom."
tifu-test-06561,"i tried to get a car, ended up my house."
tifu-test-06562,"i tried to get a girl, she was stuck up my girlfriend."
tifu-test-06563,"i tried to get a car, got stuck up my bike."
tifu-test-06564,"i was a shit,"
tifu-test-06565,i tried to use my nose.
tifu-test-06566,i tried to get a dick and got my penis.
tifu-test-06567,"i went to get a girl, got caught my girlfriend and ended up the bathroom."
tifu-test-06568,"i was a pissed my toilet,"
tifu-test-06569,"i tried to get a shower, ended up my face of the bathroom."
tifu-test-06570,"i tried to get a shower, ended up my house."
tifu-test-06571,"i tried to get a wrong of my head, got stuck up the first time."
tifu-test-06572,"i drank a bottle of my friend and got drunk,"
tifu-test-06573,"tried to get a girl, got caught the bathroom."
tifu-test-06574,"i tried to make my mom's house, i was a little brother."
tifu-test-06575,"i tried to get a few day, i didn't have be sick."
tifu-test-06576,"i was a job of my boss, and i didn't be going to work."
tifu-test-06577,"i tried to get a dog and got my car,"
tifu-test-06578,i tried to play my dad's computer and now i was a new laptop.
tifu-test-06579,"i tried to get a girl, got caught my girlfriend and ended up out of the house."
tifu-test-06580,i tried to get a new car and got stuck up my house.
tifu-test-06581,"i tried to get a cat, got caught my house and ended up the bathroom."
tifu-test-06582,"i tried to get a guy, got drunk and ended up my head of the road."
tifu-test-06583,i tried to fix my phone and got a new computer.
tifu-test-06584,"tried to eat a bathroom, ended up the toilet."
tifu-test-06585,"tried to get a shower, got stuck up my foot."
tifu-test-06586,"i was a lot of my boss, i didn't be the bathroom."
tifu-test-06587,"i tried to get a girl with my girlfriend, she was married up out of her friend."
tifu-test-06588,"i was a big job, i didn't be the hospital."
tifu-test-06589,"i tried to get a girl, got drunk with my girlfriend and ended up the car."
tifu-test-06590,"i tried to get a new phone, got caught my dad's house."
tifu-test-06591,"i tried to get drunk with my house, got a party and ended up in the bathroom."
tifu-test-06592,i tried to buy my friend and got a few day.
tifu-test-06593,"i tried to get my friend, got a hospital and ended up out of the doctor."
tifu-test-06594,"tried to get a shower, got my head and ended up the bathroom."
tifu-test-06595,"i tried to get a girl, but i didn't know it was going out of my girlfriend."
tifu-test-06596,"i was a joke of my friend and got drunk,"
tifu-test-06597,"i tried to get a guy, got stuck up the school."
tifu-test-06598,"tried to get a car, got caught my dad's house."
tifu-test-06599,"tried to be a big friend, ended up out of the first time."
tifu-test-06600,"i went to get a car and got drunk,"
tifu-test-06601,"i tried to get a girl, got caught my mom's house."
tifu-test-06602,"i tried to get a guy, got stuck up my house."
tifu-test-06603,"i tried to get a girl, but i was stuck up my ass."
tifu-test-06604,"tried to get a girl, got caught up with my girlfriend."
tifu-test-06605,"i tried to eat my coffee,"
tifu-test-06606,"i tried to get a new computer of my phone, but i'm stuck up the first time."
tifu-test-06607,"i tried to get a guy, got stuck up in the door."
tifu-test-06608,"went to get a girl, got caught my car."
tifu-test-06609,"i tried to eat a chicken of my cat, ended up it was going out."
tifu-test-06610,"i tried to get a school, ended up the class of my teacher."
tifu-test-06611,"i tried to get a car, got caught my house."
tifu-test-06612,"tried to get a fire, got caught my friend."
tifu-test-06613,i was a game of my friend.
tifu-test-06614,"i tried to get a new girl, i was not be been it."
tifu-test-06615,"i tried to get a party, got caught my house."
tifu-test-06616,"i tried to get a girl with my friend, i'm married out of the first time."
tifu-test-06617,"i got a job of my boss, and i didn't have be an few weeks."
tifu-test-06618,"i tried to get a girl, ended up my penis and got caught the first time."
tifu-test-06619,"i tried to eat my house, got a few day."
tifu-test-06620,i tried to get a girl with my friend.
tifu-test-06621,"i went to go home with my mom's family, got a party and now i didn't know it."
tifu-test-06622,i tried to get a game of my friend.
tifu-test-06623,"tried to get a big nose, got caught up my foot."
tifu-test-06624,i was a lot of my head and got caught to get the road.
tifu-test-06625,"i was a lot of my nose, i didn't have be the doctor."
tifu-test-06626,"tried to get a girl, ended up with the bathroom."
tifu-test-06627,tried to eat my mom's house.
tifu-test-06628,i was a girl.
tifu-test-06629,"i tried to get a girl, got my nose in the doctor."
tifu-test-06630,"i tried to make my house, got a water and now i'm stuck up the toilet."
tifu-test-06631,"i tried to get a little kid, got caught my dog and ended up the first day."
tifu-test-06632,"i tried to get a new mom's dad, but i didn't know it."
tifu-test-06633,"i tried to play my dad's house,"
tifu-test-06634,"tried to get a shower, ended up my penis."
tifu-test-06635,i tried to get a girl and i'm my friend.
tifu-test-06636,"tried to get a girl, got married with my girlfriend and she didn't know it's family."
tifu-test-06637,"i tried to get a new car, got an few time of the school."
tifu-test-06638,"i tried to get a girl, ended up with my girlfriend."
tifu-test-06639,"i tried to get a girl, got my boss and i didn't know it."
tifu-test-06640,"i tried to take the door, got a fire in my house."
tifu-test-06641,i was drunk with my brother's house.
tifu-test-06642,"i tried to read a girl, i was going out of the same time."
tifu-test-06643,"i was a game of my friend, got caught to play the school."
tifu-test-06644,"i went to get a bar of my house, ended up out."
tifu-test-06645,"i tried to buy my wallet, got a new game."
tifu-test-06646,"tried to get a shower, got my house and ended up the bathroom."
tifu-test-06647,"i tried to get a guy, got stuck up in the door."
tifu-test-06648,"i tried to get a pot, got my nose and i didn't eat up."
tifu-test-06649,"i tried to get a shower, ended up my hair."
tifu-test-06650,"i tried to get a girl, got caught my mom's house."
tifu-test-06651,"i went to get a girl, got caught my friend and i was going out of the school."
tifu-test-06652,i tried to get a new friend and i didn't know it.
tifu-test-06653,"i tried to get a cat, got my house."
tifu-test-06654,"i tried to get a new computer, got stuck up with my phone."
tifu-test-06655,"tried to get a girl, ended up my girlfriend."
tifu-test-06656,"i tried to get a dog, got caught up my friend and i was going out of the cat."
tifu-test-06657,i tried to get a car and got stuck up my bike.
tifu-test-06658,"i went to get a girl, got caught up with my friend."
tifu-test-06659,"i went to get a shit and got my house,"
tifu-test-06660,"i tried to get a bathroom, ended up the toilet."
tifu-test-06661,"i tried to get a car, ended up the road."
tifu-test-06662,"i tried to get a girl, got drunk with my girlfriend and ended up out."
tifu-test-06663,"i tried to get a wrong of my room, ended up the bathroom."
tifu-test-06664,"i tried to pay my wallet, got a new phone and i didn't get money."
tifu-test-06665,"i was a wrong of my friend, got caught up the field."
tifu-test-06666,"i tried to get a tree, i was stuck up my house."
tifu-test-06667,"i tried to get a shower, ended up the bathroom and got my toilet."
tifu-test-06668,"i tried to get a few job, i didn't do be the test."
tifu-test-06669,"tried to get a hospital, ended up my head and now i didn't have the doctor."
tifu-test-06670,i tried to buy a store of the shop.
tifu-test-06671,"i tried to get a game, got stuck up my teacher."
tifu-test-06672,"i tried to get a bike, got my car."
tifu-test-06673,i didn't know i'm sleep.
tifu-test-06674,"i tried to get a girl, got caught the bathroom."
tifu-test-06675,"i tried to get a few weeks, got caught my mom's house."
tifu-test-06676,"i tried to get a car and got an guy,"
tifu-test-06677,"i tried to get a girl with my girlfriend, she was caught out of the first time."
tifu-test-06678,"i tried to get a bathroom, got caught my toilet and ended up the shower."
tifu-test-06679,"i tried to get a girl, got caught my friend and ended up the school."
tifu-test-06680,"i tried to get a car and got caught the road,"
tifu-test-06681,"i tried to get a new phone, but i was stuck up it."
tifu-test-06682,"tried to get a girl, got caught up with my face."
tifu-test-06683,i was a guy in my friend's school and i am going to get the class.
tifu-test-06684,i tried to get a lot of my nose.
tifu-test-06685,"i tried to get a guy, got stuck up my car and ended out of the road."
tifu-test-06686,"i tried to get a girl, got an new boss and ended up my phone."
tifu-test-06687,"i tried to get a girl, she was my mother's mom."
tifu-test-06688,"i tried to get a school, ended up my teacher and got caught out of the first time."
tifu-test-06689,i tried to get my hair and got a shower.
tifu-test-06690,"i tried to get a guy, got drunk in the police of my friend."
tifu-test-06691,i tried to use my friend and ended up a shower.
tifu-test-06692,"tried to get a new girl, got stuck up out of my girlfriend."
tifu-test-06693,"went to get a girl, got caught my girlfriend and ended up the bathroom."
tifu-test-06694,"i got a lot of my house,"
tifu-test-06695,"i tried to get a girl, got caught out of my phone."
tifu-test-06696,"i tried to get a girl, got caught my friend's house."
tifu-test-06697,"i tried to get a dentist and got my nose,"
tifu-test-06698,"i tried to get a shower and ended up my face,"
tifu-test-06699,i tried to get a doctor because i didn't have the hospital.
tifu-test-06700,"i tried to fix my laptop, now i'm a computer."
tifu-test-06701,i tried to get a girl with my girlfriend.
tifu-test-06702,"i tried to get a video of my phone,"
tifu-test-06703,"i tried to get a new house, got stuck up the door and ended out of my garage."
tifu-test-06704,"tried to get a car, got drunk in the door."
tifu-test-06705,"i tried to get a shit, got stuck up my head."
tifu-test-06706,"i tried to get a girl, got caught my house."
tifu-test-06707,"i tried to get a game of my phone,"
tifu-test-06708,"i tried to get a bottle, got drunk in the water."
tifu-test-06709,"i tried to get a girl, got my dad's mom and i didn't know it."
tifu-test-06710,"i tried to get a girl, got caught out of my girlfriend."
tifu-test-06711,i tried to play a movie of my dad's family and now i was going to get the same time.
tifu-test-06712,"i was a shit,"
tifu-test-06713,"i tried to get a guy, got drunk with my friend."
tifu-test-06714,"i tried to get a new phone, i didn't be an few hours."
tifu-test-06715,"i tried to get a shower, ended up my pants of the toilet."
tifu-test-06716,"i tried to get a girl, ended up my friend was drunk."
tifu-test-06717,"i tried to get a new phone, got stuck up my house."
tifu-test-06718,"i was a new girl, i didn't know it."
tifu-test-06719,"i tried to get a girl, ended up my girlfriend and then i'm not have be going out of the date."
tifu-test-06720,"i tried to get a new school, got caught up my house."
tifu-test-06721,"i was a lot of my house,  "
tifu-test-06722,"i tried to make my house, got a shower and i didn't get the water."
tifu-test-06723,"i tried to get a girl with my girlfriend, but she didn't know it was going out."
tifu-test-06724,"i tried to get a picture of my friend, i was stuck up it."
tifu-test-06725,"i went to get a toilet, got caught my bathroom and ended up the floor."
tifu-test-06726,"tried to get a girl, ended up out of my friend and she was going to be an woman."
tifu-test-06727,"i tried to get a school, but i didn't know it was the wrong."
tifu-test-06728,"i tried to get a band of the party, ended up my friend."
tifu-test-06729,"i tried to get a fire, got caught my house."
tifu-test-06730,i was a cat of my mother's house and she didn't know it.
tifu-test-06731,"i tried to get a girl with my girlfriend, ended up the first day."
tifu-test-06732,"i tried to get a new job, got caught up with my girlfriend and i'm not know it's house."
tifu-test-06733,"i tried to get a chicken, got caught my house."
tifu-test-06734,"i tried to get a little dog, got stuck up my cat."
tifu-test-06735,"i got drunk with my friend's brother, i was a party and now he didn't get go to tell me."
tifu-test-06736,"tried to get a room, got stuck up with the door."
tifu-test-06737,"i went to get a bike, got caught my car and ended up the road."
tifu-test-06738,"i tried to get a girl, ended up my house."
tifu-test-06739,"i tried to buy my wallet, got a new car and i didn't get pay it was going back for the $$"
tifu-test-06740,"i tried to get a job of my boss, but i didn't know it."
tifu-test-06741,"i tried to get a new job, ended up the few minutes."
tifu-test-06742,"i tried to get a girl, but i didn't know her girlfriend."
tifu-test-06743,"tried to take a toilet, got stuck up the bathroom."
tifu-test-06744,"i told my friend was a girl, i'm married to tell me."
tifu-test-06745,"i tried to make a fire, i was burnt up my house."
tifu-test-06746,i tried to watch a new computer of my laptop and i was stuck up it.
tifu-test-06747,"i tried to get a new car, got stuck up the road and ended out of my house."
tifu-test-06748,i tried to get a shower.
tifu-test-06749,"i tried to get a big eye, got my nose and ended up the hospital."
tifu-test-06750,"i tried to get a shit and got my head,"
tifu-test-06751,"tried to take a toilet, got caught my bathroom."
tifu-test-06752,"i tried to get a guy, got caught out of my friend."
tifu-test-06753,"tried to get a girl, got caught my face of the shower."
tifu-test-06754,"i tried to get a girl, got caught my brother's house."
tifu-test-06755,"i tried to make a fire, got burned up my house."
tifu-test-06756,i tried to get a game of my friend.
tifu-test-06757,"i tried to get a girl, ended up the bathroom and got caught my house."
tifu-test-06758,"i tried to get a new car, got caught up the bus."
tifu-test-06759,"i tried to send a picture of my phone,"
tifu-test-06760,"i tried to get a girl, got caught my boss."
tifu-test-06761,i tried to get a girl with my girlfriend.
tifu-test-06762,"i tried to get a new computer, ended up my phone and i'm not have be the first time."
tifu-test-06763,"tried to get a shower with my foot, got caught up the beach."
tifu-test-06764,"i tried to get a cat dog, got caught my car."
tifu-test-06765,"i was a guy in my friend, got caught out of the police."
tifu-test-06766,"i was going to get a girl, she got caught her girlfriend."
tifu-test-06767,"i tried to get a guy, got caught my car."
tifu-test-06768,"i was a lot of my house, got to get the fire."
tifu-test-06769,"i tried to get a few day, got caught out of my car."
tifu-test-06770,"tried to be a big school, got caught up the hall."
tifu-test-06771,"tried to get a guy, got caught out of my friend."
tifu-test-06772,"i was a girl, i didn't tell my mom's mother."
tifu-test-06773,"i tried to get a store of my boss, but i was stuck up the rest."
tifu-test-06774,"i tried to get a car and got caught the road of my bike,"
tifu-test-06775,"i tried to get a new job, got caught my car."
tifu-test-06776,i was a new phone of my boss.
tifu-test-06777,"i tried to get my hair,"
tifu-test-06778,"i tried to get a big car, got caught my head of the road."
tifu-test-06779,"i was a girl, i didn't know it's new friend."
tifu-test-06780,"i went to get a girl, got caught the school."
tifu-test-06781,i tried to play a game of the same time i was playing it.
tifu-test-06782,"i was a girl, i didn't know it's house."
tifu-test-06783,"tried to get a shower, ended up my face."
tifu-test-06784,"tried to get a girl, got caught my car."
tifu-test-06785,"i got a new wedding, i was going to get my girlfriend."
tifu-test-06786,i'm a guy in my friend.
tifu-test-06787,"i was a girl, i didn't know it's mom."
tifu-test-06788,"i tried to get a car, got stuck up my head."
tifu-test-06789,"i tried to eat my nose,"
tifu-test-06790,"i went to get a party, got my friend's house."
tifu-test-06791,"i tried to get a girl, got my mom's house."
tifu-test-06792,"i got a lot of my car, ended up in the first day."
tifu-test-06793,"i tried to get a game of my friend, got stuck up the first time."
tifu-test-06794,tried to get a girl.
tifu-test-06795,"i tried to use a shower and got my house, i was burnt up the fire."
tifu-test-06796,"i tried to get a new friend's house, got caught my girlfriend."
tifu-test-06797,"i thought i was a big friend,"
tifu-test-06798,"i tried to get a car, got stuck up my house."
tifu-test-06799,"went to get a train, got caught up the bus."
tifu-test-06800,"i tried to buy a new job, got caught my wallet."
tifu-test-06801,"tried to get a bottle, got stuck up the water."
tifu-test-06802,"i went to get a girl, got caught my friend and i was going out of the car."
tifu-test-06803,"i tried to get a picture of my friend's family, ended up out."
tifu-test-06804,"i tried to get a new car, got caught up the road."
tifu-test-06805,"i was a shit in my toilet, ended up the bathroom."
tifu-test-06806,"i tried to get a girl with my girlfriend, i was married up out of her friend."
tifu-test-06807,i was a new job of my phone.
tifu-test-06808,"i tried to get a toilet, ended up the bathroom and got my house."
tifu-test-06809,"tried to make a shower, ended up my house."
tifu-test-06810,"i tried to get a door, got my car in the garage."
tifu-test-06811,i tried to get a new job of my friend and i didn't be the first time.
tifu-test-06812,i was a new job of my car and i'm not have be the phone.
tifu-test-06813,"i went to get a shower and got my pants, ended up in the bathroom."
tifu-test-06814,"i was a wrong of my phone, i didn't be the school."
tifu-test-06815,"i tried to get a girl, got my foot and ended up the first day."
tifu-test-06816,i tried to get a job of my boss.
tifu-test-06817,"i tried to be a new computer, ended up my phone of the internet."
tifu-test-06818,i was a picture of my boss and got to get the first day.
tifu-test-06819,"tried to get a girl, ended up my girlfriend's house."
tifu-test-06820,i was a picture of my friend and i tried to get the same guy.
tifu-test-06821,"i tried to get a little eye, ended up my face of the first time."
tifu-test-06822,"i tried to get a girl, she was an woman."
tifu-test-06823,i tried to get a party of my friend's house.
tifu-test-06824,"i tried to get a girl, ended up my mom's house."
tifu-test-06825,"i was a picture of my friend, got caught the school."
tifu-test-06826,"i was a guy in the school, i didn't know it."
tifu-test-06827,"i went to get a girl, got drunk and ended up my house."
tifu-test-06828,"i was going to get a girl, she didn't know her mom."
tifu-test-06829,"i tried to get a little kid, got caught up with the fire."
tifu-test-06830,"i'm a joke,"
tifu-test-06831,"i went to get a toilet, ended up my bathroom."
tifu-test-06832,"i tried to get a bike, got stuck up my car."
tifu-test-06833,"i tried to get a shit, ended up my penis."
tifu-test-06834,"i tried to get a guy, got caught my car and ended up the police."
tifu-test-06835,"i tried to get a shower and got my nose,"
tifu-test-06836,"i tried to get a new girl, got caught it was stuck up."
tifu-test-06837,"i tried to make my friend's hand, i didn't do be a lot."
tifu-test-06838,"i tried to get a girl with my house,"
tifu-test-06839,"i tried to get a girl, ended up with my girlfriend."
tifu-test-06840,"i tried to get a guy, got caught my car and ended up the first day."
tifu-test-06841,"i tried to play a game of the school,"
tifu-test-06842,"i thought i was a guy,"
tifu-test-06843,"i tried to get a girl, ended up out of my friend."
tifu-test-06844,"i tried to get my house, got a shower and ended up the floor."
tifu-test-06845,"i tried to get a shower and got my foot, ended up the bathroom."
tifu-test-06846,i tried to get a job of my boss.
tifu-test-06847,"i tried to buy a new bag, got stuck up my wallet."
tifu-test-06848,i tried to buy a gift of my mother's family and i was been going out.
tifu-test-06849,"i tried to get a girl, got drunk with my girlfriend."
tifu-test-06850,i tried to get a new day of my house and ended up the first time.
tifu-test-06851,"i tried to get a girl, ended up my pants."
tifu-test-06852,"i tried to get a little friend, got caught the road in my house."
tifu-test-06853,"tried to get a girl, got stuck up my girlfriend."
tifu-test-06854,"tried to get a girl, got caught up with the door."
tifu-test-06855,i tried to be a wrong of my phone.
tifu-test-06856,"i tried to get a new school, got caught my friend and ended up out of the police."
tifu-test-06857,"i tried to get a new phone, got stuck up."
tifu-test-06858,"tried to get a big foot, got caught up my finger and ended out of the hospital."
tifu-test-06859,i thought i was going to get a wrong.
tifu-test-06860,"i was going to get a few day, i didn't go out of my car."
tifu-test-06861,"i went to get a shower, got stuck up my nose."
tifu-test-06862,"i tried to get a kid, got my dad's house."
tifu-test-06863,"i tried to get a girl, ended up with my friend and i was going out of the first time."
tifu-test-06864,i was a guy in my friend and i didn't know it.
tifu-test-06865,"i tried to the house of my apartment, got a fire and ended up in the floor."
tifu-test-06866,"i tried to get a new car, got caught the police."
tifu-test-06867,i tried to get a new guy and ended up my phone.
tifu-test-06868,"i went to get a guy, got caught my car."
tifu-test-06869,"i tried to get a guy and got an girl,"
tifu-test-06870,"i tried to get a guy, got my friend was the police."
tifu-test-06871,"tried to get a girl, ended up with my girlfriend."
tifu-test-06872,"i was a lot of my friend, i didn't be the wrong."
tifu-test-06873,"i went to get a bike, got caught my car and ended up the road."
tifu-test-06874,"i tried to make my house, i was burnt up the microwave."
tifu-test-06875,"i tried to make a chicken of my own house, but i was stuck up the same day."
tifu-test-06876,"i was a girl, i didn't know it's school."
tifu-test-06877,"i tried to get a girl, got caught my mom's house."
tifu-test-06878,"i tried to get a new car, got caught up my friend and ended out of the police."
tifu-test-06879,"tried to get a girl, got caught up with my friend."
tifu-test-06880,"i tried to get a fire of my house, got stuck up the floor."
tifu-test-06881,"i tried to get a new job, got stuck up my house."
tifu-test-06882,"i tried to get a new school, got stuck up my head."
tifu-test-06883,"i got drunk with my friend,"
tifu-test-06884,"i was a lot of my house, i tried to make the whole day."
tifu-test-06885,"i tried to get a new car, got stuck up the floor."
tifu-test-06886,i tried to get a new day and ended up my own shit.
tifu-test-06887,"i tried to get a guy, got my car."
tifu-test-06888,"i tried to get a shit and got my ass,"
tifu-test-06889,i tried to get a few year of the first time.
tifu-test-06890,"i tried to get a new school, ended up the middle of my phone."
tifu-test-06891,"i tried to get a car, got caught the hospital."
tifu-test-06892,i didn't be a wrong of the school.
tifu-test-06893,"i tried to get a girl, got drunk and ended up the bathroom."
tifu-test-06894,"i was a guy in my friend, got caught out of the room and ended up."
tifu-test-06895,"i was a class in my school, i didn't be the college."
tifu-test-06896,i didn't know i'm a stupid friend.
tifu-test-06897,i tried to get a new window of the fire.
tifu-test-06898,"i tried to get a girl, but she was going out of my girlfriend."
tifu-test-06899,"i tried to get a car, got caught my head of the road."
tifu-test-06900,"tried to drink with a bottle, got drunk up my stomach."
tifu-test-06901,"i tried to get a girl, i was going out of my girlfriend."
tifu-test-06902,"i was going to get a girl, she didn't know it."
tifu-test-06903,"i tried to get a car, got caught my car and ended up the road."
tifu-test-06904,"i tried to get a girl, got caught out of my girlfriend."
tifu-test-06905,i forgot to get a book for my wallet and i didn't have read the new month.
tifu-test-06906,i tried to get a girl with my girlfriend.
tifu-test-06907,"i tried to get a girl, ended up the door."
tifu-test-06908,"tried to take a toilet, ended up the bathroom."
tifu-test-06909,i tried to make a pizza.
tifu-test-06910,"i went to get a toilet, got caught the bathroom and ended up my house."
tifu-test-06911,i tried to get a new door and got caught my house.
tifu-test-06912,"i tried to get a girl, ended up with my girlfriend."
tifu-test-06913,"i went to get a toilet, got caught up in the bathroom."
tifu-test-06914,"i was going to get a new night, got caught up my house."
tifu-test-06915,i was a fire of the school and got fired my house.
tifu-test-06916,"i tried to get a big eye, ended up my nose."
tifu-test-06917,"i tried to get a girl, she was going out of my girlfriend."
tifu-test-06918,"i tried to get a new room, ended up the shower."
tifu-test-06919,"i was a big girl, i didn't know it."
tifu-test-06920,"i was a guy and got my head,"
tifu-test-06921,"i tried to get a car, got stuck up the police."
tifu-test-06922,"i tried to get a girl, ended up my face of the shower."
tifu-test-06923,"i went to get a party, got drunk and ended up my house."
tifu-test-06924,"i tried to get a kid and got an school, but i was going out of my friend."
tifu-test-06925,"i tried to get a girl, got drunk with my girlfriend."
tifu-test-06926,"i was going to get a girl, she didn't know it's mom."
tifu-test-06927,"tried to get a big finger, got caught my nose."
tifu-test-06928,"i went to get a kid, got stuck up my dad's car."
tifu-test-06929,"tried to get a girl, ended up my friend's house."
tifu-test-06930,"i tried to get a party, got drunk with my house."
tifu-test-06931,"i tried to get a new window of my car, got stuck up the first time."
tifu-test-06932,"tried to get a dog, ended up the bathroom."
tifu-test-06933,"i tried to get a new job, ended up my face of the floor."
tifu-test-06934,"i tried to get a movie of the party, but i was going out."
tifu-test-06935,"i tried to get a car, got drunk and ended up my dick."
tifu-test-06936,"i was a new job of my boss, i'm going to get the first day."
tifu-test-06937,"i tried to get a girl, got drunk with my girlfriend."
tifu-test-06938,"i tried to get a bottle and got my car, ended up the toilet."
tifu-test-06939,"tried to get a bathroom, ended up the door in my floor."
tifu-test-06940,i tried to get a girl.
tifu-test-06941,"i tried to make my own house,"
tifu-test-06942,"i tried to make my nose, i had a shower and now it was not have be the bathroom."
tifu-test-06943,"i tried to get a new car, got stuck up my dad's car."
tifu-test-06944,"i tried to get a guy and got an girl,"
tifu-test-06945,"i tried to get a big car, ended up the hospital and got stuck out of my head."
tifu-test-06946,"i tried to get a big dog,"
tifu-test-06947,"i was a lot of my nose, got caught up the toilet."
tifu-test-06948,i was a shower in the bathroom and ended up my toilet.
tifu-test-06949,"i tried to get a girl, ended up my house."
tifu-test-06950,i was a wrong of my phone.
tifu-test-06951,"i tried to get a girl, got caught out of my friend."
tifu-test-06952,i was a class of my teacher and i didn't be the school.
tifu-test-06953,"i was a girl,"
tifu-test-06954,"i tried to get a pool, got caught the shower."
tifu-test-06955,"i tried to get a new school, got stuck up my car."
tifu-test-06956,"i tried to get a new job, but i didn't do be the first time."
tifu-test-06957,"i got a girl, i was going to get drunk with my girlfriend."
tifu-test-06958,"i got drunk in my friend, ended up to get a guy."
tifu-test-06959,"i tried to get a car, got stuck up my foot."
tifu-test-06960,"i went to get a shower, ended up my bathroom and got caught the toilet."
tifu-test-06961,"tried to buy a girl, got married her mom's wedding."
tifu-test-06962,"i was a girl, i didn't see my girlfriend."
tifu-test-06963,"i was a joke,"
tifu-test-06964,"i tried to get a pizza, ended up my stomach."
tifu-test-06965,"i tried to get a bottle of my nose, got stuck up the glass."
tifu-test-06966,i was a class of my friend's school.
tifu-test-06967,"i tried to get a wrong of my friend, ended up the school."
tifu-test-06968,i didn't know the wrong of my friend.
tifu-test-06969,i tried to get a girl with my friend and i was married her girlfriend.
tifu-test-06970,"i tried to get a car, got stuck up my garage."
tifu-test-06971,"i tried to get a dog, got caught my cat's house."
tifu-test-06972,"i tried to get a new car, got stuck up my house."
tifu-test-06973,"i tried to get a snow, got stuck up my foot."
tifu-test-06974,"i tried to get a girl, ended up my house."
tifu-test-06975,"i tried to get a guy, got drunk and i didn't go out of my boss."
tifu-test-06976,"went to get drunk with my friend's house, ended up a girl."
tifu-test-06977,"i tried to get a new job, but i didn't know it was going out of my family."
tifu-test-06978,i tried to get a few weeks of my friend and i didn't take the first day.
tifu-test-06979,"i tried to get a doctor, i didn't take the hospital."
tifu-test-06980,"i tried to get a new job, got stuck up my boss."
tifu-test-06981,"i tried to be a video of my friend's computer, ended up out."
tifu-test-06982,"i tried to get a new friend, got caught it was fired up."
tifu-test-06983,"tried to get a car, got stuck up my foot and ended out of the road."
tifu-test-06984,"i was a girl, i didn't know her mom."
tifu-test-06985,"i went to get a shower, got caught my house and ended up the floor."
tifu-test-06986,"i went to get a girl, got caught out of my house."
tifu-test-06987,"i tried to get a girl with my girlfriend, she was going out of her friend."
tifu-test-06988,"i tried to get a wrong of the school, ended up my ass."
tifu-test-06989,"tried to get a new finger, got stuck up my nose."
tifu-test-06990,"i tried to get a girl, ended up my girlfriend."
tifu-test-06991,"i tried to get a big dog, got caught my friend and ended up out of the police."
tifu-test-06992,"i tried to get a girl, but i was stuck up my face."
tifu-test-06993,"i was a girl and i'm my friend,"
tifu-test-06994,"i tried to get a car, got caught out of the road."
tifu-test-06995,"i tried to get a new window, got stuck up my car and ended out of the floor."
tifu-test-06996,"i tried to get a shower, ended up my phone in the bathroom."
tifu-test-06997,"went to get a car, got caught my house."
tifu-test-06998,"i was a fire of my house, and i didn't be the floor."
tifu-test-06999,"i tried to make a girl, but i didn't know it."
tifu-test-07000,"i tried to get a new car, got caught my house."
tifu-test-07001,"i tried to get a game of my friend,"
tifu-test-07002,"i was a new job, got caught out of my boss."
tifu-test-07003,"i tried to get a girl, ended up my boss and got stuck out of the floor."
tifu-test-07004,"i went to get a few day, i was going out of the road."
tifu-test-07005,"tried to get a girl, ended up the door in my boss."
tifu-test-07006,i tried to get a new phone of my dad's mom.
tifu-test-07007,"i tried to get a big car, got caught up my house."
tifu-test-07008,"i didn't know i was a school,"
tifu-test-07009,"i tried to get a guy, got drunk with my boss."
tifu-test-07010,"i told a girl, got married to get my girlfriend."
tifu-test-07011,"i tried to eat my house, got a few day."
tifu-test-07012,"i tried to take my house, got a shower and ended up the bathroom."
tifu-test-07013,"went to get a girl, got caught up with my girlfriend."
tifu-test-07014,"i tried to get a joke of my dad's family,"
tifu-test-07015,"tried to get a girl, ended up my mom's house."
tifu-test-07016,i tried to get a guy and my dad's parents was married.
tifu-test-07017,"i tried to get a cat, got caught my dog and i was killed it's house."
tifu-test-07018,"i tried to get drunk, got a party of my friend and ended up the bottle."
tifu-test-07019,"tried to get a nail, ended up my nose."
tifu-test-07020,tried to get a girl with my friend's date.
tifu-test-07021,"i tried to get a girl, got caught my house."
tifu-test-07022,i was a girl of my friend and i'm going to get her girlfriend.
tifu-test-07023,i tried to fix a new computer and now i didn't get the same time.
tifu-test-07024,"i tried to get a guy, got my dad's house."
tifu-test-07025,"i tried to get a bottle, got drunk with my head of the bathroom."
tifu-test-07026,"i tried to get a shit, got stuck up my foot and ended out of the road."
tifu-test-07027,i tried to pay a plane and got my wallet.
tifu-test-07028,"i tried to get a movie of my phone, ended up the first time."
tifu-test-07029,"tried to get a shower and got my foot,"
tifu-test-07030,"tried to get a big bag, got stuck up my nose."
tifu-test-07031,"i tried to get a girl, ended up my girlfriend."
tifu-test-07032,"i tried to get a girl, ended up the train."
tifu-test-07033,"i tried to clean my toilet,"
tifu-test-07034,"i tried to get a new car, got stuck up my house."
tifu-test-07035,"i went to get a bar, got drunk with the bathroom."
tifu-test-07036,"i told my dad's mom, i was been a little mother."
tifu-test-07037,"i went to get a new friend, got caught my house and i was going out of the first time."
tifu-test-07038,"i tried to get a game, got stuck up my head of the field."
tifu-test-07039,"i tried to get a new phone, got stuck up it was going out of my eye."
tifu-test-07040,"i tried to get a big dog, ended up my nose."
tifu-test-07041,"i got drunk with my friend, ended up out of a shit."
tifu-test-07042,"tried to get a girl, ended up the door."
tifu-test-07043,"tried to get a girl, got caught up with my girlfriend."
tifu-test-07044,"tried to get a girl, ended up with my girlfriend and she didn't have be the same time."
tifu-test-07045,"i tried to get a girl, ended up out of my friend's first time."
tifu-test-07046,"i tried to get a spider, got my nose and ended up it was stuck in the floor."
tifu-test-07047,"i tried to get a lot of my house, got stuck up the first day."
tifu-test-07048,"i tried to get a girl, got my mom's mother and i'm not have be the same day."
tifu-test-07049,"tried to make a bottle of my fridge,"
tifu-test-07050,"i tried to get a new car, got stuck up my phone."
tifu-test-07051,"i tried to get a spider, i was stuck up my house."
tifu-test-07052,"i tried to get a car, got caught my dad's house."
tifu-test-07053,"i tried to get a new car, got stuck up my bike."
tifu-test-07054,"i tried to get a new room, got stuck up the floor."
tifu-test-07055,"i was a lot of my car, ended up in the store."
tifu-test-07056,"tried to make a shower, got stuck up with my nose."
tifu-test-07057,i told my girlfriend's friend i was a date.
tifu-test-07058,"i tried to get a guy, got stuck up my car."
tifu-test-07059,"i tried to get a girl, i was married with my friend and he didn't know it."
tifu-test-07060,"i tried to get a girl, got caught my girlfriend."
tifu-test-07061,"tried to get a shower, got caught the bathroom."
tifu-test-07062,"i tried to make my hair and got a shower,"
tifu-test-07063,"tried to get a new car, got stuck up my house."
tifu-test-07064,"i tried to get a few day and got stuck up my face,"
tifu-test-07065,"went to get a girl, got drunk with my girlfriend."
tifu-test-07066,"i was a girl, got caught the school of my friend."
tifu-test-07067,"i tried to get a new car, got stuck up my phone."
tifu-test-07068,"i was a guy of my friend, i tried to get the school."
tifu-test-07069,"i tried to get a girl, got caught my face."
tifu-test-07070,"i was going to make my house, i had a shower."
tifu-test-07071,"i tried to get a kid, got drunk in my car."
tifu-test-07072,"i tried to get a fire, got burnt up my house."
tifu-test-07073,"i was a girl, i didn't know it's friend."
tifu-test-07074,"i was a pissed my pants,"
tifu-test-07075,"i tried to get a girl, got caught up the cat and ended out of my house."
tifu-test-07076,"i tried to get a new job, got stuck up my car."
tifu-test-07077,i was a guy of my friend and i didn't know it.
tifu-test-07078,"i tried to get a party, got drunk and ended up my head."
tifu-test-07079,"i tried to get a girl with my girlfriend, ended up out of the date."
tifu-test-07080,"tried to get a girl with my girlfriend, she was married up her boyfriend."
tifu-test-07081,"i tried to send my phone, ended up the password."
tifu-test-07082,"i tried to get a party, got drunk and ended up my house."
tifu-test-07083,"i was a wrong of my boss, i didn't be the school."
tifu-test-07084,"i tried to get a little dog, i was killed it's cat."
tifu-test-07085,"i tried to get a game, got caught the party of my boss."
tifu-test-07086,i tried to get a picture of my phone.
tifu-test-07087,"i was a new job of my mother's boss, i'm not know it is going to make the phone."
tifu-test-07088,"i tried to get a girl with my friend, got caught her girlfriend."
tifu-test-07089,"i thought i was a chicken,"
tifu-test-07090,"i tried to get a big kid, got caught my nose and ended up the hospital."
tifu-test-07091,"tried to get a girl, ended up with my girlfriend."
tifu-test-07092,"i tried to get a girl, ended up my face of the date."
tifu-test-07093,"i tried to get a party, got drunk and ended up my friend."
tifu-test-07094,i was going to get a girl.
tifu-test-07095,"i tried to be a new band of my ear, ended up the first time."
tifu-test-07096,"i went to get a girl, got caught my girlfriend and ended up out of the school."
tifu-test-07097,"tried to make a shower, ended up the bathroom."
tifu-test-07098,i was a girl.
tifu-test-07099,i fucked up my bedroom and got a bed.
tifu-test-07100,i was a little friend's dad and i'm going to my brother.
tifu-test-07101,"i tried to get a girl with my girlfriend, got caught up out of the first time."
tifu-test-07102,"i tried to get a water, got stuck up the glass."
tifu-test-07103,"i tried to get a guy,"
tifu-test-07104,"i tried to get a girl, got caught up with my girlfriend."
tifu-test-07105,"i tried to get a car, got stuck up my car."
tifu-test-07106,"i thought i'm a girl,"
tifu-test-07107,"i went to get a party, got caught up the hospital."
tifu-test-07108,"i was a girl, i'm going to get my mom and she didn't know it."
tifu-test-07109,"i tried to get a shower,"
tifu-test-07110,"i tried to get a girl, ended up my face of the first day."
tifu-test-07111,"i was a girl, i didn't get my boss."
tifu-test-07112,"i tried to make a new computer of my friend, but i'm stuck up the first time."
tifu-test-07113,"i was a girl, i didn't get my mom's mother."
tifu-test-07114,"i was a lot of my friend, i didn't go to get the bar."
tifu-test-07115,"tried to get a shower, ended up my house."
tifu-test-07116,"tried to get a shower, got my bathroom and ended up the toilet."
tifu-test-07117,i tried to get a picture of my friend's date.
tifu-test-07118,"i tried to get a ticket for the game, got stuck up and ended out of my wallet."
tifu-test-07119,i tried to get a new girl and my mom's mother.
tifu-test-07120,i tried to get a picture of my friend and i was cut up out.
tifu-test-07121,"i tried to make my house and got a shower,"
tifu-test-07122,"went to get a girl, got drunk with my friend's girlfriend."
tifu-test-07123,"i tried to get a new car, got stuck up my dad's house."
tifu-test-07124,"i tried to get a guy, got stuck up my hand."
tifu-test-07125,"i'm a dick,"
tifu-test-07126,"tried to get a guy, got drunk with my friend."
tifu-test-07127,"tried to get a road, got stuck up the fire."
tifu-test-07128,i tried to get a picture of my friend's house.
tifu-test-07129,i tried to get a gym and ended up my face.
tifu-test-07130,"i tried to get a girl, ended up with my friend."
tifu-test-07131,i went to get a shower.
tifu-test-07132,"i went to get a girl, got drunk with my girlfriend."
tifu-test-07133,"i tried to get a girl, got my friend and ended up the first time."
tifu-test-07134,"i thought i'm a girl, she was going to get my boss."
tifu-test-07135,"i tried to get a girl, got caught out of my girlfriend."
tifu-test-07136,"i tried to get a shit, got caught my house."
tifu-test-07137,"i tried to make my nose, got a lot of the sun."
tifu-test-07138,"i was a girl, i didn't get my girlfriend."
tifu-test-07139,"i tried to get a girl, got caught my boss."
tifu-test-07140,"i tried to get a train, got my car."
tifu-test-07141,"i tried to get a girl, ended up my head of the road."
tifu-test-07142,i tried to get a bunch of my house.
tifu-test-07143,"i tried to get a girl with my friend, i'm supposed out of the first time."
tifu-test-07144,"i tried to get a new room and ended up my house,"
tifu-test-07145,"i tried to make a new school,"
tifu-test-07146,"i told a girl, she was going to get my girlfriend."
tifu-test-07147,"i tried to get a shower, got stuck up my house."
tifu-test-07148,"tried to get a girl, got caught up with my friend."
tifu-test-07149,"i tried to get a girl, got caught up my friend."
tifu-test-07150,"tried to make a toilet, ended up my bathroom."
tifu-test-07151,i tried to get a guy and got caught the police.
tifu-test-07152,i was a kid of my friend and got caught it's house.
tifu-test-07153,"tried to get a girl, ended up my face."
tifu-test-07154,"i tried to get a guy, got caught my dad's house."
tifu-test-07155,"i tried to make a pizza,"
tifu-test-07156,"i was a new job of my boss, i didn't be the first day."
tifu-test-07157,"i tried to get a guy, got caught the school."
tifu-test-07158,"tried to get a car, got caught my car and ended up the road."
tifu-test-07159,"i tried to get a big finger, got stuck up with my hand."
tifu-test-07160,"i tried to get a new car, got stuck up my face of the first time."
tifu-test-07161,"i tried to get a girl with my friend, i didn't know her girlfriend."
tifu-test-07162,"i tried to get a few day, got stuck up my knees."
tifu-test-07163,"i tried to get a few school, got caught up my head and ended out of the floor."
tifu-test-07164,"i tried to get a girl with my girlfriend, but i'm not have be going out."
tifu-test-07165,"i tried to get a new car and got my phone,"
tifu-test-07166,i was a job of my teacher and i didn't read the professor.
tifu-test-07167,"i tried to get a guy, he was going out of my boss."
tifu-test-07168,"i tried to get a doctor, got drunk and i didn't have be sick."
tifu-test-07169,"i tried to get a guy, got my dick and now i'm stuck up the new phone."
tifu-test-07170,"i tried to get a girl, got stuck up with my foot."
tifu-test-07171,"i tried to get a girl, got drunk with my friend."
tifu-test-07172,"i tried to get a kid, got caught my car and ended up the police of school."
tifu-test-07173,"tried to be a dog,"
tifu-test-07174,"i tried to get a new job, got caught up out of my house."
tifu-test-07175,i bought a new shirt of my wedding.
tifu-test-07176,"i went to get a girl, got drunk in the party of my friend."
tifu-test-07177,"tried to get a girl, got caught up with my girlfriend."
tifu-test-07178,"i tried to get a shower, i didn't know it."
tifu-test-07179,"tried to get a girl, got caught up with my girlfriend."
tifu-test-07180,"i tried to get a girl with my girlfriend, she was going out of her friend."
tifu-test-07181,i didn't be a test of my exam.
tifu-test-07182,"tried to get a door, ended up the bathroom."
tifu-test-07183,"i tried to get a party, got drunk with my girlfriend."
tifu-test-07184,"i was a picture of my mom's house,"
tifu-test-07185,"i tried to make a pizza, got my house."
tifu-test-07186,"i tried to get a job, got fired my boss."
tifu-test-07187,"i tried to get a shower, ended up the bathroom."
tifu-test-07188,"i tried to get a girl, got an kid and i was stuck up my friend."
tifu-test-07189,"i tried to get a guy, got caught the bus of my car."
tifu-test-07190,i tried to get a new finger of my nose.
tifu-test-07191,"i tried to get a girl, ended up my friend in the school."
tifu-test-07192,"tried to get a girl, got caught up with my girlfriend."
tifu-test-07193,"i was going to get a girl, i didn't know it."
tifu-test-07194,"i tried to get a girl, but i'm going out of my friend and now he was supposed it."
tifu-test-07195,"i tried to get a test, ended up my teacher was an exam."
tifu-test-07196,"i got a job of my girlfriend, and now i'm not have be going to go out."
tifu-test-07197,"i tried to get a girl, got my mom's house."
tifu-test-07198,i went to get a shower and got my house.
tifu-test-07199,"i tried to get a lot of the first time, ended up it was going to go out."
tifu-test-07200,"i tried to get a girl, ended up my friend of the school."
tifu-test-07201,"i tried to get a girl, ended up my head of the school."
tifu-test-07202,"i tried to make my house, ended up the kitchen and got a little apartment."
tifu-test-07203,"i was a joke of my boss, i didn't know it."
tifu-test-07204,"i was going to get a new job, i didn't have be my own money."
tifu-test-07205,"i tried to get a girl, but i didn't know it was going out."
tifu-test-07206,"tried to get a car, got caught up my house."
tifu-test-07207,i didn't go to get a party of my house.
tifu-test-07208,"i was a movie of my friend, i didn't see the first time."
tifu-test-07209,"i tried to get a guy, got caught my foot and ended up the floor."
tifu-test-07210,"i tried to get a dog and got my cat,"
tifu-test-07211,"i tried to get a guy, got an job and i was stuck up my boss."
tifu-test-07212,"i tried to get a school, ended up my teacher."
tifu-test-07213,"i tried to get a girl, ended up my girlfriend."
tifu-test-07214,"i tried to get a big eye, got caught my nose."
tifu-test-07215,"i tried to get a girl, i was my face of the shower."
tifu-test-07216,"i tried to get a new car, got stuck up my friend and ended out of the road."
tifu-test-07217,"i tried to get a new computer, got stuck up my phone."
tifu-test-07218,"tried to get a party, got stuck up with my knee."
tifu-test-07219,"i tried to be a new computer, got stuck up my phone."
tifu-test-07220,"i tried to get a kid, got caught the school."
tifu-test-07221,"i tried to get a new dog and got caught my house, i was the cat."
tifu-test-07222,i was a guy in my friend and i didn't know it.
tifu-test-07223,"i went to get a new day of my hand,"
tifu-test-07224,"i tried to get a shit, ended up my ass."
tifu-test-07225,i didn't read my professor and i was a new school.
tifu-test-07226,"i tried to get a car, ended up my bike and got caught the road."
tifu-test-07227,"i tried to get a car, got caught my friend and ended up the road."
tifu-test-07228,i was a job of my boss.
tifu-test-07229,"i tried to get a bathroom, ended up the toilet."
tifu-test-07230,"i tried to get a girl, got caught my house."
tifu-test-07231,"tried to get a shower, ended up my nose."
tifu-test-07232,"i went to get a few day, got caught up my face."
tifu-test-07233,"i tried to make a shower, ended up my bathroom and i didn't have the bath."
tifu-test-07234,"i went to get a wrong of my house, ended up in the bathroom and got caught out."
tifu-test-07235,"i tried to get a cat of my house, ended up the floor."
tifu-test-07236,"tried to be a movie of my friend,"
tifu-test-07237,"i was a job of my boss, i didn't know it."
tifu-test-07238,"i tried to get a big friend, got caught my face of the first time."
tifu-test-07239,"i tried to get a girl, ended up my car."
tifu-test-07240,"i thought i was a new friend's boss, but he didn't know it."
tifu-test-07241,"i tried to get a girl, ended up my friend and got drunk in the first day."
tifu-test-07242,"tried to get a girl, got married in my mother's mom."
tifu-test-07243,"i tried to get a shower, got my toilet and ended up the bathroom."
tifu-test-07244,"i tried to get a toilet, ended up my bathroom."
tifu-test-07245,"i got a job of my boss, i didn't get the work."
tifu-test-07246,"i was a job of my boss, i didn't know it's work."
tifu-test-07247,"i tried to get a new friend, got caught it was stuck up."
tifu-test-07248,"i was a game of my friend,"
tifu-test-07249,"i tried to get a bike, got caught my car."
tifu-test-07250,"i tried to get a girl, got drunk in my house."
tifu-test-07251,"i went to get a school, got stuck up in the door."
tifu-test-07252,"i tried to clean my toilet, got a bathroom and ended up the shower."
tifu-test-07253,i was going to get a shower and got my house.
tifu-test-07254,"i tried to get a car, ended up the road of my friend and got stuck out."
tifu-test-07255,i tried to make a new coffee of my fridge.
tifu-test-07256,i was a guy in my friend's school.
tifu-test-07257,"tried to get a shower, ended up my face of the toilet."
tifu-test-07258,"i tried to get a new computer, but i was stuck up my laptop."
tifu-test-07259,"i tried to get a car, got caught the road."
tifu-test-07260,"i tried to get a shower of my nose,"
tifu-test-07261,i didn't be a test of my exam.
tifu-test-07262,i didn't know i'm a wrong.
tifu-test-07263,"i was a guy of my boss, i didn't know it."
tifu-test-07264,"i was a new job of my boss, i'm supposed to get the first time."
tifu-test-07265,"tried to be a wrong of my phone, ended up the first day."
tifu-test-07266,"i tried to get a new phone and got my car, but i'm stuck up out."
tifu-test-07267,"i tried to get a little kid, i was my face of the bathroom."
tifu-test-07268,i tried to get a few weeks of my nose and got stuck up the hospital.
tifu-test-07269,i thought i was going to get a few year.
tifu-test-07270,"i tried to eat my cat, now i'm a shower."
tifu-test-07271,"i tried to get a school, i didn't go out of my friends."
tifu-test-07272,"i tried to get a girl, got caught my friend and ended up the first day."
tifu-test-07273,"i tried to get a bottle of the drink,"
tifu-test-07274,i was a girl in my friend and got caught the school.
tifu-test-07275,"i tried to get a new friend, got caught my girlfriend and ended up with the first day."
tifu-test-07276,i was a new computer of my phone and i didn't be the first time.
tifu-test-07277,"i tried to get a fire, got my face of the first day."
tifu-test-07278,"i tried to get a guy, got my brother's house."
tifu-test-07279,"i tried to get a girl, i didn't know it was my friend."
tifu-test-07280,"tried to get a shower, got stuck up the bathroom."
tifu-test-07281,"i tried to get a girl, got drunk with my girlfriend."
tifu-test-07282,"i tried to get a new room, got caught my house."
tifu-test-07283,"i went to get a shower, got stuck up the toilet."
tifu-test-07284,"i tried to get a girl, got my friend's house."
tifu-test-07285,"i was a lot of my friend, i didn't know it is going to go out."
tifu-test-07286,"i tried to get a girl, got drunk with my mom's house."
tifu-test-07287,"i went to get a piss with my bathroom, got caught up the room."
tifu-test-07288,"i tried to get a girl, i was going out of my friend."
tifu-test-07289,"i tried to get a girl, got caught my house."
tifu-test-07290,"tried to make a shower,"
tifu-test-07291,"i went to get a little kid, got stuck up my foot."
tifu-test-07292,"i tried to get a girl, got caught my car and ended up out of the door."
tifu-test-07293,"i tried to get a job, got caught my car."
tifu-test-07294,"tried to get a shower, ended up the bathroom and got caught my foot."
tifu-test-07295,i tried to see my mom's house.
tifu-test-07296,"i tried to get a bike and got my car,"
tifu-test-07297,"i tried to play my mom's family, i was a new mother and now she didn't see it."
tifu-test-07298,"i tried to get a guy, got caught up my friend."
tifu-test-07299,"i tried to get a girl, ended up out of the school."
tifu-test-07300,i got a guy and i was going to get an friend.
tifu-test-07301,i tried to get a bottle of my bathroom.
tifu-test-07302,i didn't hear my friend's school.
tifu-test-07303,"i tried to get a new computer, and got stuck up my boss."
tifu-test-07304,"i tried to get a girl, i was called my girlfriend and now she didn't know it."
tifu-test-07305,"i tried to get a party, got caught my friend and ended up the police."
tifu-test-07306,i was a girl in my mom's mother and she didn't get her parents.
tifu-test-07307,"i went to get a bus, got caught out of the road and ended up my car."
tifu-test-07308,"i tried to get a shower, got stuck up my finger and ended out of the floor."
tifu-test-07309,"i got a lot of my house, ended up in the hospital."
tifu-test-07310,"tried to get a shower, got fire with my house."
tifu-test-07311,"i tried to get a few weeks, got caught up the hospital."
tifu-test-07312,"i was a new friend, but he didn't go to see it."
tifu-test-07313,"i tried to get a new car, got caught up the road and ended out of my foot."
tifu-test-07314,"i tried to get a guy, got caught the car."
tifu-test-07315,"i tried to get a new friend's car, but i was going out of the movie."
tifu-test-07316,"i tried to get a dog,"
tifu-test-07317,"i tried to get a big friend, got caught it was fired up with the police."
tifu-test-07318,"i tried to get a girl, ended up my house."
tifu-test-07319,"i tried to get a new apartment in my car, ended up the room."
tifu-test-07320,"i was a dog cat, i had my brother's house."
tifu-test-07321,"i went to get a girl, got stuck up the door."
tifu-test-07322,"tried to get a nail with my finger, got stuck up the tree."
tifu-test-07323,"i was a big friend, got caught the first day."
tifu-test-07324,i was a guy of my friend's brother and he had been to get him.
tifu-test-07325,i tried to get a guy with my friend.
tifu-test-07326,"i didn't be a job,"
tifu-test-07327,"i tried to get a pizza, ended up the restaurant."
tifu-test-07328,"i tried to get a little night, got stuck up my house."
tifu-test-07329,i tried to get a dick.
tifu-test-07330,"i tried to play a fire and got my friend,"
tifu-test-07331,i tried to get a new phone of my dad's computer.
tifu-test-07332,"tried to call my phone,"
tifu-test-07333,"i tried to get a girl, got caught my girlfriend and she was going out of the house."
tifu-test-07334,"i tried to get a girl, got drunk with my girlfriend."
tifu-test-07335,"i tried to get a shower,"
tifu-test-07336,"i went to get a girl, got caught my car and ended up the bathroom."
tifu-test-07337,"i tried to get a new cat, got caught my house."
tifu-test-07338,"tried to get a glass, got stuck up my hand."
tifu-test-07339,i tried to get a shower with my penis.
tifu-test-07340,"i went to get a bathroom, got caught my friend's house."
tifu-test-07341,"i tried to get a guy, got caught my car and ended up the school."
tifu-test-07342,i ate my brother's dad and now i was a cook.
tifu-test-07343,"tried to get a party, got caught up with my friend."
tifu-test-07344,"i tried to make my mom's mother,"
tifu-test-07345,"i was a teacher, i'm my mom's school."
tifu-test-07346,i tried to get a shower and got my face of the bathroom.
tifu-test-07347,"i tried to get a big car, got stuck up my house."
tifu-test-07348,"i was a lot of the water, but i didn't go to make it."
tifu-test-07349,"i tried to get a pizza, got drunk with my boss."
tifu-test-07350,"i was a lot of my boss, got caught the school."
tifu-test-07351,"i tried to get a guy, got drunk and ended up my dad's house."
tifu-test-07352,i tried to get a store of my house.
tifu-test-07353,"i was a new girl and i had my hair,"
tifu-test-07354,i tried to get a new job of my nose.
tifu-test-07355,"i tried to get a girl, but i didn't know it was going out."
tifu-test-07356,"i tried to get a big room, ended up the door and got my house."
tifu-test-07357,"i tried to get a guy, got my dad's house."
tifu-test-07358,"i tried to get a guy, got drunk in my car."
tifu-test-07359,"i got a lot of my car, ended up in the door."
tifu-test-07360,"went to get a road, got caught my car."
tifu-test-07361,i was a joke of my friend's girl.
tifu-test-07362,"i got a lot of my head, ended up with the day."
tifu-test-07363,"i got drunk with my girlfriend, she was a girl."
tifu-test-07364,i tried to get a wrong of my phone and ended up the first time.
tifu-test-07365,"i was a girl, i didn't know my friend."
tifu-test-07366,"i tried to get a girl, got my friend and i was been the first time."
tifu-test-07367,"tried to get a girl with my girlfriend, she didn't have be her mom."
tifu-test-07368,"i tried to get a car, got caught up with the road and i'm stuck out of my house."
tifu-test-07369,"i tried to get a girl, got caught my friend and i was going out of the school."
tifu-test-07370,"i was a guy in my room, ended up out of the bathroom."
tifu-test-07371,"tried to be a girl, got my friend's boss."
tifu-test-07372,"i was a girl, got caught my phone and i am called the police."
tifu-test-07373,"i was a guy who got my friend,"
tifu-test-07374,"i tried to get a girl, got caught my car."
tifu-test-07375,"i was a guy in my friend's brother, i'm married and now he didn't know it."
tifu-test-07376,"i tried to make my nose and got a shower,"
tifu-test-07377,"i was a game of my friend, i didn't be play it."
tifu-test-07378,"i tried to get a new car, ended up my house."
tifu-test-07379,"tried to get a party, got caught up with my friend."
tifu-test-07380,"i tried to be a computer of my phone,"
tifu-test-07381,"tried to get a girl, ended up with my friend."
tifu-test-07382,"i went to get a girl, got drunk in my house."
tifu-test-07383,"i went to get a train, got caught my car."
tifu-test-07384,"i tried to get a dick, ended up my penis."
tifu-test-07385,"i tried to get a bar of my friend and got drunk, but i didn't make the first time."
tifu-test-07386,"i tried to get a new job, got stuck up the room."
tifu-test-07387,"i tried to get a school, got my friend and now i was going out of the teacher."
tifu-test-07388,"i tried to get a girl, got drunk with my girlfriend."
tifu-test-07389,"i tried to get a girl, got caught my car."
tifu-test-07390,i tried to get a bar of my dick and got caught up with the bathroom.
tifu-test-07391,"i tried to get a dick, ended up my penis."
tifu-test-07392,"i tried to get a girl, got caught up with my friend and ended out."
tifu-test-07393,i tried to get a girl with my phone and she was called her girlfriend.
tifu-test-07394,"i tried to get a girl, got my girlfriend and i'm stuck up out of the phone."
tifu-test-07395,i tried to get a bottle of my coffee.
tifu-test-07396,"i tried to get a guy, got caught the car."
tifu-test-07397,"i was a big girl, i didn't have be the first day."
tifu-test-07398,"tried to fix a new job, got stuck up the door."
tifu-test-07399,"i tried to get a kid, got caught my face of the school."
tifu-test-07400,"i told a girl, she was going to get the boss."
tifu-test-07401,"i tried to get a girl, i was going out of my car."
tifu-test-07402,"i tried to get a girl, got caught my car and ended up the door."
tifu-test-07403,i tried to make a chicken of my mom's house.
tifu-test-07404,"i fucked up my girlfriend and got a girl,"
tifu-test-07405,"i was a new job of my boss, but i didn't be the same time."
tifu-test-07406,"i was a girl, i didn't go to get the party."
tifu-test-07407,"i went to get a new car, got caught up in the train and ended out of my bus."
tifu-test-07408,"i tried to get a girl, i was going out of my girlfriend."
tifu-test-07409,"i was a girl, got drunk in my friend's house."
tifu-test-07410,"i tried to get a dog, got my house in the door."
tifu-test-07411,i didn't go to get a shower.
tifu-test-07412,"i was a lot of my friend and got drunk, ended up the hospital."
tifu-test-07413,"i tried to get a shower, ended up the bathroom and my toilet."
tifu-test-07414,"i was a joke of my friend, i didn't be the wrong."
tifu-test-07415,"i went to get a girl, ended up out of my friend."
tifu-test-07416,"i tried to get a girl, got caught up with my girlfriend."
tifu-test-07417,"tried to get a party, got stuck up my foot."
tifu-test-07418,"i tried to get a bathroom, ended up my toilet."
tifu-test-07419,"i tried to get a job, ended up my house."
tifu-test-07420,"tried to get a girl, got caught up with my friend."
tifu-test-07421,"tried to get a girl, ended up out of my friend."
tifu-test-07422,"i was a big friend and got my head,"
tifu-test-07423,"i got drunk with my friend, ended up a girl and i was going to get drink."
tifu-test-07424,"i tried to get a chicken of my nose, got stuck up the first day."
tifu-test-07425,"i didn't go to get a school,"
tifu-test-07426,"tried to get a new computer, got stuck up my house."
tifu-test-07427,"tried to wash my toilet, ended up a shower."
tifu-test-07428,"i tried to get a car, got caught my house."
tifu-test-07429,"tried to take a toilet, got drunk and ended up my bathroom."
tifu-test-07430,"i tried to get a kid, got stuck up my dad's house."
tifu-test-07431,"i tried to get a guy, i was stuck up my dad's phone."
tifu-test-07432,"i went to get a lot of my house, got caught up out."
tifu-test-07433,"i tried to get a fire, got stuck up my house."
tifu-test-07434,"i tried to get a girl, got caught my friend and i was stuck up the police."
tifu-test-07435,"i tried to get a shower, got my bathroom and i was stuck up the toilet."
tifu-test-07436,"i tried to get a new job, i didn't know it."
tifu-test-07437,"i tried to get a train, ended up my car."
tifu-test-07438,"tried to get a shower, ended up my nose and got caught the bathroom."
tifu-test-07439,"i tried to get a girl, ended up my car."
tifu-test-07440,i tried to get a store of my car.
tifu-test-07441,"i tried to get a shit, ended up the toilet."
tifu-test-07442,"i was a lot of my boss, got to get the fridge."
tifu-test-07443,"i tried to get a guy and got drunk with my friend,"
tifu-test-07444,"i was a job of my boss, i didn't be work."
tifu-test-07445,"i tried to play a new game of the movie, got stuck up my phone."
tifu-test-07446,"tried to get a big foot, got stuck up my finger and ended out of the hospital."
tifu-test-07447,"i tried to get a girl with my girlfriend, got caught up out."
tifu-test-07448,i didn't know my mom's dad and i was a little kid.
tifu-test-07449,"i tried to get a few day, got sick and ended up the hospital."
tifu-test-07450,"i tried to get a new computer, ended up my laptop."
tifu-test-07451,"i tried to get a girl, got drunk with my girlfriend."
tifu-test-07452,"tried to get a guy, got caught the car."
tifu-test-07453,"i tried to get a shower, got caught my bathroom and ended up the toilet."
tifu-test-07454,"i tried to get a shit and got my mom,"
tifu-test-07455,"tried to get a guy, got caught up out of my face."
tifu-test-07456,i was a new job of my boss.
tifu-test-07457,"i tried to get a new school, ended up my teacher and now i was going to make it."
tifu-test-07458,"i tried to get a car, got stuck up my phone."
tifu-test-07459,"i went to get a girl, got caught my mom's house."
tifu-test-07460,i was a joke of my friend's party.
tifu-test-07461,"tried to take a shower, ended up my nose."
tifu-test-07462,"tried to get a car, got caught up the road."
tifu-test-07463,"i tried to get a kid, got caught the school."
tifu-test-07464,i was a girl and i'm going to get the school.
tifu-test-07465,"i tried to get a dick, got my penis and ended up the bathroom."
tifu-test-07466,"i was a girl, i didn't know her friend."
tifu-test-07467,"i was a girl, i didn't know my mom."
tifu-test-07468,"i was a girl, i didn't get my girlfriend."
tifu-test-07469,i tried to make a picture of my computer and ended up the photo.
tifu-test-07470,"i tried to get a cat dog, got caught my house."
tifu-test-07471,"i went to get a girl, got caught my friend and she was going out of the first day."
tifu-test-07472,"i tried to get a bottle, got stuck up my nose."
tifu-test-07473,"i got drunk with my girlfriend and ended up a girl,"
tifu-test-07474,"i tried to get a girl, got caught my girlfriend and ended up out of her friend."
tifu-test-07475,"i tried to get a girl with my girlfriend, ended up out of the date."
tifu-test-07476,"i tried to get a guy, ended up the party and got caught out of front."
tifu-test-07477,"i tried to get a dog of my cat, got caught up the hospital."
tifu-test-07478,i tried to get a new phone and now i didn't have be the computer.
tifu-test-07479,"i tried to get a car, got caught my truck and ended up the road."
tifu-test-07480,"i tried to get a girl, got caught my house."
tifu-test-07481,"i went to get a lot of my house, got caught out and ended up with the door."
tifu-test-07482,"i tried to make my finger of the hand,"
tifu-test-07483,i tried to get a picture of my face.
tifu-test-07484,"i tried to get a wrong of my car, got stuck up the road."
tifu-test-07485,i tried to get a new sun of my nose.
tifu-test-07486,"i tried to use a new computer, ended up it was stuck."
tifu-test-07487,i tried to make a fire of my finger and got burnt up the floor.
tifu-test-07488,"i tried to pay my car, got a few weeks."
tifu-test-07489,"i tried to get a picture of my internet, ended up the photo."
tifu-test-07490,"i tried to get a car, got stuck up the road."
tifu-test-07491,"tried to be a girl,"
tifu-test-07492,"i went to get a shower and ended up my bathroom,"
tifu-test-07493,"i tried to get a new job, got caught my house."
tifu-test-07494,"i got a job of my boss, and i didn't have be work."
tifu-test-07495,i tried to play a band of the game.
tifu-test-07496,"tried to get a shower, got stuck up with my foot."
tifu-test-07497,i told my friend was a girl.
tifu-test-07498,i was a picture of my friend's wedding.
tifu-test-07499,i tried to get a new car.
tifu-test-07500,"i tried to get a girl, but i was going out of the wrong."
tifu-test-07501,"i tried to get a party, got caught my brother's house."
tifu-test-07502,"i tried to get a new job, i didn't know it was my friend."
tifu-test-07503,"i tried to get a new car, got stuck up my house."
tifu-test-07504,"i got a lot of my nose,"
tifu-test-07505,i tried to get a new job of my boss and i'm supposed it was going out.
tifu-test-07506,"i tried to get a few weeks of my foot, got stuck up the first day."
tifu-test-07507,"i tried to make a pot, i was stuck up my mom."
tifu-test-07508,"i was a girl, i didn't go to get my girlfriend."
tifu-test-07509,i'm my friend and i didn't be a new job.
tifu-test-07510,"i tried to get a car, got stuck up the road."
tifu-test-07511,"tried to get a girl, got stuck up my nose."
tifu-test-07512,"i tried to make the microwave, i was burnt my house."
tifu-test-07513,"i tried to get a new phone, got stuck up my car."
tifu-test-07514,"i went to get a girl, got caught out of my friend."
tifu-test-07515,"i got a girl, i was called my friend's mom."
tifu-test-07516,"i tried to get a guy, got stuck up the police."
tifu-test-07517,"i was a job of my boss, got caught up to get the same day."
tifu-test-07518,i tried to get a new gift of my wallet.
tifu-test-07519,i tried to make my nose and got a new hair.
tifu-test-07520,"i tried to get a exam, ended up my teacher was the school."
tifu-test-07521,"tried to get a girl, got caught my girlfriend and i was going out of the house."
tifu-test-07522,i was a kid and i'm my friend's brother.
tifu-test-07523,"i tried to get a girl, got caught up with my girlfriend and ended out of the room."
tifu-test-07524,"i tried to get a girl, ended up my friend and got out of the first day."
tifu-test-07525,"i tried to get a kid, got caught the school and i was stuck up my face."
tifu-test-07526,"i got a fire of my house,  "
tifu-test-07527,"tried to take a girl, got caught up with my mom's house."
tifu-test-07528,"i was a girl, got caught my house and ended up the bathroom."
tifu-test-07529,"i tried to make my face of the shower, i was a new hair."
tifu-test-07530,"i was a wrong of my friend, got caught the same time."
tifu-test-07531,"i was a lot of my friend, i didn't know it's wrong."
tifu-test-07532,"i didn't be a wrong of my teacher,"
tifu-test-07533,"i tried to get my house, and got stuck up the floor."
tifu-test-07534,"tried to make a shower, got burnt up my house."
tifu-test-07535,i tried to get a new computer and i was stuck up my boss.
tifu-test-07536,"tried to get a bar, got an guy in the boss."
tifu-test-07537,"i tried to get a shit and got my car, ended up the bathroom."
tifu-test-07538,"i tried to get a guy, got caught up my friend and ended out of the house."
tifu-test-07539,"tried to get a water, ended up my house."
tifu-test-07540,"i tried to get a shower with my hair,"
tifu-test-07541,"tried to be a girl, ended up my mother's house."
tifu-test-07542,"i tried to get a guy, got caught the park and ended up my dog."
tifu-test-07543,"tried to take my eye, ended up the face of a doctor."
tifu-test-07544,"i tried to make my house, i was a new cat in the door."
tifu-test-07545,"i tried to get a girl, i didn't know it was my girlfriend."
tifu-test-07546,"i tried to get a little friend, got an few day."
tifu-test-07547,"i went to get a party, got drunk with my friend's house."
tifu-test-07548,"i tried to get a girl, got my friend i was supposed it."
tifu-test-07549,"i tried to get a new car, got stuck up my phone."
tifu-test-07550,"i tried to get a doctor, got my nose and ended up the hospital."
tifu-test-07551,"i tried to get a pizza, but i'm stuck up my friend."
tifu-test-07552,"i was a girl, i didn't be going to go out."
tifu-test-07553,"went to get a movie of the theater, ended up with my first time."
tifu-test-07554,"i tried to make a new house, got stuck up my phone."
tifu-test-07555,"tried to get a shower, ended up the toilet."
tifu-test-07556,"i was a new job of my boss,  "
tifu-test-07557,"i tried to get a water, got my nose."
tifu-test-07558,"i tried to get a girl, ended up my girlfriend."
tifu-test-07559,"i tried to get a girl, got caught up with my friend."
tifu-test-07560,"i tried to get a new car, got stuck up my friend and ended out of the road."
tifu-test-07561,"i tried to get a new car, got stuck up the store."
tifu-test-07562,"i tried to get a school, got my friend was an teacher."
tifu-test-07563,i tried to play a game of my friend.
tifu-test-07564,"i tried to get a shower, ended up my bathroom."
tifu-test-07565,"i tried to play a video of my internet, ended up the game."
tifu-test-07566,"i tried to get a new car, got stuck up my house."
tifu-test-07567,"i tried to get a few year, got my school and i didn't have do be the class."
tifu-test-07568,"i tried to get a pizza, ended up the first day."
tifu-test-07569,"i tried to get a train, got stuck up my car."
tifu-test-07570,"tried to get a girl, got caught up with my face of the bathroom."
tifu-test-07571,"i tried to get a big house, got caught the door."
tifu-test-07572,"i got a lot of my friend, ended up with the first time."
tifu-test-07573,"tried to get a bathroom, ended up the toilet."
tifu-test-07574,"i was a girl, i didn't know my girlfriend."
tifu-test-07575,"i tried to eat my house,"
tifu-test-07576,"tried to get a shower, got caught up my nose."
tifu-test-07577,"i tried to get a girl, got my mom's house."
tifu-test-07578,"i tried to get a doctor, i didn't take the hospital."
tifu-test-07579,"i tried to get a shower,"
tifu-test-07580,"i tried to get a snow, got my car in the road."
tifu-test-07581,"i tried to get a new school, ended up my teacher and i didn't have be an few weeks."
tifu-test-07582,i tried to get a few time of the first day.
tifu-test-07583,"i tried to get my phone, i'm a new phone."
tifu-test-07584,"i tried to get a car, got stuck up the road and ended out of my bike."
tifu-test-07585,"i tried to get a girl, ended up my boss."
tifu-test-07586,"i tried to get a exam, ended up my teacher's school."
tifu-test-07587,"i tried to get a shit, got caught my car and ended up the hospital."
tifu-test-07588,"i was a girl, i'm busy to my boss."
tifu-test-07589,"i tried to get a girl, i was my girlfriend and she didn't know it."
tifu-test-07590,"i tried to get a girl, but i didn't eat up my mom."
tifu-test-07591,"tried to get a girl, got stuck up with my face of the first time."
tifu-test-07592,"i tried to get a new dog, ended up my nose."
tifu-test-07593,"i tried to watch my dad's house,"
tifu-test-07594,"tried to get a car, got caught out of the road."
tifu-test-07595,"i tried to get a new car, but i'm stuck up my house."
tifu-test-07596,i tried to get a shower and got my house.
tifu-test-07597,"i was a joke of my friend,"
tifu-test-07598,i was a piss in my toilet and got caught the bathroom.
tifu-test-07599,"i tried to get a wrong of my car,"
tifu-test-07600,"i tried to get a job, i didn't know it was going out."
tifu-test-07601,"i tried to get a ride up the train, ended out of my foot."
tifu-test-07602,"i tried to get a girl, ended up my face."
tifu-test-07603,"i tried to get my dad's phone, got a new computer and i was stuck out of the same time."
tifu-test-07604,"i tried to get a girl, got caught my mom's car."
tifu-test-07605,i tried to get a picture of my friend's brother and i was been seen it.
tifu-test-07606,"i was a girl, i didn't get my mom's mother."
tifu-test-07607,"i tried to get a shower and got my face,"
tifu-test-07608,"i tried to make my face of the red skin,"
tifu-test-07609,"i tried to make the microwave, but i didn't eat up my house."
tifu-test-07610,"tried to get a guy, got caught my face of the arm."
tifu-test-07611,"tried to wash up my toilet,"
tifu-test-07612,"tried to get a girl, got caught my girlfriend and ended up the door."
tifu-test-07613,"i tried to make my house, got a fire and i was burnt up the floor."
tifu-test-07614,"i tried to get a girl, ended up my mom's house and now i was going out of the hospital."
tifu-test-07615,"tried to get a girl, got caught my cat and ended up the dog."
tifu-test-07616,"i went to get a train, got caught up the bus."
tifu-test-07617,"i tried to get a doctor, ended up the hospital."
tifu-test-07618,"i tried to get a lot of my finger, got stuck up the hand."
tifu-test-07619,"tried to get a bike, got stuck up my car."
tifu-test-07620,"i tried to get a girl, got caught my girlfriend and ended up with the first time."
tifu-test-07621,i tried to fix my computer and i didn't be a new laptop.
tifu-test-07622,"i tried to get a shower, ended up my house."
tifu-test-07623,i tried to make my house.
tifu-test-07624,i tried to send my phone and got a new computer.
tifu-test-07625,"i tried to get a girl, ended up my car."
tifu-test-07626,"i tried to get a girl, got caught up the fire."
tifu-test-07627,"tried to get a girl, got caught up with my girlfriend and ended out of the first day."
tifu-test-07628,"tried to get a car, got stuck up the road."
tifu-test-07629,"i tried to get a pool, got stuck up my house."
tifu-test-07630,"i tried to get a girl, but i didn't know it was the school."
tifu-test-07631,"i tried to eat a chicken, ended up the freezer."
tifu-test-07632,"i tried to be a new phone, ended up my boss."
tifu-test-07633,i tried to get my nose and got a little head of the face.
tifu-test-07634,"i tried to get a girl, got caught up my head and ended out of the first day."
tifu-test-07635,"i tried to get a girl, i'm my brother's face."
tifu-test-07636,"i tried to make a pizza, i was really like it."
tifu-test-07637,"i tried to get a new house, got stuck up my mom's dad."
tifu-test-07638,"i tried to get a party, got drunk with my head of the first day."
tifu-test-07639,"i tried to get a guy, ended up my dad's face."
tifu-test-07640,"i tried to get a wrong of my teacher, but i didn't know it was going out."
tifu-test-07641,"i went to get a party, got caught my wedding."
tifu-test-07642,"tried to get a girl,"
tifu-test-07643,"i tried to make my house, got a few day."
tifu-test-07644,"i tried to fix my laptop, i'm a new computer."
tifu-test-07645,"i tried to get a job, got caught my boss."
tifu-test-07646,i fucked up my phone and now i'm gonna't have a shit.
tifu-test-07647,"tried to get a party, got caught up with the house."
tifu-test-07648,"i tried to get a new room, ended up my house."
tifu-test-07649,"i tried to get a big car, got stuck up my head of the road."
tifu-test-07650,"i tried to get a girl, got caught my head and ended up the shower."
tifu-test-07651,i was a game of my friend and got to be the school.
tifu-test-07652,"i tried to get a toilet, ended up the bathroom."
tifu-test-07653,i didn't know my dad's family and he was a few weeks.
tifu-test-07654,"tried to get a cat, got caught up with my foot."
tifu-test-07655,"i was a class of my teacher,"
tifu-test-07656,"i went to get a school, ended up in the class."
tifu-test-07657,"i tried to make a lot of my house, but i didn't be the fire."
tifu-test-07658,"i tried to get a new car, ended up my phone."
tifu-test-07659,"i tried to get a cat, got caught my house."
tifu-test-07660,"i tried to get a new car, but i didn't go up my house."
tifu-test-07661,"i tried to get a little kid, ended up the room."
tifu-test-07662,"i tried to get a girl, ended up my mom's house."
tifu-test-07663,"tried to get a shower, got caught out of my face."
tifu-test-07664,"i tried to get a lot of my gym, ended up the first day."
tifu-test-07665,"i tried to get a door, ended up my friend's house."
tifu-test-07666,"i was a big job, i didn't get my boss."
tifu-test-07667,"i tried to get a girl, ended up my nose and got caught the hospital."
tifu-test-07668,"i tried to be a new room of the fire, i was stuck up it."
tifu-test-07669,"tried to get a ticket, got caught up my friend."
tifu-test-07670,"i was going to get a ticket, got caught up for the hotel."
tifu-test-07671,"i tried to get a wrong of my room, ended up the bathroom."
tifu-test-07672,"i tried to get a bar of the door, ended up my house."
tifu-test-07673,"i tried to buy a new laptop, now i was stuck up it."
tifu-test-07674,"tried to get a guy, ended up with my face."
tifu-test-07675,"i tried to get a girl, i didn't go out of my mom."
tifu-test-07676,i was a kid and i'm dad's house.
tifu-test-07677,"i tried to get a guy, got my friend's friends."
tifu-test-07678,"i tried to get a new job of my face, got stuck up the first time."
tifu-test-07679,"i tried to get a girl, but i didn't know it was the bathroom."
tifu-test-07680,"i tried to make a fire, got burnt my house."
tifu-test-07681,"i tried to get a few day, got stuck up my car."
tifu-test-07682,"i tried to get a dog of the tree, and got caught it was stuck up."
tifu-test-07683,"tried to get a girl, ended up my nose."
tifu-test-07684,"i tried to wash my toilet,"
tifu-test-07685,"i tried to get a bar of my friend, got caught it was going out."
tifu-test-07686,"i tried to get a new job of my boss, and got stuck up the first time."
tifu-test-07687,"i tried to get a girl, got caught my house and ended up the bathroom."
tifu-test-07688,"i went to get a school, got caught my boss and ended up the police."
tifu-test-07689,"i got a lot of my head,"
tifu-test-07690,"i tried to get a few weeks of my house, ended up the first day."
tifu-test-07691,"tried to get a shower, got an water and ended up my nose."
tifu-test-07692,"tried to get a door, ended up my house."
tifu-test-07693,i tried to get a water and got my house.
tifu-test-07694,"i tried to get a big job and got stuck up my face,"
tifu-test-07695,"i tried to get a girl and i was been the cat,"
tifu-test-07696,"i tried to get a lot of my house, ended up the first day."
tifu-test-07697,"tried to get a big friend, got caught the police of my car."
tifu-test-07698,"i tried to get a girl, ended up my boss."
tifu-test-07699,"i tried to get a shit, got my bathroom and i was stuck up the toilet."
tifu-test-07700,"tried to make a shower with my penis, ended up the bathroom."
tifu-test-07701,"i tried to get a kid and got an school, ended up my head."
tifu-test-07702,"i tried to get a little dog, got caught the school."
tifu-test-07703,i tried to get a few day of my house.
tifu-test-07704,i tried to make a shower of my house.
tifu-test-07705,"i was a cat of my dog's house, i had been to the room."
tifu-test-07706,"i tried to get a girl, got caught up the party and ended out of my friend."
tifu-test-07707,"i tried to get a bar of my friend, got caught up the bathroom."
tifu-test-07708,"i went to get a guy, got drunk with my friend."
tifu-test-07709,"i tried to get a new mom's car,"
tifu-test-07710,"i tried to get a little kid, ended up the school."
tifu-test-07711,"i tried to get a new computer of my phone, ended up it was going out."
tifu-test-07712,"i was going to get a girl, got caught up with my girlfriend and she didn't go out."
tifu-test-07713,"i tried to get a girl, ended up my girlfriend."
tifu-test-07714,"tried to get a girl, got caught my girlfriend and she was going out of the dog."
tifu-test-07715,"i tried to get a girl, got caught my girlfriend and she was married with her mom's house."
tifu-test-07716,"i tried to get a girl, got caught my friend's house."
tifu-test-07717,i tried to get a girl and got my friend's house.
tifu-test-07718,"i tried to get a bathroom, ended up the toilet."
tifu-test-07719,"i tried to get a shit, got stuck up the toilet."
tifu-test-07720,"i tried to get a girl, got caught my girlfriend and i'm stuck up the new car."
tifu-test-07721,"tried to get a girl, got caught my girlfriend."
tifu-test-07722,"i tried to get a guy, got caught my friend's house."
tifu-test-07723,"tried to take a dog, ended up the bathroom."
tifu-test-07724,"tried to get a girl, got caught up with my girlfriend."
tifu-test-07725,"tried to be a movie, got drunk."
tifu-test-07726,"i tried to get a girl, got caught my friend and i was going out of the school."
tifu-test-07727,"went to sleep with my bedroom, got a night."
tifu-test-07728,"i tried to get a new car, got my mom's house."
tifu-test-07729,"i tried to make my house,"
tifu-test-07730,"i went to get a bathroom, ended up the toilet."
tifu-test-07731,"i went to get a girl, got caught out of my friend and i didn't know it's family."
tifu-test-07732,"i tried to eat my house,"
tifu-test-07733,"i tried to get a few day, got my house."
tifu-test-07734,"i tried to get a kid, got caught my dad's house."
tifu-test-07735,"i got drunk with a girl, ended up out of my girlfriend."
tifu-test-07736,"i tried to get a shower with my girlfriend, ended up the bathroom."
tifu-test-07737,"tried to get a shower, got stuck up my foot."
tifu-test-07738,"i was a cat of my dog,"
tifu-test-07739,"i tried to take my toilet,"
tifu-test-07740,"i tried to get a girl with my friend, i'm not know it was going out."
tifu-test-07741,i tried to get a girl with my friend's school.
tifu-test-07742,"i tried to get a game, got my friend and ended up the first time."
tifu-test-07743,"i tried to get a picture of my friend's dad, i was supposed out."
tifu-test-07744,"i tried to get a girl, ended up my face."
tifu-test-07745,i was a wrong of my mom's mother.
tifu-test-07746,"i tried to get a few of my house, ended up the floor."
tifu-test-07747,"i tried to make the toilet, ended up my house."
tifu-test-07748,"i tried to get a porn, ended up my penis and i was stuck out of the first time."
tifu-test-07749,"tried to get a shower, ended up my pants."
tifu-test-07750,"tried to get a girl, got caught my car."
tifu-test-07751,"i went to get a shower and got my foot,"
tifu-test-07752,"i tried to get a guy, got stuck up my boss."
tifu-test-07753,"i tried to get a train, ended up my car and got caught the bus."
tifu-test-07754,"tried to get a shower, got stuck up my foot."
tifu-test-07755,"i was a girl, i didn't know it's mom."
tifu-test-07756,i got a job of my boss and now i didn't be the work.
tifu-test-07757,"i tried to make my house, got a shower and ended up the bathroom."
tifu-test-07758,"i tried to get a game, ended up my hand and got stuck into the floor."
tifu-test-07759,"i tried to get a dog, got caught my cat and ended up out of the foot."
tifu-test-07760,"i tried to get a girl, got drunk and i was going out of my mom's house."
tifu-test-07761,i tried to get a new game of my friend.
tifu-test-07762,"tried to get a girl, ended up my face of the first day."
tifu-test-07763,"i tried to get a new house, got caught the fire and ended up my apartment."
tifu-test-07764,"i tried to get a girl, got caught out of my friend."
tifu-test-07765,"tried to get a girl, got drunk with the bathroom."
tifu-test-07766,"i tried to get a dog, got my cat in the door."
tifu-test-07767,"tried to be a job, got my boss."
tifu-test-07768,"tried to get a beach, got caught the shower."
tifu-test-07769,"i tried to get a girl, got caught the school and ended up out of my boss."
tifu-test-07770,"i tried to get a girl, ended up my girlfriend."
tifu-test-07771,"i tried to fix my laptop, now i didn't be a new computer."
tifu-test-07772,"i tried to get a girl, but i didn't know her girlfriend."
tifu-test-07773,"i tried to get a shower and got my bathroom,"
tifu-test-07774,"i tried to get a girl, got drunk in my friend."
tifu-test-07775,"i didn't know my bathroom,"
tifu-test-07776,"i went to get a shower, got caught my foot and ended up in the school."
tifu-test-07777,"i was a guy in the house, got caught my car and ended up to get an door."
tifu-test-07778,"tried to get a girl, got caught up my friend."
tifu-test-07779,"tried to get a shower, got caught my bathroom and ended up the toilet."
tifu-test-07780,"i thought i was going to get a pizza,"
tifu-test-07781,"i tried to get a girl, ended up my girlfriend and she was going out."
tifu-test-07782,"i tried to get a guy, i didn't know it."
tifu-test-07783,"i went to get a girl, got caught my mother's house."
tifu-test-07784,"went to get a car, got caught up with the road."
tifu-test-07785,"i tried to get a girl, got my friend and ended up the first time."
tifu-test-07786,"tried to make a water, got stuck up my house."
tifu-test-07787,"i tried to get a school, got my teacher was stuck up."
tifu-test-07788,i tried to get a new room and got stuck up the school.
tifu-test-07789,"i tried to get my house, got a shower and ended up the floor."
tifu-test-07790,"i tried to get a kid, ended up my dad's house."
tifu-test-07791,"i tried to get a bathroom, got my toilet and ended up the shower."
tifu-test-07792,"i was a game of the class and got to get my face,"
tifu-test-07793,"i tried to get a guy and got my house,"
tifu-test-07794,"i tried to get a girl, i was going out of my friend."
tifu-test-07795,"i went to get a girl, got caught out of my friend."
tifu-test-07796,"tried to eat a cake, got my mom's house."
tifu-test-07797,i was a lot of my friend and i didn't go to get the first day.
tifu-test-07798,i tried to get a bottle of my nose and i'm stuck up the doctor.
tifu-test-07799,"i tried to get a girl, i was going out of my friend and she didn't know it."
tifu-test-07800,i was a new job of my friend and i didn't know it.
tifu-test-07801,"tried to get a tree, ended up my foot."
tifu-test-07802,i was a cat in my house and got to get the bathroom.
tifu-test-07803,"i tried to get a shower, ended up my bathroom and got caught the toilet."
tifu-test-07804,"i tried to get a guy, got drunk with my friend."
tifu-test-07805,"i tried to get a girl with my friend,"
tifu-test-07806,"i tried to get a shower and got my bathroom,"
tifu-test-07807,i was a wrong of my phone and i didn't get the bank.
tifu-test-07808,"i tried to get a girl, got caught my car in the bus."
tifu-test-07809,i tried to get a new car and got stuck up the road.
tifu-test-07810,"i tried to get a girl with my girlfriend and got drunk, ended up the bathroom."
tifu-test-07811,i tried to play a movie of the first time.
tifu-test-07812,"i thought i'm a girl,"
tifu-test-07813,"i was a girl, i didn't know her mother."
tifu-test-07814,"i tried to get a girl with my friend, i was going out of the first time."
tifu-test-07815,i tried to get a shower and got my face of the first day.
tifu-test-07816,"i tried to get a train, ended up in the door."
tifu-test-07817,"i tried to get a new car, ended up my garage."
tifu-test-07818,"i was a kid and i didn't get the school,"
tifu-test-07819,"went to get a girl, got caught up with my girlfriend."
tifu-test-07820,"i tried to get a girl with my girlfriend, she didn't know i'm married."
tifu-test-07821,"i tried to get a girl, got caught the first time of my friend."
tifu-test-07822,"tried to take a shower,"
tifu-test-07823,"i tried to eat a chicken of my cat, i was stuck up it."
tifu-test-07824,"i tried to get a car, got stuck up the door and ended out of my phone."
tifu-test-07825,"i went to make my house and got a shower,"
tifu-test-07826,"i tried to eat a pizza, got my house."
tifu-test-07827,"i tried to get a chicken of my cat, i was stuck up it."
tifu-test-07828,i tried to be a room of the door and ended up my house.
tifu-test-07829,"i tried to get a picture of my friend, got caught it was going out."
tifu-test-07830,"i tried to get a game of my friend, got stuck up the guy."
tifu-test-07831,"i tried to get a guy, got caught up my car."
tifu-test-07832,"i got drunk with my friend and i was a party,"
tifu-test-07833,"tried to get a big friend, ended up with the hospital."
tifu-test-07834,i tried to make a fridge and i didn't get my house.
tifu-test-07835,"i tried to make a bottle of the water, got stuck up my toilet."
tifu-test-07836,"i tried to get a girl, got an new job."
tifu-test-07837,"i was a job of my boss, and i didn't be an few weeks."
tifu-test-07838,"i tried to get a girl, got my penis and ended up the bathroom."
tifu-test-07839,"i got drunk with a girl, i was going to get my friend."
tifu-test-07840,i told a job of my boss.
tifu-test-07841,"i tried to clean my toilet,"
tifu-test-07842,"i tried to buy a bunch of my family, and got stuck up the new gift."
tifu-test-07843,"i got a job of my boss, but i'm supposed to get an few weeks."
tifu-test-07844,"tried to get a girl, got caught up with my girlfriend."
tifu-test-07845,"i tried to make my own house,"
tifu-test-07846,i was a joke of my boss.
tifu-test-07847,"i tried to get a girl, got caught my girlfriend and ended up the first day."
tifu-test-07848,"i didn't know i'm a fuck,"
tifu-test-07849,"tried to get a girl, got caught up with my girlfriend."
tifu-test-07850,"i tried to get a girl, ended up out of my girlfriend."
tifu-test-07851,"i was a dog of my cat, ended up it's house."
tifu-test-07852,"tried to get a car, got caught out of the road."
tifu-test-07853,"i tried to get a game, got stuck up my arm."
tifu-test-07854,i got a guy for the car and i was fired up my wallet.
tifu-test-07855,"i tried to get a girl, got my girlfriend and i was going out."
tifu-test-07856,"i tried to make my house and got a fire,"
tifu-test-07857,"i tried to get a girl, got my boss and i didn't know her job."
tifu-test-07858,"i tried to get a new laptop, ended up my phone."
tifu-test-07859,"i tried to make my house and i was a new room,"
tifu-test-07860,"i tried to get a room, ended up the door in my house."
tifu-test-07861,"i tried to get a picture of my friend's house, i was stuck up the phone."
tifu-test-07862,"i tried to make my fridge,"
tifu-test-07863,"i was a joke of my friend, i didn't know it."
tifu-test-07864,"i tried to get a shower, ended up my nose."
tifu-test-07865,"i tried to get a guy, got my friend was called the police."
tifu-test-07866,"i tried to get a doctor, ended up my face of the hospital."
tifu-test-07867,i was a joke of my dad's father.
tifu-test-07868,"i tried to get a train, got caught up my car."
tifu-test-07869,"i tried to be a girl, she was slept up the bed."
tifu-test-07870,"i tried to get a truck, got stuck up my car and ended up the hospital."
tifu-test-07871,"i tried to get a car, got stuck up my house."
tifu-test-07872,"i was going to get a few weeks, got caught up the car and ended out of my house."
tifu-test-07873,"i tried to get a school, got caught my teacher and i didn't know it."
tifu-test-07874,"i tried to fix my house, got a fire on the floor."
tifu-test-07875,"tried to get a guy, got caught up with the road."
tifu-test-07876,"i was a new job, got my boss and i didn't know it."
tifu-test-07877,"i tried to make my house, ended up the floor and got a little day."
tifu-test-07878,"i tried to make my mom's mother,"
tifu-test-07879,i was a lot of my house and got to get the door.
tifu-test-07880,"i tried to get a girl, got caught my girlfriend and ended up the first day."
tifu-test-07881,"i tried to get a wrong, ended up the school."
tifu-test-07882,i tried to get a picture of my friend and i was an new boss.
tifu-test-07883,"i went to get a new friend, got caught the train of my car."
tifu-test-07884,"i tried to get a girl, got drunk with my girlfriend."
tifu-test-07885,"i tried to get a guy, got drunk with my friend and ended up the first day."
tifu-test-07886,"i tried to get a guy, got caught my house."
tifu-test-07887,"i went to get a school, got caught my friend and i was going to go out of the police."
tifu-test-07888,"i tried to use a new car, ended up my garage."
tifu-test-07889,i tried to get my phone and got a new day.
tifu-test-07890,"i tried to get a big job, got fired up my boss."
tifu-test-07891,"i was a lot of my friend, i didn't be an few weeks."
tifu-test-07892,"i was a game of my friend, i'm going to go out."
tifu-test-07893,"i tried to get a guy, got drunk with my friend and he was caught out of the house."
tifu-test-07894,"i tried to get a new car, ended up my house."
tifu-test-07895,"went to get drunk, got a girl with my girlfriend."
tifu-test-07896,i was a job of my boss.
tifu-test-07897,"tried to get a shower, got stuck up my foot."
tifu-test-07898,"i tried to get a wrong of my school, ended up the first time."
tifu-test-07899,"i tried to get a guy, ended up the school and got caught my boss."
tifu-test-07900,"tried to get a beach, got caught up with my foot."
tifu-test-07901,"i tried to get a girl, i was going out of my mom's mother."
tifu-test-07902,"i was a joke of my friend,"
tifu-test-07903,"i tried to get a shower, ended up my toilet and got stuck in the bathroom."
tifu-test-07904,"i tried to get a guy, got caught my friend and ended up with the police."
tifu-test-07905,"i tried to make my house, i was a shower."
tifu-test-07906,i told my friend i was a guy.
tifu-test-07907,"i went to get a bottle, got drunk and ended up my hand."
tifu-test-07908,i was a joke of my friend and i didn't know it.
tifu-test-07909,"i tried to get a girl, ended up my girlfriend and got caught out of the room."
tifu-test-07910,"i tried to get a girl, got my nose and ended up out of the face."
tifu-test-07911,"i tried to get a picture of my friend, ended up the same time."
tifu-test-07912,"went to get a guy, got caught out of the train and ended up with my friend."
tifu-test-07913,"i tried to get a new finger, got stuck up my thumb of the first day."
tifu-test-07914,"i tried to get a key keys, got caught my mom's house."
tifu-test-07915,"i tried to get a guy, got stuck up my head and ended up the school."
tifu-test-07916,"i tried to get a trash, ended up the store."
tifu-test-07917,"i tried to get a little friend's house, i was married out of my dad."
tifu-test-07918,"i tried to make a new job, got stuck up my house."
tifu-test-07919,i was a big job of my boss and i didn't get the same time.
tifu-test-07920,"i tried to get a girl,"
tifu-test-07921,"i tried to get a new car, got caught my dad's house."
tifu-test-07922,"i tried to use a fire, ended up my hand."
tifu-test-07923,"i was a game of my friend's party,"
tifu-test-07924,"i tried to get a new car, got stuck up my house."
tifu-test-07925,"i tried to get a girl with my girlfriend, i was married up out of her friend."
tifu-test-07926,"i was a lot of my friend, i didn't go to take the hospital."
tifu-test-07927,"i tried to get a girl, ended up my girlfriend and i was going out of the first time."
tifu-test-07928,"i tried to get a girl, got caught up the bathroom."
tifu-test-07929,i was going to get a game of my friend and got stuck up the wrong.
tifu-test-07930,i was a cat of my dog and i had be the bed.
tifu-test-07931,"i tried to get a car, got caught up in the road."
tifu-test-07932,"tried to get a girl, got caught up with the school."
tifu-test-07933,"i tried to get a big dog, ended up my house."
tifu-test-07934,i was a joke of my teacher and i didn't be an professor.
tifu-test-07935,"tried to get a fire, got caught up my house."
tifu-test-07936,"i tried to get a dog, got my friend's cat and now i didn't know it."
tifu-test-07937,"tried to get a girl, ended up out of my house."
tifu-test-07938,"i was a joke of the school, got caught up my friend."
tifu-test-07939,i tried to see my brother's dad and i was a little mom.
tifu-test-07940,i tried to be a new computer of my phone.
tifu-test-07941,"i tried to get a girl, i was stuck up my mom."
tifu-test-07942,"i tried to get a shower, ended up the bathroom."
tifu-test-07943,"i tried to get a new phone,"
tifu-test-07944,"i tried to get a guy, got an kid in the game."
tifu-test-07945,"i tried to get a picture of my friend, and got caught it was supposed out."
tifu-test-07946,"i was a girl, i didn't get my boss."
tifu-test-07947,"i tried to get a girl, ended up my head of the first time and got caught it was stuck in front."
tifu-test-07948,i was a lot of my friend and i didn't be the first day.
tifu-test-07949,"i tried to get a pizza, got an chicken and ended up the sandwich."
tifu-test-07950,"tried to get a big car, got caught up the road of my arm."
tifu-test-07951,"i tried to be a lot of my nose,"
tifu-test-07952,"i tried to get a shit, got out of the bathroom."
tifu-test-07953,"tried to get a gym, got stuck up the ground of my leg."
tifu-test-07954,"i tried to get a girl, ended up out of the school."
tifu-test-07955,"i tried to get a shower, ended up the bathroom and got caught my toilet."
tifu-test-07956,"i was a shit in the bathroom, ended up my toilet."
tifu-test-07957,i tried to get a new date of my face.
tifu-test-07958,"i tried to get a new computer, got stuck up the phone."
tifu-test-07959,"i was a job of my boss, i didn't be the same time."
tifu-test-07960,"i tried to send a picture of my phone,"
tifu-test-07961,"tried to get a girl, she was married her mother's mom."
tifu-test-07962,"i went to get a girl, got caught out of my mom's house."
tifu-test-07963,"i tried to get a guy of my friend,"
tifu-test-07964,"tried to get a girl, ended up my friend's house."
tifu-test-07965,"i tried to get a bike, ended up my car."
tifu-test-07966,"i tried to get a new computer, but i'm stuck up my phone."
tifu-test-07967,i didn't know that i'm like the same time.
tifu-test-07968,"i went to get a train, ended up my car and got caught the bus."
tifu-test-07969,"i tried to get a hospital, got stuck up my nose."
tifu-test-07970,"i went to get a few day, got caught my phone and ended up the first time."
tifu-test-07971,i tried to get a picture of my friend.
tifu-test-07972,"i tried to get a girl, got my girlfriend and ended up the room."
tifu-test-07973,"i tried to get a new room, ended up my house."
tifu-test-07974,"i tried to get a door, got caught my house."
tifu-test-07975,"i was a girl, i didn't know it's friend."
tifu-test-07976,"i went to get a bathroom, got caught up in the toilet."
tifu-test-07977,i was a girl and i didn't know my teacher.
tifu-test-07978,i tried to get my dad's house and i was a new mom.
tifu-test-07979,"i tried to get a car, got caught my house."
tifu-test-07980,"i tried to get a little bit of my cat,"
tifu-test-07981,"i was a big friend, i didn't get my dad's house."
tifu-test-07982,"i was a lot of my friend, i tried to get an few day."
tifu-test-07983,"i tried to get a pizza, but i didn't eat up my house."
tifu-test-07984,i was a girl with my girlfriend and she didn't know i am going to make her friend.
tifu-test-07985,"tried to get a guy, got my foot and ended up the hospital."
tifu-test-07986,"i tried to get a girl, got caught my car and ended up out of the police."
tifu-test-07987,"tried to be a plane, ended up in the airport."
tifu-test-07988,"i tried to get a doctor, got my nose."
tifu-test-07989,"i tried to get a girl, got drunk with my girlfriend."
tifu-test-07990,"i tried to get a girl, i didn't know my mom's mother."
tifu-test-07991,"tried to get a guy, got stuck up with the floor."
tifu-test-07992,"i tried to get a new house, got stuck up the door."
tifu-test-07993,"i tried to be a guy, got an new boss."
tifu-test-07994,"i got a girl, she was going to get my girlfriend."
tifu-test-07995,"i tried to get a new car, but i didn't go out of my job."
tifu-test-07996,"i tried to get a girl and got my house,"
tifu-test-07997,i was a chicken of the first day.
tifu-test-07998,"i was a girl in my girlfriend, she had been to get the hospital."
tifu-test-07999,"i tried to get a few job, ended up the same time."
tifu-test-08000,"i tried to get a train, got stuck up my foot."
tifu-test-08001,"i was a cat in the toilet,"
tifu-test-08002,"i tried to get a girl, got my house."
tifu-test-08003,"i got drunk with my friend, ended up in the police and i was a shit."
tifu-test-08004,"i tried to get a kid, got drunk in the school."
tifu-test-08005,"i was a joke of my friend,"
tifu-test-08006,"i tried to get a picture of my friend, but i didn't know it was going out."
tifu-test-08007,"i tried to be a computer of my laptop, ended up the internet."
tifu-test-08008,"i tried to get a guy, got drunk in the police of my friend."
tifu-test-08009,"i tried to get a dog and got my cat,"
tifu-test-08010,"tried to get a car, got caught up my foot."
tifu-test-08011,i tried to make a picture of my gfit.
tifu-test-08012,"i tried to get a girl, got my girlfriend and i was going out of the same day."
tifu-test-08013,i didn't know i'm my mom's house.
tifu-test-08014,"tried to get a toilet, got caught up my bathroom."
tifu-test-08015,"i tried to get a girl, but i was stuck up my boss."
tifu-test-08016,"i tried to fix my phone and got a new computer,"
tifu-test-08017,"i tried to get a new car, got caught up my phone and ended out of the police."
tifu-test-08018,"i tried to get a girl, got caught my dad's house."
tifu-test-08019,"tried to get a girl, got caught up with my girlfriend."
tifu-test-08020,"i thought i was a job and my boss,"
tifu-test-08021,i got a job of my boss.
tifu-test-08022,"i tried to get a shower, ended up my face of the first day."
tifu-test-08023,"i tried to get a job of my boss, but i didn't have be work."
tifu-test-08024,i was a girl in my friend and i didn't know it.
tifu-test-08025,"tried to make a shower, got my face of the wall."
tifu-test-08026,"tried to get a shower, ended up my bathroom and got caught the toilet."
tifu-test-08027,"tried to get a water, got stuck up my car."
tifu-test-08028,"tried to get a girl, got caught out of the door."
tifu-test-08029,"i tried to get a girl, ended up out of my friend."
tifu-test-08030,"i thought i was a job, got to get the toilet."
tifu-test-08031,"i tried to get a guy, now i was my friend."
tifu-test-08032,"i ate a cat of my dog, got to eat it was sick."
tifu-test-08033,"i tried to get a new game, ended up my phone."
tifu-test-08034,"i tried to get a shower and got drunk, ended up my house."
tifu-test-08035,"i tried to make a chicken of my nose, i was burned up it."
tifu-test-08036,i was a girl and i didn't know it.
tifu-test-08037,"tried to get a guy, got caught up with my friend."
tifu-test-08038,"tried to get a dog, got caught up the cat."
tifu-test-08039,"i was a pissed my toilet,"
tifu-test-08040,"i got a lot of my car, ended up in the road."
tifu-test-08041,"tried to get a knife, got caught up with my friend."
tifu-test-08042,"i tried to get a new car, got stuck up my house."
tifu-test-08043,"i tried to get a lot of my mom, got drunk."
tifu-test-08044,"i tried to get a new car, got caught the door and ended up my house."
tifu-test-08045,"i tried to get a car, got caught my truck and ended up the road."
tifu-test-08046,"i tried to get a new girl, got stuck up my phone."
tifu-test-08047,"i tried to get a shower and got my face,"
tifu-test-08048,"i tried to get a kid, got caught my car and ended up out of the house."
tifu-test-08049,i was a guy in my boss and i had been to get the same job.
tifu-test-08050,"i went to get a girl, got caught out of my car."
tifu-test-08051,"i tried to get a girl, got caught my house and ended up the bathroom."
tifu-test-08052,"i tried to make my face of a girl,"
tifu-test-08053,"i tried to get a dog, i didn't tell my friend."
tifu-test-08054,"i tried to get a shower, ended up my house."
tifu-test-08055,"i tried to get a new house, ended up my car and got caught the door."
tifu-test-08056,"went to get a girl, got drunk with my friend and ended up out."
tifu-test-08057,"i tried to get a bottle of my face,"
tifu-test-08058,i was a joke of my boss.
tifu-test-08059,"i tried to get a shower and got my house, ended up the bathroom."
tifu-test-08060,"i tried to get a girl with my girlfriend, she was going out."
tifu-test-08061,"i tried to get a dog and got caught my car,"
tifu-test-08062,"tried to get a big car, got stuck up in the road."
tifu-test-08063,"i tried to get a new phone, but i didn't know it was my girlfriend."
tifu-test-08064,"i tried to send my wallet, got a new phone."
tifu-test-08065,my brother's dad was a kid.
tifu-test-08066,"i tried to get a girl, got my friend was an guy."
tifu-test-08067,"i tried to get a job, ended up my boss."
tifu-test-08068,"i tried to get a girl with my friend's girlfriend, she was going out of her sister."
tifu-test-08069,"i tried to get a shower, got caught my face."
tifu-test-08070,"i tried to get a guy, got stuck up my face."
tifu-test-08071,"i tried to get a new door, got stuck up my head of the floor and ended out."
tifu-test-08072,"i tried to get a girl, but i am going out of my friend."
tifu-test-08073,"i was a girl, i'm going to get my friend."
tifu-test-08074,"i tried to get my car and got a door,"
tifu-test-08075,"i tried to get a guy, got caught out of my friend and i was stuck up with the police."
tifu-test-08076,"i tried to get a guy, got caught the kid and ended up out of front."
tifu-test-08077,"tried to get a girl, got caught up with my girlfriend."
tifu-test-08078,"i tried to get a new job, got caught my phone."
tifu-test-08079,tried to get a picture of my phone.
tifu-test-08080,"tried to get a car, ended up the road."
tifu-test-08081,"tried to get a guy, got caught out of my friend."
tifu-test-08082,"i tried to get a little day, got stuck up my finger."
tifu-test-08083,"tried to make a fire, got burnt up my house."
tifu-test-08084,"i tried to get a game of the party, ended up my friend."
tifu-test-08085,"i was going to get a new job, got stuck up my phone."
tifu-test-08086,"i tried to make a new house, got stuck up my phone and now i'm not get the room."
tifu-test-08087,"tried to get a car, got stuck up with my dad's house."
tifu-test-08088,"i was a guy and my brother's friend, i had been to get the school."
tifu-test-08089,i was a picture of my girlfriend and i'm married to get her mom's family.
tifu-test-08090,"i tried to get a kid, got caught my house."
tifu-test-08091,"i tried to get a water, got my nose and ended up the hospital."
tifu-test-08092,i tried to get a lot of my nose.
tifu-test-08093,"tried to get a girl with my girlfriend,"
tifu-test-08094,"i tried to get a girl, ended up my girlfriend."
tifu-test-08095,"tried to be a girl, ended up my phone."
tifu-test-08096,"i was a wrong of my school, got caught to get an class."
tifu-test-08097,"i tried to get a car, ended up my mother's house."
tifu-test-08098,"i tried to make my house, got a shower."
tifu-test-08099,"went to get a girl, got caught my girlfriend and ended up the bathroom."
tifu-test-08100,i didn't know i'm a new birthday.
tifu-test-08101,"i tried to get a girl, got caught my teacher i was an school."
tifu-test-08102,"tried to get a girl, got caught my mom's house."
tifu-test-08103,"i tried to get a car, got stuck up the road."
tifu-test-08104,"i tried to get a girl, ended up my house."
tifu-test-08105,"i tried to get a girl, got drunk with my mom's house."
tifu-test-08106,"i tried to get a new girl, but i was stuck up the first day."
tifu-test-08107,"tried to get a guy, got caught out of my boss."
tifu-test-08108,"i tried to eat a cat dog, ended up my house."
tifu-test-08109,"i was a joke of my friend's brother,"
tifu-test-08110,"i went to get a few day, got caught up my phone."
tifu-test-08111,"tried to get a pit, got caught up my face of the floor."
tifu-test-08112,"i tried to get a game, got stuck up my hand."
tifu-test-08113,"i tried to get a party, got caught my dad's house."
tifu-test-08114,"i tried to get a new job, got stuck up my house."
tifu-test-08115,"i tried to get a girl, got drunk with my girlfriend."
tifu-test-08116,"i tried to get a wrong of the door, got stuck up out."
tifu-test-08117,"i tried to get a girl, i was going out of my girlfriend."
tifu-test-08118,"i went to get drunk, got a party with my friend and ended up out of the house."
tifu-test-08119,i was a lot of the middle time i didn't go to get an shit.
tifu-test-08120,"i tried to get a little kid, got stuck up my finger and ended out of the foot."
tifu-test-08121,i tried to make a fire of my house.
tifu-test-08122,"i tried to get a job, ended up my boss."
tifu-test-08123,"i tried to get a lot of my car, got stuck up and ended out in the shit."
tifu-test-08124,"i tried to get a wrong of the door,"
tifu-test-08125,"i went to get a new room of my house, got stuck up in the first time."
tifu-test-08126,"i tried to get a girl, got caught my girlfriend and i was going out of the first time."
tifu-test-08127,i was a girl with my girlfriend.
tifu-test-08128,"i tried to get a girl, ended up my pants and got stuck out of the wrong."
tifu-test-08129,"i tried to get a little girl, ended up my face."
tifu-test-08130,"i tried to get a girl, got caught my car and ended up the road."
tifu-test-08131,"i tried to get a car, got my bike and ended up the road."
tifu-test-08132,"i tried to get a new job, ended up my nose."
tifu-test-08133,"tried to get a shower, got stuck up my face."
tifu-test-08134,"i tried to get a girl, ended up with my girlfriend."
tifu-test-08135,"i tried to get a guy, got drunk in the road."
tifu-test-08136,"i tried to get a pizza, got drunk and ended up my face."
tifu-test-08137,"i tried to get a picture of my mom's family, and i was going to go out."
tifu-test-08138,"went to get a friend, got drunk with my car."
tifu-test-08139,"i tried to get a picture of my friend, i was stuck up the new guy."
tifu-test-08140,"i tried to get a girl, ended up my hair."
tifu-test-08141,"i tried to get a dick, ended up my penis."
tifu-test-08142,i got a new job of my friend and i was going to get the first day.
tifu-test-08143,"i tried to get a girl, got caught my car and ended up out of the road."
tifu-test-08144,"i tried to get a fire of my house,"
tifu-test-08145,"i was sick, i didn't have a shit."
tifu-test-08146,"i tried to get a girl,"
tifu-test-08147,"i went to get a bar, got drunk and ended up my house."
tifu-test-08148,i told my sister's family and she was married to tell her mom.
tifu-test-08149,"i tried to get a new computer, got stuck up my boss."
tifu-test-08150,"i tried to get a pizza, but i didn't buy my boss."
tifu-test-08151,"i tried to get a car, got caught up my house."
tifu-test-08152,"i tried to get a girl, got caught my mom's house."
tifu-test-08153,i was a girl in my friend and i didn't be the school.
tifu-test-08154,"i tried to get a car, got caught my house."
tifu-test-08155,"got drunk, got a shower and ended up my bathroom."
tifu-test-08156,"i tried to watch a movie of my mom, ended up the first day."
tifu-test-08157,"i tried to get a shower, got my bathroom and ended up the toilet."
tifu-test-08158,i tried to get a doctor.
tifu-test-08159,"i tried to get a girl, i didn't know it was going out of my friend."
tifu-test-08160,"i was a lot of my boss, but i didn't be going to make the same day."
tifu-test-08161,"i tried to get a toilet, ended up the bathroom."
tifu-test-08162,"i went to get a party, got drunk and ended up my car."
tifu-test-08163,"i tried to get a new job, ended up the floor and got stuck out of my boss."
tifu-test-08164,"i tried to get a bike, got stuck up my car and ended out of the road."
tifu-test-08165,"tried to be a girl, ended up my nose."
tifu-test-08166,"i tried to get a dog and got caught my cat, but he was killed him."
tifu-test-08167,"i tried to get a cat dog, got caught my house."
tifu-test-08168,"i tried to get a girl, but i didn't know it was not have the whole life."
tifu-test-08169,"i tried to get a bag, got stuck up the store of my car."
tifu-test-08170,"i tried to be a new boss, but i was been the same time."
tifu-test-08171,"i tried to get a pizza, ended up my cat."
tifu-test-08172,"i tried to get a girl, got caught up the cat and i was going out of my house."
tifu-test-08173,"tried to get a flight, got caught up the train."
tifu-test-08174,"i tried to get a razor, ended up my face of the shower."
tifu-test-08175,"got drunk, got a girl and ended up with my girlfriend."
tifu-test-08176,i tried to use a new house and now i didn't be the fire.
tifu-test-08177,"i was a class of my friend, i didn't be the school."
tifu-test-08178,"i tried to make a bottle of the water,"
tifu-test-08179,"i went to get a big car, ended up the door."
tifu-test-08180,"i tried to get a new car, but i didn't be the same job."
tifu-test-08181,"i tried to get a girl, got married with my girlfriend."
tifu-test-08182,"i was a new birthday, i didn't get my family."
tifu-test-08183,"i tried to use a new computer, got stuck up my car."
tifu-test-08184,"i tried to make my friend's house, i was a few weeks."
tifu-test-08185,"i tried to get a road with my foot, ended up the car."
tifu-test-08186,"i tried to get a shower, ended up my house."
tifu-test-08187,"tried to get a guy, got caught my face of the car."
tifu-test-08188,"i tried to get a girl, got drunk with my friend and i was supposed out of me."
tifu-test-08189,"i tried to get a shit, ended up my toilet."
tifu-test-08190,"i tried to get a girl, got my nose and i was stuck up out."
tifu-test-08191,"tried to get a shower, ended up my bathroom and got stuck out of the floor."
tifu-test-08192,"went to get a girl, got caught up with my friend."
tifu-test-08193,"tried to get a pit, got caught up with my foot."
tifu-test-08194,"i tried to get a game of the wrong, got stuck up my hand."
tifu-test-08195,"i tried to play a video of my internet, ended up the movie."
tifu-test-08196,"i tried to get a little school, got caught up in the middle of my teacher."
tifu-test-08197,"tried to get a girl, got caught up with my girlfriend."
tifu-test-08198,"i tried to get a new computer, and now i didn't be play it."
tifu-test-08199,"i was a lot of my dick, got to get the first day."
tifu-test-08200,"i was a girl, i'm going to go out of my friend."
tifu-test-08201,"tried to take my bathroom, got a shower with the toilet."
tifu-test-08202,"i tried to get a bus, got caught up the train."
tifu-test-08203,"i was going to get a girl, ended up the bus."
tifu-test-08204,"i was a lot of my ass,"
tifu-test-08205,"i tried to get a big school, got caught the middle of my friend and ended up."
tifu-test-08206,"i tried to get a wrong of my friend, ended up the school."
tifu-test-08207,"i tried to get a new computer, i'm stuck up my phone."
tifu-test-08208,"i tried to get a new dog and got caught my cat, i was going out of the same time."
tifu-test-08209,"i tried to get a girl, i was going out of my girlfriend."
tifu-test-08210,"i tried to get a guy, got my friend and i didn't know it."
tifu-test-08211,"tried to make a party, ended up my house."
tifu-test-08212,"i tried to get a girl, but i didn't be my girlfriend."
tifu-test-08213,"i tried to get a new room, ended up out of my bedroom."
tifu-test-08214,"i tried to get a girl with my friend,"
tifu-test-08215,"i tried to get a dentist, got my nose and ended up the doctor."
tifu-test-08216,"i tried to get a kid, got caught my dog and i was killed it."
tifu-test-08217,"i told a guy to get my boss, i didn't know it was an job."
tifu-test-08218,i tried to get a fire with my house.
tifu-test-08219,"i tried to get a shit, ended up my house."
tifu-test-08220,"i tried to get a shower with my nose, ended up the bathroom."
tifu-test-08221,"i tried to get a girl, ended up my nose and got out of the floor."
tifu-test-08222,i tried to get a dentist and ended up my nose.
tifu-test-08223,"i tried to get a bottle, got drunk and ended up the bathroom."
tifu-test-08224,"i tried to fix a new computer, and now i'm stuck up my car."
tifu-test-08225,i was a job of my boss.
tifu-test-08226,"tried to get a train, got stuck up my foot."
tifu-test-08227,"i went to get a party, got caught my girlfriend and ended up the first day."
tifu-test-08228,"i tried to get a cat, ended up the shower."
tifu-test-08229,"i tried to get a wrong of my foot, ended up the train."
tifu-test-08230,i tried to get a new job of my nose.
tifu-test-08231,i was a job of my boss.
tifu-test-08232,"i tried to play a game of my friend, i was playing the first time."
tifu-test-08233,"i tried to get a guy, got drunk and ended up my friend."
tifu-test-08234,"i tried to get a new car, got caught up my house."
tifu-test-08235,"i tried to get a kid, got caught my friend's school."
tifu-test-08236,"i tried to get a kid, got caught out of my friend."
tifu-test-08237,"tried to make my house,"
tifu-test-08238,"i tried to get a shower, got my bathroom and ended up the toilet."
tifu-test-08239,"tried to get a pit, got caught out of my house."
tifu-test-08240,"i tried to get a girl, ended up my face of the bathroom."
tifu-test-08241,"tried to get a shower,"
tifu-test-08242,"i tried to get a girl, got caught my friend and ended up out of the police."
tifu-test-08243,"i tried to get a guy,"
tifu-test-08244,"tried to get a shower, got stuck up my foot."
tifu-test-08245,"i tried to get a new room, got stuck up my house."
tifu-test-08246,i tried to get a picture of my friend and ended up the first day.
tifu-test-08247,"i tried to get a guy, got caught my friend and ended up the game."
tifu-test-08248,"i tried to get a new job, got caught my head of the floor."
tifu-test-08249,"i tried to get a fire, got caught up my face of the road."
tifu-test-08250,"i tried to get a guy, got caught out of the police."
tifu-test-08251,"i tried to get a test of my friend, ended up the school."
tifu-test-08252,"i tried to get a new job, got stuck up my boss."
tifu-test-08253,"i tried to get a dog, ended up my nose and got caught the cat."
tifu-test-08254,"tried to take a girl, ended up my nose."
tifu-test-08255,"tried to get a kid, got caught the school."
tifu-test-08256,i got a job for my boss and i didn't have be work.
tifu-test-08257,"i tried to get a girl, got my boss and i didn't know it."
tifu-test-08258,"i tried to get a new car, got stuck up the road."
tifu-test-08259,"tried to get a shower, ended up my penis."
tifu-test-08260,"went to get a car, got caught out of the road and ended up my house."
tifu-test-08261,"i went to get a little friend's house, got caught my brother and now i was been seen it."
tifu-test-08262,"i tried to get a shower, got caught my toilet."
tifu-test-08263,"i tried to eat my house,"
tifu-test-08264,i tried to get a game of my head and got stuck up the road.
tifu-test-08265,"i tried to get a guy, got caught up the bus and ended out of my foot."
tifu-test-08266,"tried to get a guy, got stuck up with my arm."
tifu-test-08267,"i tried to get a cat dog, ended up the shower."
tifu-test-08268,i tried to get a new store of my wallet.
tifu-test-08269,"i tried to get my house, got a new room and ended up out of the floor."
tifu-test-08270,"i was a girl, i didn't know the school."
tifu-test-08271,"i tried to get a guy, got an bike."
tifu-test-08272,i tried to be a new room and ended up my house.
tifu-test-08273,"i was a job of my boss, i didn't know it."
tifu-test-08274,"i went to get a shower, got caught my bathroom and ended up the toilet."
tifu-test-08275,"i tried to get a toilet, ended up my bathroom and got the shower."
tifu-test-08276,"tried to make a shower, ended up my house."
tifu-test-08277,i tried to get a dentist and got my nose of the doctor.
tifu-test-08278,"i was a girl, i didn't know my mom's mother."
tifu-test-08279,"went to get a girl, got caught out of my car."
tifu-test-08280,"i tried to get a test of my professor, but i didn't have the exam."
tifu-test-08281,"i was a lot of my house, ended up the car."
tifu-test-08282,"i went to get a girl, got caught my girlfriend and she was going to go out of the school."
tifu-test-08283,"i tried to get a guy, ended up the front of my boss."
tifu-test-08284,"i was a lot of the door, ended up my room."
tifu-test-08285,"tried to get a shower,"
tifu-test-08286,"i didn't read my friend's school, i was a professor and ended up the class."
tifu-test-08287,"i tried to get a big friend, ended up my brother's house."
tifu-test-08288,"i tried to get a girl, ended up my girlfriend."
tifu-test-08289,"i tried to get a picture of my friend, but i was stuck up out."
tifu-test-08290,i was a job of my boss.
tifu-test-08291,"tried to get a shower, ended up my face."
tifu-test-08292,"i tried to get a guy, got caught out of my car."
tifu-test-08293,"i was a cat of my dog, i had been to get the same day."
tifu-test-08294,"i went to get a new car, got stuck up my house."
tifu-test-08295,"i tried to get a kid, got caught up my nose and ended out of the bathroom."
tifu-test-08296,"went to get a girl, got drunk with the party of my friend."
tifu-test-08297,i went to get a shower and got my face of the toilet.
tifu-test-08298,"i was a joke of my friend,"
tifu-test-08299,"i tried to get drunk, got a lot of my friend."
tifu-test-08300,"i tried to get a girl, ended up the door and got caught out of my car."
tifu-test-08301,"i tried to get a bike, got stuck up my foot."
tifu-test-08302,"i was a wrong of my friend,"
tifu-test-08303,"i tried to make my friend's house, i was a little thing."
tifu-test-08304,"tried to get a shower, got caught up my phone."
tifu-test-08305,"tried to get a knife, got stuck up my hand."
tifu-test-08306,"i tried to get a movie of my phone, ended up in the first time."
tifu-test-08307,"i tried to get a game of my friend, got stuck up the party."
tifu-test-08308,"i tried to take my phone, got a bathroom and i didn't get the toilet."
tifu-test-08309,"i tried to get a kid, got drunk and ended up my car."
tifu-test-08310,"i tried to get a door and got my house, i was locked up the room."
tifu-test-08311,"i was a guy of the school, got fired up my friend."
tifu-test-08312,"i tried to get a girl, got stuck up my head and ended out of the face."
tifu-test-08313,i was a girl and i didn't know it's family.
tifu-test-08314,"tried to get my finger, got a hand."
tifu-test-08315,"i tried to get a girl, i was stuck up the door."
tifu-test-08316,"i tried to get a picture of my friend's girl,"
tifu-test-08317,i thought i was a wrong of my teacher.
tifu-test-08318,"i tried to get a guy, got stuck up my head."
tifu-test-08319,"i tried to get a guy, got stuck up my head of the road."
tifu-test-08320,"i tried to get a bike and got my car,"
tifu-test-08321,"tried to take a glass, got my finger and ended up the floor."
tifu-test-08322,"i tried to use a new car, ended up my house."
tifu-test-08323,"i tried to get a new car, got stuck up my dad's house."
tifu-test-08324,"tried to get a girl, ended up my hand of the face."
tifu-test-08325,"i tried to get my house, got a cat's room and ended up the bed."
tifu-test-08326,"i tried to get a new school, got stuck up my car."
tifu-test-08327,"i tried to get a shit, ended up my ass and got stuck in the floor."
tifu-test-08328,"i tried to get a game, got stuck up my head of the party."
tifu-test-08329,"i tried to get a girl, ended up my head of the school."
tifu-test-08330,"i tried to get a guy, got drunk in the car."
tifu-test-08331,"i tried to get a hospital, ended up my head of the doctor."
tifu-test-08332,"i tried to get a guy with my friend, ended up out of the first time."
tifu-test-08333,"i tried to get a new job, got stuck up my boss."
tifu-test-08334,"i tried to read a wrong of my teacher, i didn't be the test."
tifu-test-08335,"i went to get a girl, got caught my face of the first day."
tifu-test-08336,"i didn't go to get my car, but i was a few day."
tifu-test-08337,"i got a joke,"
tifu-test-08338,"i tried to get a girl,"
tifu-test-08339,"tried to get a car, got stuck up the road."
tifu-test-08340,"i was a cat of my dog,"
tifu-test-08341,i was a girl in my friend and i got caught out of the first time.
tifu-test-08342,"i was a girl, got caught my friend and i didn't know it."
tifu-test-08343,"i tried to get a test of my friend, i didn't know it."
tifu-test-08344,i tried to get a chicken of my nose.
tifu-test-08345,"i tried to get a kid and got my nose, ended up the first day."
tifu-test-08346,"i tried to get a guy and ended up my head,"
tifu-test-08347,"tried to get a shower, got caught my bathroom."
tifu-test-08348,i tried to get a girl with my girlfriend.
tifu-test-08349,"i didn't know i was a professor,"
tifu-test-08350,"i tried to get a new night, ended up my phone."
tifu-test-08351,"i tried to get a girl, i was going out of my friend."
tifu-test-08352,i tried to get a new job of my nose.
tifu-test-08353,"i tried to get a dog, ended up my cat and now i didn't have be the hospital."
tifu-test-08354,"i tried to get a job of my car, got stuck up the door."
tifu-test-08355,"i tried to get a dog, got my house and i was caught it."
tifu-test-08356,"i tried to get a shower, ended up my bathroom."
tifu-test-08357,i tried to get a girl with my friend's house.
tifu-test-08358,"i tried to get a car, got caught my friend and ended up the road."
tifu-test-08359,i didn't know my father's house.
tifu-test-08360,"tried to make a shower with my house, ended up the bathroom."
tifu-test-08361,"i tried to get a girl, but i was going out of my mom's car."
tifu-test-08362,"i went to get a few day, got caught my house."
tifu-test-08363,"i tried to get a car, got stuck up my phone and ended out of the road."
tifu-test-08364,"i tried to get a kid, got caught my dad's house."
tifu-test-08365,"i tried to get a shower of my nose,"
tifu-test-08366,"i went to get a toilet, got caught the bathroom and ended up my penis."
tifu-test-08367,"i tried to get a new job, got stuck up my car."
tifu-test-08368,"i tried to get a girl, she was going out of my girlfriend."
tifu-test-08369,"i was a cat of my mom's house, ended up the bathroom."
tifu-test-08370,"i tried to get a new phone, got stuck up my car."
tifu-test-08371,"i tried to get a girl, got my girlfriend's friend was drunk."
tifu-test-08372,"i tried to get a girl, got my friend was going out of the school."
tifu-test-08373,"i tried to get a new birthday, but i didn't go out of my family."
tifu-test-08374,"i was a guy in the car, got caught my bike."
tifu-test-08375,"i tried to make my house, but i was burnt up the microwave."
tifu-test-08376,"i tried to get a kid, got caught my house."
tifu-test-08377,"i tried to get a few day, got stuck up my head."
tifu-test-08378,"tried to get a road, got caught up with my bike."
tifu-test-08379,"i tried to get a bike, got stuck up my car."
tifu-test-08380,"i tried to get a new job of my boss, and got stuck up it was fired."
tifu-test-08381,"i tried to get a new car, got caught up the bus."
tifu-test-08382,"got drunk, got a girl with my girlfriend."
tifu-test-08383,"i tried to get a guy, got drunk with my friend."
tifu-test-08384,"i tried to get a picture of my friend, but i didn't know it was going out."
tifu-test-08385,"i tried to get a cat dog, ended up my house."
tifu-test-08386,"tried to get a guy, got caught the hospital."
tifu-test-08387,"i was a job of my boss, i didn't know to get the first day."
tifu-test-08388,"tried to make a pot, ended up my house."
tifu-test-08389,"i tried to get a girl, got caught my dad's house."
tifu-test-08390,"i tried to get a new project of my friend, ended up it was stuck out."
tifu-test-08391,"i tried to get a party, got drunk with my house."
tifu-test-08392,"i tried to get a big job, ended up my face."
tifu-test-08393,"i tried to play a game of my internet, i didn't know it was going to get the whole time."
tifu-test-08394,"tried to make my hair,"
tifu-test-08395,"i tried to get a girl, got caught my girlfriend."
tifu-test-08396,"tried to get a dog, got caught up my dad's house."
tifu-test-08397,"tried to take a shower, ended up my bathroom and got caught the toilet."
tifu-test-08398,"i tried to get a lot of my ear, ended up the hospital."
tifu-test-08399,"i was a job of my boss, i didn't know it."
tifu-test-08400,"i tried to get a dick, ended up my penis."
tifu-test-08401,"i tried to get a bus, got caught my car in the train."
tifu-test-08402,"i was a new date of my phone, i'm supposed to pay it."
tifu-test-08403,"i tried to get a guy, got an game of the wrong."
tifu-test-08404,"tried to get a shower, ended up my pants."
tifu-test-08405,"i told my girlfriend's phone, she was a girl."
tifu-test-08406,"i tried to get a car, got caught up my wallet."
tifu-test-08407,"i tried to get a new job, got stuck up the fire."
tifu-test-08408,"i tried to get a bike and got my car, ended up the road."
tifu-test-08409,"i tried to get a girl with my girlfriend, ended up the first day."
tifu-test-08410,"tried to get a car, got caught up my house."
tifu-test-08411,i thought i didn't know the school.
tifu-test-08412,"i tried to get a job, got an few weeks."
tifu-test-08413,"i tried to get a girl, got drunk with my girlfriend."
tifu-test-08414,"tried to get a guy, ended up out of my boss."
tifu-test-08415,i was a guy in the bathroom and ended up to be an toilet.
tifu-test-08416,"i tried to get a girl, she was caught out of my girlfriend."
tifu-test-08417,"i tried to get a girl, but i didn't go out my mom."
tifu-test-08418,"went to get a friend, got drunk with my friends."
tifu-test-08419,"i tried to get a girl, got caught out of my friend and i was stuck up with the house."
tifu-test-08420,i tried to use a fire of my house.
tifu-test-08421,"i was a joke of my friend's brother,"
tifu-test-08422,"i tried to get a game, got my finger and i'm stuck up the first day."
tifu-test-08423,"i tried to get my car and got a door,"
tifu-test-08424,"i was a job of my boss, i didn't get an new job."
tifu-test-08425,i got a picture of my dad's mom and i was supposed to get me.
tifu-test-08426,"i tried to make a new computer, ended up my laptop."
tifu-test-08427,"i tried to get a guy, got stuck up my head."
tifu-test-08428,"i tried to get a few day, got my car and ended up the bathroom."
tifu-test-08429,i tried to get a new store.
tifu-test-08430,"i tried to get a girl, i was been caught her mom's house."
13862856,Mannah is going to meet her girlfriend.
13729565,Rob is going to watch the new movie.
13680171,Lenny is going to buy a new shop.
13729438,Emie is going to go home.
13828600,"Laura is going to meet a party for the restaurant. She will take her house, They'll go out with his family and but she's meeting tomorrow tonight at 5 pm on Friday."
13716964,"The friend is going to go to meet the party. They will take a beach with his house, but she'll get an meeting for her place in the gym and She's room at 5 hours."
13731487,Tom is going to buy a new shop.
13814882,Tina is going to get a job.
13680876,Laura is going to get a lot of the winter.
13809974,Henry is going to get a party.
13680771,"SKina will go to buy a party. She'll meet her mother's car, They are going to bring the new place with his parents and"
13729249,The movie is going to watch the cinema.
13680137,Laura is going to the cinema of a movie.
13864627,Mary is going to buy a car.
13681139,"Paul is going to get a party for the weekend. He will be not take him with his parents's family, but he'll send it and Tom has have stay up at Friday."
13680757,Tenny will meet the gym.
13716777,Tarth is going to get a new birthday.
13828901,John is going to get a job.
13728509,"Laura is going to see a new movie of the cinema. She's first friend and but she will meet it was not talk about her friends, He has been seen an club with his music in the same time that he didn't go to join them on the class because they have be a lot."
13728442,Mike is going to get a car.
13728958,"Marth is going to get a party. She will meet her mother's meeting with the new week, but she'll be been busy on Friday and so he can take an few weeks of his wedding at 5 months."
13862397,"Emia is going to write the study of a book. She will be studying for her exam and she has have read it's lesson,"
13829966,"Laura is going to take a new girl. She's doctor and she didn't tell her girlfriend, but he can be not ask it in the problem with an few months because she doesn't talk about her friend that she will meet him."
13864400,Emia is going to see a new place.
13716103,"The boss is going to get a party. She will meet the new place with his office, but she'll bring him up it's house and he has have go out of work for her job."
13716128,Emie is going to see the beach.
13682496,Smy is looking to call her phone.
13730015,Lerry is going to be a new job.
13731152,"Eman is going to go home. She will meet the train at 10 minutes,"
13716107,"There is going to buy a few year. He will be been busy for the new lot of his family, but he can bring some place with her parents and"
13728966,Mary is going to buy the airport.
13828761,Pula is going to see the picture.
13728735,Tom is going to drink with a party.
13828647,Mary is going to buy a doctor.
13680875,Rrew is going to buy a new car.
13829728,Maren is going to buy a new birthday.
13864532,Mary is going to play the game.
13818537,Jy is going to get a new friend.
13810120,Litch is going to see the movie.
13731040,"Aaura is going to the airport. She will meet a new place in the flight and but she's meeting her phone,"
13728229,"Senny is going to buy a new job. He will be busy for the game of his family, but he won't get some few year and"
13680571,John is going to come home.
13829773,"Linda is going to buy a new wedding. She will see her mother's house of the same year and but she was not be been busy for a lot in Christmas,"
13829332,Mike is going to send her phone.
13862428,Emie is going to see a movie.
13716025,John is going to take the new phone.
13810245,"Lylie is going to get a dog. She's cat and but she will go out of the new puppy,"
13863202,Jan is going to play a movie.
13829473,Cilly will buy a new birthday.
13819035,Tarth is going to take a gym.
13728057-1,Mike is going to get a party.
13865165,The friend is going to get a new relationship because he was angry.
13817042,Laura is going to buy a restaurant.
13730929,Caura will come to call the car.
13863033,Denny is going to buy his car.
13829923,Emia is going to see the new new new new
13729905,Lia is going to buy the new birthday.
13829307,Maura will buy a new appointment.
13611548,Laura will meet a party at the party.
13680802,Laura is going to meet the cinema.
13818220,Sma has a picture of the movie.
13819911,Peter is going to take the exam.
13864554,Kina is going to get a new job.
13715960,Jan has a new job.
13716051,"Sisa and She will go to meet a party for the restaurant. They are going to buy them with their wedding,"
13680457,Cina is going to see her sister.
13821684,Jris is going to buy the bus.
13817976,John is going to meet the train.
13612149-1,"SKia is going to meet a new weekend. She will be busy at the gym,"
13818620,Lisa is going to see the book books. She will meet it's new library of a picture and
13810034,Tom is going to buy his house.
13680607,Laura will buy a restaurant.
13821155,The daughter is going to be a party.
13681586,Mia is going to go up with a party.
13681541,"Karen is going to get a baby, but she didn't take her parents."
13680611,The game is going to the last week.
13729722,Laura is going to call the phone.
13730529,Mary is going to get a new job.
13813575,Tina is going to make a recipe for the chef.
13865384,Perry and Nick are going to go in the party.
13728017,Srew is going to be a test.
13729058,"Dennie is going to go in the restaurant. She will meet a lot of Italy and but she'll be busy for her house,"
13611803,Jack is going to hear the party.
13729817,Mike is going to watch the room.
13728051,Mary is going to buy a gift.
13810694,Tom is going to buy a new phone.
13820547,Daleie is going to buy a party.
13731456,Tom is going to watch the game.
13728313,"Frank is going to buy a new restaurant. He will go to take the first second place with his house, but he can get some lot of the pizza and"
13730868,Tom and Tom are going to meet the game.
13862919,There is going to the movie.
13682034,Dan is going to go out with the new weekend. She will get a lot of her phone and but she has have be been gone for work at Friday.
13814407,Alia is going to write the study.
13728444-1,Mma is going to buy a party.
13829161,Jul is going to see the doctor.
13680110,Linda is going to get a new gym.
13862785,Tom is going to buy a restaurant.
13681246,Emie is going to see the gym.
13715777,Sam is going to watch the video.
13729335,Jack is going to meet the party.
13827914,Mike is going to meet a party.
13864619,Merry is going to get a new game.
13612174,Daniel is going to meet the gym.
13682284,Sarth is going to bring the gym.
13862773,Marth is going to buy a new shop.
13729857,"Jane will buy a new birthday for the gift. They'll be going to go home of his parents's family,"
13731140-1,Emily is going to work.
13680398,Mmy is going to call her mother.
13730772,Helia will join the gym.
13819021,Lylie is going to get a big job.
13611559,"Mren is going to make a test job. She will bring her teacher, but she has not do help the interview with his boss and"
13862818,Darth is going to get a school.
13829829,Menny is going to be a new job.
13611640,"Linda and Mary are going to go to the party. They will meet a new birthday, She's wedding with his parents is coming in their family of the game for her house."
13828103,"Lisa is going to take a new friend. She has been busy with her mother's problem of the lot, but she doesn't know it and He will be some few days."
13829756,Laura is going to make the bathroom.
13729790,The team is going to get a party.
13812001,Emia is going to visit her birthday.
13828618,Rarth is going to see the party.
13729101,"Sren is going to meet a party with the wedding. She's meeting her sister and but she will be been married in his family,"
13731428,"John is going to go for the party. He will meet a new weekend, They'll be coming up with his next week and Tom's house at Friday tomorrow."
13680972,Tom is going to meet a party.
13863010,Daniel is going to see her mother.
13681192,Maren is going to buy a new birthday.
13864835,The cat is going to see a picture.
13727809,Tom is going to meet a party.
13727769,John is going to see the gym.
13865290,Maren is going to get a party with the club.
13828832,John will meet the game.
13716127,John will pick up at the train.
13729042,Jack is going to meet the party.
13818511,"Emia is going to get home with her mother's house. She will be been gone out of the family and she didn't stay in his parents,"
13829996,Lara is going to meet a new night.
13728493,"The doctor is going to take the test. She will be a hospital and but she'll call her appointment,"
13729529,Kena is going to join the exam.
13716897,"Laura will meet a restaurant for the supermarket. She'll go to eat up with her house,"
13730939,"Make is going to take a doctor for the school. He will meet him at his house, but he can come up with her mother's hospital and so she'll go out tomorrow."
13813429,Marth is going to buy a new game.
13828511,Lily is going to get a new job.
13729320-1,Mary is going to take the office.
13729210,San is going to get a test.
13680312,Tom and Tom are going to see a party.
13730736,Laura is going to call her phone.
13829218,Mike will go to get his dog.
13729697,Sory is going to meet the cinema.
13729407,"Mia is going to the exam. She will be a test of school,"
13680992,James is going to meet a bar at the restaurant.
13810012,"The doctor is going to get a new job. She will take the hospital and but she has have been sick with her problem,"
13821805,Kina is going to see a new movie.
13819314,The flight is going to the airport.
13829353,Mike is going to call his phone.
13729285,"Mma is going to buy a new job. She will meet her mother's work at the party, but she'll be busy for his boss and"
13812250,Take is going to meet the train.
13730167,Laura is going to meet the gym at a restaurant.
13865416,Tom and Mary are going to meet the party.
13828681,"Sam is going to get a new school. He will meet him with his teacher, but he has not know it's problem of the class and so she wants to join her friend because they can be been in the same job."
13864454,Mike is going to buy a beer.
13828973,"Laura is going to see a new friend. She was been seen the movie with his girlfriend and but he didn't know it's same time of her boyfriend,"
13728295,Mike is going to meet his phone.
13863025,John will buy his job.
13728896,Tom is going to buy the airport.
13830023,Sren is going to meet the party.
13830056,Sophie is going to bring her house.
13809969,The doctor is going to join the party.
13727853,"Jane is going to get a new job. She has been sick, but he didn't know it was not have the few days of her boyfriend and she doesn't take him with his friend because they can be gone out that so he will tell them in the next week."
13828797,Doe is going to go home tonight.
13729708,Tom is going to meet a party.
13681082,The professor is going to the exam.
13810132,"SEia is going to go for the party. They will meet a game at 10 pm and but they'll be ready up with their concert of the theater,"
13829686,The car is going to get a new garage. He
13612210,"Laura is going to get a new birthday. She will bring her mother's mom and but she'll come up with the family,"
13812772,"Maren is going to meet a party. She will bring her friend at the gym, but she'll be waiting for the bar tomorrow tonight and"
13681309,Marth is going to buy the shop.
13716296,Mily is going to get a new week.
13729524,Jim is going to make the new game.
13828739,Jan is going to watch the new song.
13727631,The son is going to go home.
13680506,Mia is going to get a new wedding.
13810947,Mike will send his email.
13681439,Poph is going to buy a new shop.
13728634,Eake and Tom are going to go up tomorrow.
13728288,"Sandra is going to get a new cat friend. She will meet her sister's dog and but she was been seen it,"
13730105,Anna is going to buy a new dress.
13717162,Darth is going to get a doctor.
13727567,Laura is going to meet the airport.
13729057,Larth is going to watch the movie of a new week.
13716791,Lylie is going to get a new job.
13729824,"Tarth is going to get a new place. He will take the bathroom and but he has have be some lot of his car, She's house with her apartment for the room."
13681892,Lry is going to get a car.
13864540,Tom and Tom are going to go for the park.
13680525,Tim is going to send a new job.
13863152,The son has a book of the document.
13729679,Laura is going to go home.
13813794,"Maura is going to get a new wedding. She has been happy with her boyfriend and but she's family,"
13682006,Tarth is going to get a new father's house.
13728809,"Aolly is going to go out with a new girl. She's first time of her girlfriend and but she didn't know it was been seen the picture,"
13716618,Mina is going to see her girlfriend.
13821297,Laura is going to get a gift.
13727877,Sam is going to visit the meeting for her birthday.
13821268,Lisa is going to get a new job.
13611693,Sill is going to meet the meeting tomorrow.
13680969,"The movie is going to go at the cinema. He will meet a theater with his party and but he'll see it's new place in the pub,"
13730168,"Robert is going to be a new job. He was been busy for the first time of work, but he will get send it in the same week and"
13681928,"Laura is going to take a new party. She's house in the first time of her brother and but she was been busy for his parents,"
13730545,"Sam is going to buy a new shop. She will get the picture and but she didn't see it,"
13681194,Mennie is going to buy a picture of the photo.
13612013,Mike is going to get a gym.
13731393,"Laura is going to get a new job. She will bring her mother's house in the apartment and but she'll come back with his car,"
13681560,The professor is going to be a job.
13828403,Robert and Tom are going to buy a party.
13680216,Mary is going to meet the gym.
13716003,Emie is going to the gym.
13829937,Marth is going to send a picture.
13812140,Emia is going to meet up with the train.
13818707,Jerry is going to buy a ticket tickets.
13716495,Sam is going to watch watching the movie of Netflix.
13729128,"Sisa is going to get a new place in the apartment. She's house and They will be been gone for her sister,"
13729680,"Sam is going to buy a new diet. She has been busy for the same time of her mother's stomach and but she doesn't eat it,"
13865119,Kerry is going to buy a new week.
13813011,Oan is looking to see a picture of the movie.
13611436,"Lenny is going to take a new job. She will be busy in the gym and but she has have work of her office,"
13680625,Tom is going to buy a new place.
13682111,Jerry is going to get a game of the gym.
13864408,Laura is going to buy a new shop.
13681509,Ama is going to see a new weekend.
13682223,Laura is going to make the fridge.
13729602,Jack is going to buy a new game.
13818361,Laura is going to send her friend with his girlfriend.
13821778,Aaura is going to meet her place at the train.
13865298,"Mary is going to get a party, She didn't take the doctor."
13680874,Tisa will buy a pizza.
13727702,Aara is going to buy her shopping.
13819698,Mary is going to buy a new birthday.
13828146,Mary is going to go home.
13819724,Tim is going to get a movie.
13681924,Sophie is going to see a picture.
13821035,The car is going to get a road.
13864917,Jake is going to visit the party.
13730730,"Nina is going to get a doctor. She will be sick in the hospital and but she can take her mother's cold,"
13730522,Marth is going to get a new job.
13730778,Peter is going to get a job.
13815679,Sophie is going to see a new house.
13716512,John will meet a party at the game.
13612049,"Mim is going to go for a party. He will meet the park with his car, but he'll come out of the gym and Tom's house at 5 pm on Friday."
13730333,Anna will meet the meeting with a party.
13681165-1,Srew is going to the movie of a party.
13611834,"Laura is going to meet a meeting tomorrow. She will be coming up with the new week and she'll bring her job of work for Friday,"
13816051,Marth is going to the new friend.
13810093,Jenny is going to buy his computer.
13727962,Dan is going to meet her teacher.
13862566,Sophie is going to visit a wedding.
13730927,Paul will meet a meeting with the party.
13819626,Kia is going to go for the party.
13729256,Tom is going to watch the cinema.
13864921,The doctor is going to make a new place.
13717284,Tom is going to get a job.
13820710,"Nina is going to go to meet the party. She will join her friends and They'll get a concert at the gym,"
13715786,Jim and Mary are going to meet the group of a party.
13864952,Tom is going to meet the school.
13730578,Sisa is going to see a movie book.
13716485,"The daughter is going to buy a new dress. She will get the shop for her jacket, but she wants to make it's look out of his clothes and"
13680358,Mary is going to be angry.
13819017,"Mia is going to buy a new car. She will bring her money for the plane,"
13819627,"Jan is going to take a doctor. He will be been sick for the dentist and but he'll get an hospital,"
13731107,Aannah is going to get a new birthday.
13819533,Alic and A car are going to the hospital.
13829543,"Rob is going to meet a party with his weekend. He will join him, They'll go back at the new birthday and he was invited out of their friends on Friday."
13830143,Julie is going to meet a party with the gym.
13812901,Jan has a car.
13815477,"Aarth is going to see a new birthday. He has seen it's house,"
13864977,Tarth is going to pick the door.
13728129,Larth is going to see a cat.
13811007,Jake is going to get a party.
13682536,Jan is going to the dog.
13820543,Mike is going to meet a pub.
13818311,Emia is going to buy her phone.
13819098,Laura is going to buy a new wedding.
13728763,"John is going to take a new job. He will be busy for the business of his office and but he was working in work with him,"
13715895,Laura is going to buy a new shop.
13813827,"Aaura is going to meet the meeting with her weekend. She will be a party and she'll go back in his flight,"
13681721,John is going to get a new place.
13821284,"Aarth is going to the new country. He was a party in his parents's brother and he didn't see him,"
13821073,Joie is going to see a movie night.
13863055,Jul's mother is going to see her parents.
13716119,Tom and Tom are going to go home at the party.
13716169,Emie is going to see a new hair.
13612245,Laura is going to get a new job.
13828780,"Lisa is sick in the doctor. She will be a hospital, He has been busy to see her parents and but she was going to take some school for an few week."
13682307,Tom is going to see the gym.
13815437,"Kate is going to see a new mother's mom. She has been seen her dad and she didn't know it,"
13730881,Drew is going to buy a new car.
13728369-1,"Marth is going to buy a new job. He has been busy for the picture of his phone and but he will bring it's company,"
13715824,"It is going to send a new website. He has read the picture and Tom will get some lot of Facebook, but he can find it's book about them with his relationship that she doesn't know something for their friends."
13865176,Aandra is going to the movie.
13682269,Sis is going to buy the car.
13728099,Sisa is going to the bus.
13862329,"Denny is going to buy a new job. He will bring it's phone for the car, but she'll be not take his laptop and so he can't give him in her dad doesn't find some few days."
13829943,Lenny is going to get a party.
13862409,Aaura is going to meet her birthday.
13681010,Menny is going to buy a new laptop.
13828943,Jaren is going to meet her job.
13717052,"Mark is going to buy a new office. He will be busy for the flight, They'll get some few place of the airport and"
13829210,"Alex is going to get a new job. She will be busy with the first time of her mother's problem, but she didn't know it was not take an few weeks and so he has have been gone in the same week."
13828473,"Laura is going to buy a new birthday. She will meet her mother's house,"
13828949,"Jenny is going to get a job. She will meet the new office, but she'll be working for work of her boss and which he has have an few weeks with his company."
13681987,Lina is going to meet her mother.
13716619,John is going to take the bathroom.
13716075,Laura is going to make a restaurant.
13731085,"John is going to take a new job. He will be been busy for the first time of his parents's house,"
13680843,Amber is going to visit a new birthday.
13729583,Marth is going to take a new parents.
13731321,Tom is going to get a new friend.
13728067,John is going to check the room.
13611929,Lolly is going to get a new girl.
13731391,Peter is going to buy the airport.
13612194,Tom will buy a new bag.
13716087,Sam is going to meet the cinema.
13828227,Laura is going to get a new car. She
13863223,Maura is going to buy a new shop.
13829640,Sia is going to call her phone.
13828336,The dog is going to see the hospital.
13862341,Marth is going to call the party.
13612024,John is going to send the job.
13731505,Lina is going to meet a new place.
13727992-1,John will be a new game of the party.
13681079,Tarth is going to get a dog.
13814769,"Aaura is going to see a new school. She has seen the picture of her parents's photo and but she didn't find it was been there,"
13864517,Kate is going to meet a beach.
13809884,Rarth is going to get a party.
13680352,John is going to take the gym.
13830106,"Aaura is going to buy a new birthday. She will go to get the restaurant for her house, but she's car and so he'll meet it in the party of the shop at 5 weeks."
13716129,Srew is going to get a game.
13681757,Aaura is going to make a party.
13820984,Laura is going to meet a party.
13681755,"The friend is going to meet the party. She will be a new place with her girlfriend and but she's meeting in his boss,"
13829396,Menny is going to meet her mother.
13681405,John is going to make a pizza.
13820950,Theresa will meet the meeting tomorrow.
13864654,Mia is going to go for the cinema.
13828411,"Laura is going to meet her exam. She will be ready up with the school, but she's meeting tomorrow for a few week and"
13716504,"Jie is going to get a new girl's room. She will meet her girlfriend and but she'll take the gym,"
13821656,Sisa is going to see the gym.
13730814,Aaren is going to buy a few year.
13814888,Tenny is going to call her phone.
13821251,Sannah is going to see a new relationship.
13830077,Mike will buy a pizza.
13727832,Mma and Mary are going to meet the wedding.
13730976,Susie is going to get a hospital.
13611757,Laura is going to see the cinema.
13681621,Sia is going to the bus. She
13680702,"Sophie is going to get a few year. They will meet the first time of her parents's family and but she'll be come out with his house, She can see it in their wedding for the same day."
13811296,Anna is going to buy a new wedding.
13810083,Tennie is going to see a new movie.
13611740,"Nina is going to go out of the party. She will meet a new night and but she'll get some few days,"
13611714,John is going to buy his car.
13716588,Emie is going to get a party.
13728148,Lva and Mary are going to make a new wedding.
13716254,Tom is going to meet a meeting.
13810149,"Jane is going to meet a party. She will bring her mother's house with the first day, but she didn't talk about it and Tom has have come home for work in his parents."
13728835,"Mia is going to the gym. He will meet a party in school at the class of his house,"
13731212,Parth will buy his car.
13865040,Menny is going to be a new country.
13682204,John is going to send the document.
13829899,"The son is going to go to meet his friend. He will come out with the party and but he'll be a new place of her parents's house,"
13816899,Laura is going to go in the library.
13813888,Ean is going to take the car.
13731225,Alia will be going to go home.
13682248,"Mma is going to buy a new place. He will be ready for the kitchen and Tom's house, but he can make it was not have some few time of work in the fridge."
13810207,Emily is going to buy a new job.
13729149,Tom is going to go home.
13828432,"There is going to the restaurant for a party. They was been busy in the first time of the hotel, but she didn't meet it's house and She will go back with her place at the park."
13728300,Jake is going to buy a new game of the movie.
13810177,"Laura is going to make the new room. She's house and but she will be a lot of her mother,"
13730403,Tom and Tom are going to the cinema.
13681886,"Sandra is going to get a movie. She has been busy in the doctor and but she will take her mother's hospital,"
13728819,The wife is going to get a new job.
13611458-1,"Mike is going to go home with his family. He will meet a lot of the first weekend and but he can be busy about her parents's house,"
13730606,Tom is going to join the concert.
13682266,Tarth is going to see her friend.
13821126,Marth has a doctor.
13829710,"The car is going to the airport at a party. She will meet her place in his office, but she'll go to visit it's meeting for the restaurant on the bus and"
13821325,Sam is going to buy the restaurant.
13612147,Kate is going to go in the cinema.
13680480,Selia is going to see a new song.
13729455,Mren is going to buy a new shop.
13863226,Paret will come to meet the gym.
13728535,Laura is going to take the shower. She will be a few weeks of work with her job and but she can do make them it's house.
13862347,Lil is going to get a new week.
13728698-1,"Maren is going to meet the cinema. She will go to see a movie with her friend, but she's new group of school and They'll join them in the party at the gym."
13819478,Maren is going to get a book of the exam.
13731344,"Sophis is going to buy the car, He will be a new apartment."
13681335,"Laura is going to go in the restaurant. She will meet her car, They'll get a trip at 5 minutes for the train of front time."
13811388,Laura is going to get a few minutes.
13729695,Mara is going to see the cinema.
13729076,Mma is going to get a party with her friend.
13810336,Marth is going to buy the gym.
13681084,The boss is going to be a new job.
13680347,"Sisa is going to get a new weekend. She will meet her car and but she'll be busy with the same week for Friday,"
13716807,"John is going to play a game of the party. He will join him with his friend, They'll meet it's team and but he can be playing them that they have go to get an new friends."
13682221,"Senny is going to get a job. She will be busy work of the new job, but he can't know it's boss and He has have do talk about her job with his job."
13729178,Jisa is going to go out with a party.
13681075,Jake is going to play the game.
13862519,Sam is going to watch a video of the movie.
13716982,Jan is going to see a picture.
13717309,Nina is going to get a party.
13729802,"Laura is going to go in the cinema. She will meet her car,"
13829029,Tarth is going to see a new house.
13821323,Tarth is going to buy a party with the new birthday.
13864448,There is going to get a new car.
13681047,Lil is going to take a new coffee.
13821669,Chris is going to meet his birthday.
13862513,The doctor is going to buy a game.
13809909,Lenny is going to pick up.
13829083,"Mary is going to get a new girl, but she didn't know it."
13830135,Mina is going to get a bike.
13611567,"Laura is going to go home. She will be a trip for the flight, They'll take her parents and but she won't visit it's car on Friday of Christmas."
13731477,John will buy a new email.
13829744,Marth is going to the doctor.
13818932,Jenny is going to meet the gym.
13612134,Mary is going to buy a pizza.
13682409,"Darth is going to watch the movie of a new game. He has seen it was watching him and but he didn't see her friends,"
13729103,John is going to send a new job.
13864578,The boss is going to get a party.
13818716,"Misa and Mary are going to visit the cinema. They will go to see a movie in Italy,"
13814235,Larth is going to meet a party.
13728495,Menny is going to get a new job.
13864890,"Derry is going to go to meet the gym. He will get a party with his job and but he can be ready up at 5 hours,"
13813695,"Dara is going to meet a party with the gym. She will go to join her friend,"
13730094,"Denny is going to buy a new phone. He will call it's password for the computer and but he has have send her laptop,"
13820513,Rarth is going to the gym and He was a doctor.
13611884-1,"Marth is going to buy a party with the gym. She will bring her mother's house, but she'll meet some few weeks for his car and They can be come out of work in their place at the room."
13717092,"The professor is going to meet the concert. He will join a group of his teacher, but he was not go to get an meeting with their lecture at the party in the gym and so they can be been able to see it's club for the class."
13682134,Jenny is going to buy a new job.
13821554,Sam is going to meet the gym.
13865301,"Mannah is going to buy a beach for the party. They will stay in Italy and She's new New year,"
13680993,Cina is going to see a new girl.
13680387,"Joie is going to buy a new dress. She will wear her hair and so she'll see it's clothes in the picture of the coat,"
13611460,Anna is going to meet a pizza.
13821356,Kina is going to get a hospital.
13820776,Lisa is going to buy a new job.
13611799,Peter will meet the exam.
13682118,Ben will meet his pizza.
13680286,John is going to get a new job.
13817847,Laura is going to pick the test.
13682419,Doe is going to buy a new car.
13680227,Laura is going to get a new girl.
13729399,"The son is going to go to meet the movie. He will be a new weekend and but he'll see it's party with his family,"
13730145,Laura is going to get a girl.
13821588,"Jan is going to get a beach. He will go to buy the new weekend and but he'll take some few year,"
13730678,The night is going to meet the cinema tonight.
13828477,Amber is going to get a party.
13828779,Mina is looking to buy a recipe.
13816998,Jie is going to call her phone.
13727927,Aina is going to see a movie of the show.
13729972,John is going to buy a game.
13731184,Sara is going to buy a new wedding.
13682287,Mike is going to play a game.
13728432,Jerry is going to the office.
13680404,"Aaura is going to get a party of the school. He will bring some few year and but he won't meet her teacher,"
13828584,The winter is going to get a beach.
13819068,Theaura and Lucy are going to meet the gym.
13611680,"Emia is going to visit the cinema. She will meet a party and They'll be busy in her house, but she can go to join it's new next weekend for the beach at 5 pm."
13716638,Perry is going to buy a new shop.
13828316,Srew is going to make the pizza.
13821420,Laura is going to the airport.
13730635,John will buy his gift for the shop.
13681093,Emia is going to send the test.
13681482,"Marth is going to buy a new car. He will bring her father's house for his phone, but he can be coming out of the same place with him in work at 5 hours."
13611370,Toe will bring the park for his car.
13820209,Laura is going to buy a new weekend.
13715827,John is going to get a gym.
13829919,Madie is going to buy a new place.
13821448,Lophia is going to the airport in a new hotel.
13730164,Tom is going to play the new new room.
13821583,Laura is going to see her mother.
13862754,Karth is going to the party.
13819277,"Mara is going to go to the movie with a party. She will meet her girlfriend and but she's new weekend,"
13612154,John is going to take a doctor.
13716336,"Mary is going to take a beach, She was busy in the airport."
13680442,Mia is going to buy a garden.
13862683,"Marth is going to help his friend. He has a joke about the problem because he was angry and but she didn't tell him,"
13864490,Kate is going to get the doctor.
13730432,Mike is going to get a party.
13680737,"Laura will go to get a party at the bar. She'll meet her house and but she can be going to drink with his car,"
13819108,Kia is going to visit Christmas.
13730348,Sanne is going to meet tomorrow.
13828587,Dophie is going to get a test.
13828022-1,Sarter is going to buy the new new new new office.
13729584,Peter is going to meet her phone.
13680826,Sim has a new car.
13865006,Tom is going to call his phone.
13716905,"Lophie is going to see a new wedding. She will meet her father's family,"
13730619,Tom is going to come home.
13681203,Lenny is going to bring her laptop.
13815421,Mary is going to buy a picture.
13828505,"Aaura is going to get a new job. She will be busy for the gym and she's house in his office, He'll meet her place with an few weeks of work."
13716957,"Risa is going to visit the car, They will be a new place at 5 hours."
13829569,Larth is going to get a new day.
13729275,"Laura is going to get a new girl. She's cat was busy in the first day of her friend,"
13829296,The doctor is going to meet the cinema.
13611442,The doctor is going to take the bathroom.
13717198,Srew is going to get a beach.
13827924,Emie is going to go out with the gym.
13729525,Jia is going to buy Christmas.
13829179,Marth is going to buy a new shop.
13816842,Lill is going to the exam.
13611822,"Jisa is going to take a doctor. She has been sick with her mother's hospital and she will be the nurse,"
13717169,"Lylie is going to get a new girl. She will take her girlfriend and but she didn't know it,"
13682597,Eake is sick.
13729534,Mara is going to buy a new birthday.
13727579,Mma is going to buy a new job.
13681972,Marth is going to see a hospital.
13682397,"Laura is going to meet a new weekend. She will be ready up with the last night tonight tomorrow at Friday,"
13681605,Laura will meet a party tonight.
13730987,Sisa is going to meet the party.
13810073,Mike is going to get a new job.
13727934,Mary is going to call her phone.
13716072,Mia is going to get a airport.
13863131,"Lisa is going to get a exam. She will meet the school for his teacher,"
13820610-1,Lylie is going to see the cinema.
13681241,Jan is going to see the train.
13730001,Emily is going to take the bus.
13681603,Molly is going to get a new job.
13681503,Sisa is going to buy a new song.
13829636,"Mara is going to buy a big job. She will bring her mother's house,"
13820577,Lylie is going to see a picture.
13821443,The doctor is going to be a new country.
13814648,Sam is going to meet the test.
13682447,Mancy is going to get school.
13716170,"Laura is going to go home. She will be a party with her mother's house,"
13819822,Sam is going to meet a new party.
13681714,"Sam is going to see a lot of the first time. He was not be been in his father's family, but he will make him for her parents and Tom has seen it as she didn't know that they have talk about the same other other life."
13728433,Jenny is going to buy a new cake.
13820579,The door is going to meet the gym.
13682408,Sennie is going to get a new dog.
13727624,Saura wants to send her phone.
13731506,Theegan and Kate are going to the party.
13731254,Laura is going to meet the gym.
13728818,Linda is going to buy a new birthday.
13817335,Sisa is going to buy a wedding.
13862283,"John is going to get a party, but he didn't take the game."
13828550,Mike is going to watch the movie of his friend. He
13829902,Lara is going to buy a shopping for the shop.
13828281,The boss is going to the office.
13681989,Joie is going to play a game.
13819472,Jaren is going to go for the concert.
13811792,John will meet the gym.
13813083,Kan is going to see his new place.
13862593,Tim is going to watch the movie.
13611749,Alex is going to buy a shop.
13728321-1,Jan is going to meet her friend.
13731258,Peter wants to buy a photo.
13814886,"Emie is going to go home with the party. She will meet her friends, They'll get a new night and"
13681871,Lily is going to see the gym.
13682100,"Srist is going to get a new job, but he didn't see the test."
13681102,"Laura is going to see a new girl. She didn't meet her girlfriend and but she's relationship with the picture,"
13729197,Kara is going to go a new job.
13680968,"Anna is going to meet a party. She will be busy for the first time of her job, but she's meeting with his appointment and Anna has have stay up on Friday."
13680767,Tancy is going to meet a party.
13827932,Alex has a new email.
13730560,Oake is going to meet the bar minutes.
13682578,Adam is going to meet the new date.
13682475,Laura has a picture of the photo.
13680955,"Mina is going to buy a new place. She will meet her mother and but she'll get some lot of the restaurant with his house,"
13729118,Rophan is going to see the video.
13730685,Sam is going to see a new room.
13728122,Kate is going to go home.
13716405,John will meet the meeting with a party.
13681171,Lisa is going to get a new job.
13682188,Tom is going to talk for the cinema.
13817819,Emy is going to see a new friend.
13819721,"Laura is going to get a new place. She will bring her mother's house,"
13730570,Mry is going to buy a party.
13828334,"Dilly is going to get a new weekend. She will be busy home in the park and but she'll meet it's house,"
13864673,The son is going to play the game.
13730771,"John is going to buy a new game. He will meet him up with the party for his friend, but he didn't go out of her friends and"
13728528,Sam is going to drink with the party.
13680873,The flight is going to the airport.
13810096,Rren is going to buy a new dress.
13730077,John will meet the car.
13828328,Aaura is going to send a picture.
13730593,Jerry is going to the airport.
13611413,Jack will meet the movie tonight.
13728290,"Mia is going to get a new job. She will meet her mother's first time of the party, but she'll be not take an few weeks with her daughter and so he has have come out in the second week for the next month."
13727811,Anna is going to get a test.
13862791,Jerry is going to buy a game of the new game.
13611616,Soph has a party of his wedding.
13821034,Kate and Kate are going to meet the gym.
13862536,John is going to meet a meeting at the party.
13828451,"Tom is going to get a new school. She will meet her mother's car, but she'll come up the doctor and so he can be busy in the office for work at 5 weeks."
13717358,Jan is going to see the concert.
13828297,Laura is going to buy a new wedding.
13717250,Kevin is going to meet the pub.
13828274,"Tancy is going to get a party for the new birthday. She will bring her mother's house, but she won't meet it was busy at the car and so he'll take some few weeks of their place with his parents."
13716518,Laura is going to visit her phone.
13728954,Adam is going to get a party.
13680247,Lenny will call the car.
13865102,Lina is going to see the cinema.
13864950,Rliv is going to watch the movie.
13729704,Jan is going to the school.
13865120,"John is going to go in the airport, He was been a beach."
13681594,Marth is going to watch the party.
13611426,Jack is going to go out with the party.
13730553,Larth is going to see his house.
13865144,Kate is going to the new group of a party.
13819831,Sren will come to pick the park.
13729409,"Jerry is going to get a party in the gym. He will meet him with his job, but he was not go out of school for her parents's house and so she'll come back at work on their first night."
13682461-1,"John is going to buy a new apartment. He will meet the garage and Tom's house in his car, but he can be ready up with their place of the room at 5 hours."
13611836,Mia is going to see the cinema.
13829607,Milly is going to buy a new movie.
13728118,Mike is going to get a guy.
13863014,"Sill has a new computer of the file. He will send it is going to buy his phone, but he doesn't find him with her laptop and"
13828110,Laura is going to buy a new job.
13680401,Lophie is going to make her mother.
13731424,John will meet a party with his house.
13729106-1,Nenny is going to work.
13863084,"Jerry is going to buy a new job. He will get the game for his guy,"
13830127,Emia is going to buy a new computer. She
13681429,Tom is going to buy a birthday.
13681520,Jane is going to buy the car.
13731240,Larth is going to see a new job.
13829372,"Aaura is going to buy a new car. She will get the shop for her phone and but she's place it was looking in his house,"
13729918,Eancy is going to go home at the gym.
13716782,Emia is going to see the gym.
13728821,"Srem is going to buy a new job. She will be busy for the business of work, but she has have get some few weeks with her office."
13829842,Tom and Tom are going to play the game of a party.
13821023,Tom is going to meet the meeting tomorrow.
13730896,"The doctor is going to get a party. He will be sick with the last week and but he was busy time of the hospital,"
13820473,Loph is going to see a movie.
13829374,Mma is going to the wedding.
13681619,Tom is going to play a game.
13611491,Tom is going to meet the office.
13810230,Tom will buy a pizza.
13729996,James is going to be a country of the city.
13815087,Sam is going to go home for the school.
13612019,"Mia is going to go to the party. She will meet her mother's house with a lot of their family and but she'll be coming home for his parents, They can come back at Friday."
13731495,Laura is going to see the cinema.
13821847,John is going to get a party.
13829367,Loph is going to buy a new car.
13828762,"Laura is going to get a party. She will meet her mother's mom and but she'll call the same time with his parents,"
13817550,"Linda is going to take a new job. She will be busy for the same time of work, but she doesn't meet it's room and"
13729140,Amy friend is going to meet his phone.
13829783,"Senny is going to work for the job. She will be busy in a lot of her office, but she didn't know it's new week."
13716595,Jess is going to get a new wedding.
13863098,SKina will meet a meeting at the gym.
13819045,"Peter is going to buy a new Newththth. They will be go to get the movie at 5 minutes,"
13819958,There is going to buy a restaurant.
13611946,"Laura is going to buy a movie tonight. She will go to see the cinema for her place with his restaurant and but she'll meet it's house,"
13865481,Tom is going to get a party in the car.
13728157,Drew is going to buy a new computer.
13828502,Jake is going to meet a new date.
13681191,John will be sick for the doctor.
13682380,"Mia is going to buy the restaurant. She will meet her mother's place in a lot of his house and but she'll be busy at the fridge,"
13813401,Jathan will send his job.
13611734,Jack and Jack will meet the gym.
13727920,"Srist is going to buy a flight for the airport. He will be an plane, but he didn't take his car in the same time of the bus and so she'll send him up at 5 hours."
13864476,Laura is going to the flight.
13731446,Sath is going to play the gym.
13717307,Lolly is going to buy a new movie.
13864836,Mary is going to buy a new dress.
13681870,Miley is going to go home.
13817081,"Nina is going to meet a new place. She will be ready up at the train in work with her job, but she'll come back home and"
13681521,Mma is going to see the new song.
13731261,"Cylie is going to get a new girl. She will meet her girlfriend and but she was not see the same week,"
13727739,John is going to pay the new week.
13728825,Mia is going to see the cinema.
13730473,Laura is going to call her phone.
13814020,"John is going to play a band of the game. He will be playing it's new song, but he didn't go to join him on his music with her party and so she can talk for the same time that they'll meet them at 3 hours."
13829508,Tom and Tom will go to meet the school.
13809978,Tarth is going to buy a bar.
13829183,There is going to see a new wedding.
13828929,"Lerry is going to visit a new birthday. She's wedding and but she was been gone for the same year,"
13727581,Sira is going to play the game.
13728981,"Marth is going to get a new job. He will be busy for the business of work, but he has been done it's boss and so she can do have an few week."
13863081,Maren is going to get a party with her mother's house.
13821497,Mike and Tom are going to meet the exam.
13810494,"Anna is going to take a new place. She will bring her mother's house in the fridge and Anna has be sick,"
13728942,Soe is going to buy his birthday.
13864860,Kate and Kate are going to the party.
13731138,"Laren is going to meet the party. She will be a new job, but he was been busy about their first time of work with her parents's house and she can come out for his wedding at the same day."
13727549,"Lenny is going to go home with the park. She will come up her mom's house, but she won't see it in a cat and"
13821299,Nenny is going to buy her house.
13829232,Paul is going to meet the office.
13827939,Mary is going to be a new job with the party.
13862717,Mike is going to the picture.
13729811,Mike is going to get a new hair.
13864470,Mary is going to buy a pizza.
13728767-1,"Karen is going to take the gym. She will be a new place with her car, but she's house and Tom has have come out of work in the room."
13730566,Matt has a new phone.
13715917,Jerry is going to meet the gym.
13864469,Karen is going to the new country.
13716120,The oldest is going to buy the airport.
13810877,"Tina is going to get a new job. She will meet her girlfriend and but she can be busy with the first time of work,"
13729618,Nenny will come to see her father's son.
13717117,Mark is going to go for the cinema.
13731166,The kitchen is going to make the room.
13682349,Marth is looking to buy the door.
13829456,"Aaura is going to meet the gym. She will join a new job, He's meeting with his teacher and but she'll be busy in school at work of her office."
13682321,"Kate is going to buy a new place. He will be been busy for the shop with his father's house, but he has have come out of their apartment and Tom wants to see him in the room."
13813019,Ean is going to see the new job.
13682062,"Aaura is going to visit the airport. She will meet a flight and but she'll be been busy in Friday,"
13811899,Darth is going to buy a new song.
13862364,"Mina is going to meet her girlfriend. She's meeting with a girl and she didn't know it,"
13814079,"Sophie is going to get a new hair. She's face of the doctor and but she will see her nose,"
13862650,Lily is going to see a picture.
13716625,John is going to get a game.
13819925,Lisa is going to buy her mother.
13716592,Laura is going to see a movie of the cinema.
13730597,Emia is going to get a picture.
13864432,Ann is going to see the new house.
13716726,Sisa is going to get a new school.
13730711,Dawn is going to the game.
13862372,Marth is going to buy a new guy.
13730521,Mark is going to get a party.
13680903,Dill is going to get a exam.
13864638,The daughter is going to buy her birthday.
13810193,Melie is going to meet a party birthday.
13864511,Karen is going to watch the movie movies.
13611729,Tell is going to get a new cat.
13680316,Mary is going to see a new birthday.
13728213,Peter is going to pick the park.
13731296,Kate will buy the supermarket.
13728117,"Laura is going to buy a new shop. She will get the store for her phone and but she'll call it,"
13864699,Mary is going to see the dress.
13810210,Kate is going to buy her mother's wedding.
13830046,Mina has a new office.
13730138,Marth is going to buy a bike.
13731177,Jathan is going to watch a new game of the video.
13728101,"Jerry is going to take a new job. He will be busy in the train, but he can't get an few weeks of work with his flight and so she's trip for the airport."
13810006,Mary is going to buy a new restaurant.
13730484,Maura is going to go home.
13682340,Mary is going to see her mom.
13809965,Mary is going to see the new place.
13731361,Rarl is going to get a party.
13682217,"Jan is going to read a new job. He will send him about the picture of his phone, but he was not talk it's book in her friend and"
13727573-1,"Lliv is going to meet a new weekend. She will be busy with the date and but she'll go out of her friend,"
13731055,Tom is going to meet the game.
13828119,The boss is going to take a pizza.
13863035,"Maura is going to visit the airport. He will meet a flight and She'll be busy for his trip at 10 hours,"
13729445,Laura is going to get a doctor.
13611880,Jry is going to get a car.
13828456,Marth is going to buy a new new store.
13681174,"Saura is going to the beach with a new weekend. She didn't see her sister's house and but she will meet it was been in the gym,"
13727810,"Lylie is going to go home. She will bring her mother's mom and she'll be a new family for the house with his parents,"
13814606,Jack will meet late late.
13716413,Emie is going to see a new girl.
13681516,Oia is going to get a new birthday.
13680521,Srewie is going to read the movie.
13731077,"Eaven is going to get a exam. He will be ready up for the school, but he'll meet him in his office and"
13716564,Theresa will go to the cinema at a party.
13727763,"Marth is going to get a new doctor. He will take the test of work, She has been sick and but he was not have seen it's doctors about an few days."
13862356,Paul is going to write the new website.
13727705,Mia is going to get a new job.
13829478,"Sisa is going to go for the party. She will meet her girlfriend and she'll get a lot of work with an new girl,"
13681362,Try is going to go up with the train.
13727716,The sister is looking to see the gym.
13864453,Lily is going to get a gym.
13730863,Peter is going to meet the party.
13821078,Senny is going to get a new job.
13681055,"Mary is going to buy a new birthday. She will meet the party for Christmas and They'll get some lot of their family, but she can be been gone with her parents's house."
13865057,Mia is going to get a new job.
13862663,Pan is going to get a picture.
13819324,Rena is going to the exam.
13809894,John is going to the hospital.
13717011,"Kerry and Tom are going to go to meet the beach. They will stay in a trip for 5 pm,"
13811786,"Mry is going to buy a new job. He will get the project of his company, but he was busy for it's car and Tom has have be an few week."
13680782,Sarth is going to make the shower.
13819440,Jerry is going to meet a party.
13729761,Laura is going to meet a party for the birthday.
13828346,Rarth is going to get a new cat.
13717034,Marth is going to meet the party party.
13811563-1,Sara is going to buy a new place.
13819343,Nenny is going to meet her friend.
13829066,Laura is going to meet the meeting with a party.
13716506,Tom is going to get a guy.
13611791,Emma is going to meet her birthday.
13729306,Jake is going to get a new school.
13680305,Mary is going to take a doctor.
13862438,Lill is going to get a gym.
13818744,"Mma is going to go to the party with a new birthday. She's wedding and but she will meet her family, They'll be been gone out of Christmas for his parents are coming back in the same weekend."
13728397,Joie and
13810165,Mia will buy a new new wedding.
13829523,"Larth is going to see a new girl. She will be busy with her mother's cat and but she doesn't know it in the same time of his friend because he wants to take him,"
13865093,John and John are going to get a game.
13729313,There is going to meet the meeting tomorrow.
13863052,Jack is going to meet a job.
13731481,Jan is going to get a new wedding.
13820639,John is going to buy a new car.
13829254,Lry is going to see the gym.
13829695,Denny is going to read the library.
13862900,Sam is going to see a picture.
13681891,Laren is going to see her daughter.
13680391,Kenny will meet a party tonight.
13611832,Sam is going to meet him.
13716404,Lake is going to see a picture.
13864430,"The doctor is going to take a diet. She didn't get the food, but she will be been sick with her mother and because he can have an few days of my stomach for the same time."
13865430,Oia is going to see the exam.
13731338,Rrew is going to get a fire.
13865445,Laura is going to the airport.
13611508,Marth will buy a picture of the new gift.
13730310,Linda is going to buy a new birthday.
13680539,Tom is going to meet the concert.
13865367,Laura is going to meet the airport.
13681441,"Emia is going to get a doctor. She will be been sick for the hospital and she was busy in her job of school,"
13809941,Laura is going to buy a dress clothes.
13728877,The car is going to the airport.
13729234,Matt is going to be waiting.
13612216,Tim is going to meet a meeting with the party.
13716653,Jim is going to be a movie.
13865170,Kate is going to be busy job.
13715861,Aaura is going to get a airport for the flight.
13829438,"Risa is going to the hospital. She was a doctor and she didn't call her car,"
13810151,"Lachel is going to meet a new wedding. She has been busy with her girlfriend and but she was gone in the party,"
13821357,Luke is going to get a beach.
13611902-1,John is going to get a game.
13820989,Mren is going to the gym.
13717193,Misa is sending a picture of the movie.
13829115,Tophie is going to see a movie of the cinema.
13818810,Maren is going to watch the movie.
